[2026-06-05T09:20:18.086+0000] {manager.py:483} INFO - Processing files using up to 2 processes at a time 
[2026-06-05T09:20:18.087+0000] {manager.py:484} INFO - Process each file at most once every 30 seconds
[2026-06-05T09:20:18.088+0000] {manager.py:485} INFO - Checking for new files in /opt/airflow/dags every 300 seconds
[2026-06-05T09:20:18.089+0000] {manager.py:821} INFO - Searching for files in /opt/airflow/dags
[2026-06-05T09:20:18.102+0000] {manager.py:824} INFO - There are 1 files in /opt/airflow/dags
[2026-06-05T09:20:18.156+0000] {manager.py:997} INFO - 
================================================================================
DAG File Processing Stats

File Path                   PID  Runtime      # DAGs    # Errors  Last Runtime    Last Run      Last # of DB Queries
------------------------  -----  ---------  --------  ----------  --------------  ----------  ----------------------
/opt/airflow/dags/dag.py    199  0.02s             0           0                                                   0
================================================================================
[2026-06-05T09:20:48.314+0000] {manager.py:997} INFO - 
================================================================================
DAG File Processing Stats

File Path                 PID    Runtime      # DAGs    # Errors  Last Runtime    Last Run               Last # of DB Queries
------------------------  -----  ---------  --------  ----------  --------------  -------------------  ----------------------
/opt/airflow/dags/dag.py                           1           0  0.23s           2026-06-05T09:20:18                      43
================================================================================
[2026-06-05T09:21:18.698+0000] {manager.py:997} INFO - 
================================================================================
DAG File Processing Stats

File Path                   PID  Runtime      # DAGs    # Errors  Last Runtime    Last Run               Last # of DB Queries
------------------------  -----  ---------  --------  ----------  --------------  -------------------  ----------------------
/opt/airflow/dags/dag.py    209  0.00s             1           0  0.08s           2026-06-05T09:20:48                      10
================================================================================
[2026-06-05T09:21:48.913+0000] {manager.py:997} INFO - 
================================================================================
DAG File Processing Stats

File Path                   PID  Runtime      # DAGs    # Errors  Last Runtime    Last Run               Last # of DB Queries
------------------------  -----  ---------  --------  ----------  --------------  -------------------  ----------------------
/opt/airflow/dags/dag.py    217  0.00s             1           0  0.09s           2026-06-05T09:21:18                      10
================================================================================
[2026-06-05T09:22:19.100+0000] {manager.py:997} INFO - 
================================================================================
DAG File Processing Stats

File Path                   PID  Runtime      # DAGs    # Errors  Last Runtime    Last Run               Last # of DB Queries
------------------------  -----  ---------  --------  ----------  --------------  -------------------  ----------------------
/opt/airflow/dags/dag.py    222  0.00s             1           0  0.08s           2026-06-05T09:21:48                      10
================================================================================
[2026-06-05T09:22:49.310+0000] {manager.py:997} INFO - 
================================================================================
DAG File Processing Stats

File Path                   PID  Runtime      # DAGs    # Errors  Last Runtime    Last Run               Last # of DB Queries
------------------------  -----  ---------  --------  ----------  --------------  -------------------  ----------------------
/opt/airflow/dags/dag.py    227  0.00s             1           0  0.08s           2026-06-05T09:22:19                      10
================================================================================
[2026-06-05T09:23:19.505+0000] {manager.py:997} INFO - 
================================================================================
DAG File Processing Stats

File Path                   PID  Runtime      # DAGs    # Errors  Last Runtime    Last Run               Last # of DB Queries
------------------------  -----  ---------  --------  ----------  --------------  -------------------  ----------------------
/opt/airflow/dags/dag.py    232  0.00s             1           0  0.08s           2026-06-05T09:22:49                      10
================================================================================
[2026-06-05T09:23:49.699+0000] {manager.py:997} INFO - 
================================================================================
DAG File Processing Stats

File Path                   PID  Runtime      # DAGs    # Errors  Last Runtime    Last Run               Last # of DB Queries
------------------------  -----  ---------  --------  ----------  --------------  -------------------  ----------------------
/opt/airflow/dags/dag.py    237  0.00s             1           0  0.08s           2026-06-05T09:23:19                      10
================================================================================
[2026-06-05T09:24:19.888+0000] {manager.py:997} INFO - 
================================================================================
DAG File Processing Stats

File Path                   PID  Runtime      # DAGs    # Errors  Last Runtime    Last Run               Last # of DB Queries
------------------------  -----  ---------  --------  ----------  --------------  -------------------  ----------------------
/opt/airflow/dags/dag.py    242  0.00s             1           0  0.08s           2026-06-05T09:23:49                      10
================================================================================
[2026-06-05T09:24:50.103+0000] {manager.py:997} INFO - 
================================================================================
DAG File Processing Stats

File Path                   PID  Runtime      # DAGs    # Errors  Last Runtime    Last Run               Last # of DB Queries
------------------------  -----  ---------  --------  ----------  --------------  -------------------  ----------------------
/opt/airflow/dags/dag.py    247  0.00s             1           0  0.08s           2026-06-05T09:24:19                      10
================================================================================
[2026-06-05T09:25:18.268+0000] {manager.py:821} INFO - Searching for files in /opt/airflow/dags
[2026-06-05T09:25:18.282+0000] {manager.py:824} INFO - There are 1 files in /opt/airflow/dags
[2026-06-05T09:25:20.308+0000] {manager.py:997} INFO - 
================================================================================
DAG File Processing Stats

File Path                   PID  Runtime      # DAGs    # Errors  Last Runtime    Last Run               Last # of DB Queries
------------------------  -----  ---------  --------  ----------  --------------  -------------------  ----------------------
/opt/airflow/dags/dag.py    252  0.00s             1           0  0.07s           2026-06-05T09:24:50                      10
================================================================================
[2026-06-05T09:25:50.499+0000] {manager.py:997} INFO - 
================================================================================
DAG File Processing Stats

File Path                   PID  Runtime      # DAGs    # Errors  Last Runtime    Last Run               Last # of DB Queries
------------------------  -----  ---------  --------  ----------  --------------  -------------------  ----------------------
/opt/airflow/dags/dag.py    257  0.00s             1           0  0.08s           2026-06-05T09:25:20                      10
================================================================================
[2026-06-05T09:26:20.700+0000] {manager.py:997} INFO - 
================================================================================
DAG File Processing Stats

File Path                   PID  Runtime      # DAGs    # Errors  Last Runtime    Last Run               Last # of DB Queries
------------------------  -----  ---------  --------  ----------  --------------  -------------------  ----------------------
/opt/airflow/dags/dag.py    262  0.00s             1           0  0.08s           2026-06-05T09:25:50                      10
================================================================================
[2026-06-05T09:26:49.206+0000] {manager.py:465} INFO - Exiting gracefully upon receiving signal 15
[2026-06-05T09:27:52.013+0000] {manager.py:483} INFO - Processing files using up to 2 processes at a time 
[2026-06-05T09:27:52.014+0000] {manager.py:484} INFO - Process each file at most once every 30 seconds
[2026-06-05T09:27:52.014+0000] {manager.py:485} INFO - Checking for new files in /opt/airflow/dags every 300 seconds
[2026-06-05T09:27:52.015+0000] {manager.py:821} INFO - Searching for files in /opt/airflow/dags
[2026-06-05T09:27:52.030+0000] {manager.py:824} INFO - There are 1 files in /opt/airflow/dags
[2026-06-05T09:27:52.081+0000] {manager.py:997} INFO - 
================================================================================
DAG File Processing Stats

File Path                   PID  Runtime      # DAGs    # Errors  Last Runtime    Last Run      Last # of DB Queries
------------------------  -----  ---------  --------  ----------  --------------  ----------  ----------------------
/opt/airflow/dags/dag.py    194  0.01s             0           0                                                   0
================================================================================
[2026-06-05T09:28:22.229+0000] {manager.py:997} INFO - 
================================================================================
DAG File Processing Stats

File Path                 PID    Runtime      # DAGs    # Errors  Last Runtime    Last Run               Last # of DB Queries
------------------------  -----  ---------  --------  ----------  --------------  -------------------  ----------------------
/opt/airflow/dags/dag.py                           1           0  0.22s           2026-06-05T09:27:52                      43
================================================================================
[2026-06-05T09:28:52.589+0000] {manager.py:997} INFO - 
================================================================================
DAG File Processing Stats

File Path                   PID  Runtime      # DAGs    # Errors  Last Runtime    Last Run               Last # of DB Queries
------------------------  -----  ---------  --------  ----------  --------------  -------------------  ----------------------
/opt/airflow/dags/dag.py    207  0.00s             1           0  0.08s           2026-06-05T09:28:22                      10
================================================================================
[2026-06-05T09:29:22.786+0000] {manager.py:997} INFO - 
================================================================================
DAG File Processing Stats

File Path                   PID  Runtime      # DAGs    # Errors  Last Runtime    Last Run               Last # of DB Queries
------------------------  -----  ---------  --------  ----------  --------------  -------------------  ----------------------
/opt/airflow/dags/dag.py    212  0.00s             1           0  0.07s           2026-06-05T09:28:52                      10
================================================================================
[2026-06-05T09:29:52.971+0000] {manager.py:997} INFO - 
================================================================================
DAG File Processing Stats

File Path                   PID  Runtime      # DAGs    # Errors  Last Runtime    Last Run               Last # of DB Queries
------------------------  -----  ---------  --------  ----------  --------------  -------------------  ----------------------
/opt/airflow/dags/dag.py    217  0.00s             1           0  0.08s           2026-06-05T09:29:22                      10
================================================================================
[2026-06-05T09:30:23.179+0000] {manager.py:997} INFO - 
================================================================================
DAG File Processing Stats

File Path                   PID  Runtime      # DAGs    # Errors  Last Runtime    Last Run               Last # of DB Queries
------------------------  -----  ---------  --------  ----------  --------------  -------------------  ----------------------
/opt/airflow/dags/dag.py    222  0.00s             1           0  0.08s           2026-06-05T09:29:53                      10
================================================================================
[2026-06-05T09:30:53.365+0000] {manager.py:997} INFO - 
================================================================================
DAG File Processing Stats

File Path                   PID  Runtime      # DAGs    # Errors  Last Runtime    Last Run               Last # of DB Queries
------------------------  -----  ---------  --------  ----------  --------------  -------------------  ----------------------
/opt/airflow/dags/dag.py    227  0.00s             1           0  0.08s           2026-06-05T09:30:23                      10
================================================================================
[2026-06-05T09:31:23.584+0000] {manager.py:997} INFO - 
================================================================================
DAG File Processing Stats

File Path                   PID  Runtime      # DAGs    # Errors  Last Runtime    Last Run               Last # of DB Queries
------------------------  -----  ---------  --------  ----------  --------------  -------------------  ----------------------
/opt/airflow/dags/dag.py    232  0.00s             1           0  0.10s           2026-06-05T09:30:53                      10
================================================================================
[2026-06-05T09:31:53.771+0000] {manager.py:997} INFO - 
================================================================================
DAG File Processing Stats

File Path                   PID  Runtime      # DAGs    # Errors  Last Runtime    Last Run               Last # of DB Queries
------------------------  -----  ---------  --------  ----------  --------------  -------------------  ----------------------
/opt/airflow/dags/dag.py    237  0.00s             1           0  0.08s           2026-06-05T09:31:23                      10
================================================================================
[2026-06-05T09:32:23.991+0000] {manager.py:997} INFO - 
================================================================================
DAG File Processing Stats

File Path                   PID  Runtime      # DAGs    # Errors  Last Runtime    Last Run               Last # of DB Queries
------------------------  -----  ---------  --------  ----------  --------------  -------------------  ----------------------
/opt/airflow/dags/dag.py    242  0.00s             1           0  0.07s           2026-06-05T09:31:53                      10
================================================================================
[2026-06-05T09:32:52.208+0000] {manager.py:821} INFO - Searching for files in /opt/airflow/dags
[2026-06-05T09:32:52.228+0000] {manager.py:824} INFO - There are 1 files in /opt/airflow/dags
[2026-06-05T09:32:54.248+0000] {manager.py:997} INFO - 
================================================================================
DAG File Processing Stats

File Path                 PID    Runtime      # DAGs    # Errors  Last Runtime    Last Run               Last # of DB Queries
------------------------  -----  ---------  --------  ----------  --------------  -------------------  ----------------------
/opt/airflow/dags/dag.py                           1           0  0.09s           2026-06-05T09:32:42                      10
================================================================================
[2026-06-05T09:33:24.449+0000] {manager.py:997} INFO - 
================================================================================
DAG File Processing Stats

File Path                 PID    Runtime      # DAGs    # Errors  Last Runtime    Last Run               Last # of DB Queries
------------------------  -----  ---------  --------  ----------  --------------  -------------------  ----------------------
/opt/airflow/dags/dag.py                           1           0  0.07s           2026-06-05T09:33:12                      10
================================================================================
[2026-06-05T09:33:54.664+0000] {manager.py:997} INFO - 
================================================================================
DAG File Processing Stats

File Path                 PID    Runtime      # DAGs    # Errors  Last Runtime    Last Run               Last # of DB Queries
------------------------  -----  ---------  --------  ----------  --------------  -------------------  ----------------------
/opt/airflow/dags/dag.py                           1           0  0.10s           2026-06-05T09:33:28                      10
================================================================================
[2026-06-05T09:34:24.837+0000] {manager.py:997} INFO - 
================================================================================
DAG File Processing Stats

File Path                 PID    Runtime      # DAGs    # Errors  Last Runtime    Last Run               Last # of DB Queries
------------------------  -----  ---------  --------  ----------  --------------  -------------------  ----------------------
/opt/airflow/dags/dag.py                           1           0  0.07s           2026-06-05T09:33:58                      10
================================================================================
[2026-06-05T09:34:55.008+0000] {manager.py:997} INFO - 
================================================================================
DAG File Processing Stats

File Path                 PID    Runtime      # DAGs    # Errors  Last Runtime    Last Run               Last # of DB Queries
------------------------  -----  ---------  --------  ----------  --------------  -------------------  ----------------------
/opt/airflow/dags/dag.py                           1           0  0.08s           2026-06-05T09:34:28                      10
================================================================================
[2026-06-05T09:35:25.206+0000] {manager.py:997} INFO - 
================================================================================
DAG File Processing Stats

File Path                 PID    Runtime      # DAGs    # Errors  Last Runtime    Last Run               Last # of DB Queries
------------------------  -----  ---------  --------  ----------  --------------  -------------------  ----------------------
/opt/airflow/dags/dag.py                           1           0  0.08s           2026-06-05T09:34:59                      10
================================================================================
[2026-06-05T09:35:55.388+0000] {manager.py:997} INFO - 
================================================================================
DAG File Processing Stats

File Path                 PID    Runtime      # DAGs    # Errors  Last Runtime    Last Run               Last # of DB Queries
------------------------  -----  ---------  --------  ----------  --------------  -------------------  ----------------------
/opt/airflow/dags/dag.py                           1           0  0.08s           2026-06-05T09:35:29                      10
================================================================================
[2026-06-05T09:36:25.615+0000] {manager.py:997} INFO - 
================================================================================
DAG File Processing Stats

File Path                 PID    Runtime      # DAGs    # Errors  Last Runtime    Last Run               Last # of DB Queries
------------------------  -----  ---------  --------  ----------  --------------  -------------------  ----------------------
/opt/airflow/dags/dag.py                           1           0  0.08s           2026-06-05T09:35:59                      10
================================================================================
[2026-06-05T09:36:55.811+0000] {manager.py:997} INFO - 
================================================================================
DAG File Processing Stats

File Path                 PID    Runtime      # DAGs    # Errors  Last Runtime    Last Run               Last # of DB Queries
------------------------  -----  ---------  --------  ----------  --------------  -------------------  ----------------------
/opt/airflow/dags/dag.py                           1           0  0.08s           2026-06-05T09:36:29                      10
================================================================================
[2026-06-05T09:37:26.007+0000] {manager.py:997} INFO - 
================================================================================
DAG File Processing Stats

File Path                 PID    Runtime      # DAGs    # Errors  Last Runtime    Last Run               Last # of DB Queries
------------------------  -----  ---------  --------  ----------  --------------  -------------------  ----------------------
/opt/airflow/dags/dag.py                           1           0  0.08s           2026-06-05T09:36:59                      10
================================================================================
[2026-06-05T09:37:52.212+0000] {manager.py:821} INFO - Searching for files in /opt/airflow/dags
[2026-06-05T09:37:52.228+0000] {manager.py:824} INFO - There are 1 files in /opt/airflow/dags
[2026-06-05T09:37:56.191+0000] {manager.py:997} INFO - 
================================================================================
DAG File Processing Stats

File Path                 PID    Runtime      # DAGs    # Errors  Last Runtime    Last Run               Last # of DB Queries
------------------------  -----  ---------  --------  ----------  --------------  -------------------  ----------------------
/opt/airflow/dags/dag.py                           1           0  0.08s           2026-06-05T09:37:30                      10
================================================================================
[2026-06-05T09:38:26.426+0000] {manager.py:997} INFO - 
================================================================================
DAG File Processing Stats

File Path                 PID    Runtime      # DAGs    # Errors  Last Runtime    Last Run               Last # of DB Queries
------------------------  -----  ---------  --------  ----------  --------------  -------------------  ----------------------
/opt/airflow/dags/dag.py                           1           0  0.09s           2026-06-05T09:38:00                      10
================================================================================
[2026-06-05T09:38:56.621+0000] {manager.py:997} INFO - 
================================================================================
DAG File Processing Stats

File Path                 PID    Runtime      # DAGs    # Errors  Last Runtime    Last Run               Last # of DB Queries
------------------------  -----  ---------  --------  ----------  --------------  -------------------  ----------------------
/opt/airflow/dags/dag.py                           1           0  0.08s           2026-06-05T09:38:30                      10
================================================================================
[2026-06-05T09:39:26.832+0000] {manager.py:997} INFO - 
================================================================================
DAG File Processing Stats

File Path                 PID    Runtime      # DAGs    # Errors  Last Runtime    Last Run               Last # of DB Queries
------------------------  -----  ---------  --------  ----------  --------------  -------------------  ----------------------
/opt/airflow/dags/dag.py                           1           0  0.08s           2026-06-05T09:39:00                      10
================================================================================
[2026-06-05T09:39:57.015+0000] {manager.py:997} INFO - 
================================================================================
DAG File Processing Stats

File Path                 PID    Runtime      # DAGs    # Errors  Last Runtime    Last Run               Last # of DB Queries
------------------------  -----  ---------  --------  ----------  --------------  -------------------  ----------------------
/opt/airflow/dags/dag.py                           1           0  0.07s           2026-06-05T09:39:30                      10
================================================================================
[2026-06-05T09:40:27.197+0000] {manager.py:997} INFO - 
================================================================================
DAG File Processing Stats

File Path                 PID    Runtime      # DAGs    # Errors  Last Runtime    Last Run               Last # of DB Queries
------------------------  -----  ---------  --------  ----------  --------------  -------------------  ----------------------
/opt/airflow/dags/dag.py                           1           0  0.07s           2026-06-05T09:40:01                      10
================================================================================
[2026-06-05T09:40:57.397+0000] {manager.py:997} INFO - 
================================================================================
DAG File Processing Stats

File Path                 PID    Runtime      # DAGs    # Errors  Last Runtime    Last Run               Last # of DB Queries
------------------------  -----  ---------  --------  ----------  --------------  -------------------  ----------------------
/opt/airflow/dags/dag.py                           1           0  0.07s           2026-06-05T09:40:31                      10
================================================================================
[2026-06-05T09:41:27.589+0000] {manager.py:997} INFO - 
================================================================================
DAG File Processing Stats

File Path                 PID    Runtime      # DAGs    # Errors  Last Runtime    Last Run               Last # of DB Queries
------------------------  -----  ---------  --------  ----------  --------------  -------------------  ----------------------
/opt/airflow/dags/dag.py                           1           0  0.08s           2026-06-05T09:41:01                      10
================================================================================
[2026-06-05T09:41:57.811+0000] {manager.py:997} INFO - 
================================================================================
DAG File Processing Stats

File Path                 PID    Runtime      # DAGs    # Errors  Last Runtime    Last Run               Last # of DB Queries
------------------------  -----  ---------  --------  ----------  --------------  -------------------  ----------------------
/opt/airflow/dags/dag.py                           1           0  0.08s           2026-06-05T09:41:31                      10
================================================================================
[2026-06-05T09:42:28.005+0000] {manager.py:997} INFO - 
================================================================================
DAG File Processing Stats

File Path                 PID    Runtime      # DAGs    # Errors  Last Runtime    Last Run               Last # of DB Queries
------------------------  -----  ---------  --------  ----------  --------------  -------------------  ----------------------
/opt/airflow/dags/dag.py                           1           0  0.08s           2026-06-05T09:42:01                      10
================================================================================
[2026-06-05T09:42:53.184+0000] {manager.py:821} INFO - Searching for files in /opt/airflow/dags
[2026-06-05T09:42:53.201+0000] {manager.py:824} INFO - There are 1 files in /opt/airflow/dags
[2026-06-05T09:42:58.240+0000] {manager.py:997} INFO - 
================================================================================
DAG File Processing Stats

File Path                 PID    Runtime      # DAGs    # Errors  Last Runtime    Last Run               Last # of DB Queries
------------------------  -----  ---------  --------  ----------  --------------  -------------------  ----------------------
/opt/airflow/dags/dag.py                           1           0  0.09s           2026-06-05T09:42:32                      10
================================================================================
[2026-06-05T09:43:28.426+0000] {manager.py:997} INFO - 
================================================================================
DAG File Processing Stats

File Path                 PID    Runtime      # DAGs    # Errors  Last Runtime    Last Run               Last # of DB Queries
------------------------  -----  ---------  --------  ----------  --------------  -------------------  ----------------------
/opt/airflow/dags/dag.py                           1           0  0.08s           2026-06-05T09:43:02                      10
================================================================================
[2026-06-05T09:43:58.625+0000] {manager.py:997} INFO - 
================================================================================
DAG File Processing Stats

File Path                 PID    Runtime      # DAGs    # Errors  Last Runtime    Last Run               Last # of DB Queries
------------------------  -----  ---------  --------  ----------  --------------  -------------------  ----------------------
/opt/airflow/dags/dag.py                           1           0  0.07s           2026-06-05T09:43:32                      10
================================================================================
[2026-06-05T09:44:28.804+0000] {manager.py:997} INFO - 
================================================================================
DAG File Processing Stats

File Path                 PID    Runtime      # DAGs    # Errors  Last Runtime    Last Run               Last # of DB Queries
------------------------  -----  ---------  --------  ----------  --------------  -------------------  ----------------------
/opt/airflow/dags/dag.py                           1           0  0.08s           2026-06-05T09:44:02                      10
================================================================================
[2026-06-05T09:44:59.012+0000] {manager.py:997} INFO - 
================================================================================
DAG File Processing Stats

File Path                 PID    Runtime      # DAGs    # Errors  Last Runtime    Last Run               Last # of DB Queries
------------------------  -----  ---------  --------  ----------  --------------  -------------------  ----------------------
/opt/airflow/dags/dag.py                           1           0  0.07s           2026-06-05T09:44:32                      10
================================================================================
[2026-06-05T09:45:29.214+0000] {manager.py:997} INFO - 
================================================================================
DAG File Processing Stats

File Path                 PID    Runtime      # DAGs    # Errors  Last Runtime    Last Run               Last # of DB Queries
------------------------  -----  ---------  --------  ----------  --------------  -------------------  ----------------------
/opt/airflow/dags/dag.py                           1           0  0.07s           2026-06-05T09:45:03                      10
================================================================================
[2026-06-05T09:45:59.421+0000] {manager.py:997} INFO - 
================================================================================
DAG File Processing Stats

File Path                 PID    Runtime      # DAGs    # Errors  Last Runtime    Last Run               Last # of DB Queries
------------------------  -----  ---------  --------  ----------  --------------  -------------------  ----------------------
/opt/airflow/dags/dag.py                           1           0  0.08s           2026-06-05T09:45:33                      10
================================================================================
[2026-06-05T09:46:29.639+0000] {manager.py:997} INFO - 
================================================================================
DAG File Processing Stats

File Path                 PID    Runtime      # DAGs    # Errors  Last Runtime    Last Run               Last # of DB Queries
------------------------  -----  ---------  --------  ----------  --------------  -------------------  ----------------------
/opt/airflow/dags/dag.py                           1           0  0.08s           2026-06-05T09:46:03                      10
================================================================================
[2026-06-05T09:46:59.840+0000] {manager.py:997} INFO - 
================================================================================
DAG File Processing Stats

File Path                 PID    Runtime      # DAGs    # Errors  Last Runtime    Last Run               Last # of DB Queries
------------------------  -----  ---------  --------  ----------  --------------  -------------------  ----------------------
/opt/airflow/dags/dag.py                           1           0  0.07s           2026-06-05T09:46:33                      10
================================================================================
[2026-06-05T09:47:30.025+0000] {manager.py:997} INFO - 
================================================================================
DAG File Processing Stats

File Path                 PID    Runtime      # DAGs    # Errors  Last Runtime    Last Run               Last # of DB Queries
------------------------  -----  ---------  --------  ----------  --------------  -------------------  ----------------------
/opt/airflow/dags/dag.py                           1           0  0.08s           2026-06-05T09:47:03                      10
================================================================================
[2026-06-05T09:47:53.196+0000] {manager.py:821} INFO - Searching for files in /opt/airflow/dags
[2026-06-05T09:47:53.216+0000] {manager.py:824} INFO - There are 1 files in /opt/airflow/dags
[2026-06-05T09:48:00.273+0000] {manager.py:997} INFO - 
================================================================================
DAG File Processing Stats

File Path                 PID    Runtime      # DAGs    # Errors  Last Runtime    Last Run               Last # of DB Queries
------------------------  -----  ---------  --------  ----------  --------------  -------------------  ----------------------
/opt/airflow/dags/dag.py                           1           0  0.08s           2026-06-05T09:47:34                      10
================================================================================
[2026-06-05T09:48:30.470+0000] {manager.py:997} INFO - 
================================================================================
DAG File Processing Stats

File Path                 PID    Runtime      # DAGs    # Errors  Last Runtime    Last Run               Last # of DB Queries
------------------------  -----  ---------  --------  ----------  --------------  -------------------  ----------------------
/opt/airflow/dags/dag.py                           1           0  0.07s           2026-06-05T09:48:04                      10
================================================================================
[2026-06-05T09:49:00.687+0000] {manager.py:997} INFO - 
================================================================================
DAG File Processing Stats

File Path                 PID    Runtime      # DAGs    # Errors  Last Runtime    Last Run               Last # of DB Queries
------------------------  -----  ---------  --------  ----------  --------------  -------------------  ----------------------
/opt/airflow/dags/dag.py                           1           0  0.07s           2026-06-05T09:48:34                      10
================================================================================
[2026-06-05T09:49:30.864+0000] {manager.py:997} INFO - 
================================================================================
DAG File Processing Stats

File Path                 PID    Runtime      # DAGs    # Errors  Last Runtime    Last Run               Last # of DB Queries
------------------------  -----  ---------  --------  ----------  --------------  -------------------  ----------------------
/opt/airflow/dags/dag.py                           1           0  0.08s           2026-06-05T09:49:04                      10
================================================================================
[2026-06-05T09:50:01.087+0000] {manager.py:997} INFO - 
================================================================================
DAG File Processing Stats

File Path                 PID    Runtime      # DAGs    # Errors  Last Runtime    Last Run               Last # of DB Queries
------------------------  -----  ---------  --------  ----------  --------------  -------------------  ----------------------
/opt/airflow/dags/dag.py                           1           0  0.08s           2026-06-05T09:49:34                      10
================================================================================
[2026-06-05T09:50:31.278+0000] {manager.py:997} INFO - 
================================================================================
DAG File Processing Stats

File Path                 PID    Runtime      # DAGs    # Errors  Last Runtime    Last Run               Last # of DB Queries
------------------------  -----  ---------  --------  ----------  --------------  -------------------  ----------------------
/opt/airflow/dags/dag.py                           1           0  0.08s           2026-06-05T09:50:05                      10
================================================================================
[2026-06-05T09:51:01.479+0000] {manager.py:997} INFO - 
================================================================================
DAG File Processing Stats

File Path                 PID    Runtime      # DAGs    # Errors  Last Runtime    Last Run               Last # of DB Queries
------------------------  -----  ---------  --------  ----------  --------------  -------------------  ----------------------
/opt/airflow/dags/dag.py                           1           0  0.08s           2026-06-05T09:50:35                      10
================================================================================
[2026-06-05T09:51:31.671+0000] {manager.py:997} INFO - 
================================================================================
DAG File Processing Stats

File Path                 PID    Runtime      # DAGs    # Errors  Last Runtime    Last Run               Last # of DB Queries
------------------------  -----  ---------  --------  ----------  --------------  -------------------  ----------------------
/opt/airflow/dags/dag.py                           1           0  0.07s           2026-06-05T09:51:05                      10
================================================================================
[2026-06-05T09:52:01.862+0000] {manager.py:997} INFO - 
================================================================================
DAG File Processing Stats

File Path                 PID    Runtime      # DAGs    # Errors  Last Runtime    Last Run               Last # of DB Queries
------------------------  -----  ---------  --------  ----------  --------------  -------------------  ----------------------
/opt/airflow/dags/dag.py                           1           0  0.07s           2026-06-05T09:51:35                      10
================================================================================
[2026-06-05T09:52:32.046+0000] {manager.py:997} INFO - 
================================================================================
DAG File Processing Stats

File Path                 PID    Runtime      # DAGs    # Errors  Last Runtime    Last Run               Last # of DB Queries
------------------------  -----  ---------  --------  ----------  --------------  -------------------  ----------------------
/opt/airflow/dags/dag.py                           1           0  0.07s           2026-06-05T09:52:05                      10
================================================================================
[2026-06-05T09:52:53.221+0000] {manager.py:821} INFO - Searching for files in /opt/airflow/dags
[2026-06-05T09:52:53.233+0000] {manager.py:824} INFO - There are 1 files in /opt/airflow/dags
[2026-06-05T09:53:02.228+0000] {manager.py:997} INFO - 
================================================================================
DAG File Processing Stats

File Path                 PID    Runtime      # DAGs    # Errors  Last Runtime    Last Run               Last # of DB Queries
------------------------  -----  ---------  --------  ----------  --------------  -------------------  ----------------------
/opt/airflow/dags/dag.py                           1           0  0.08s           2026-06-05T09:52:36                      10
================================================================================
[2026-06-05T09:53:32.448+0000] {manager.py:997} INFO - 
================================================================================
DAG File Processing Stats

File Path                 PID    Runtime      # DAGs    # Errors  Last Runtime    Last Run               Last # of DB Queries
------------------------  -----  ---------  --------  ----------  --------------  -------------------  ----------------------
/opt/airflow/dags/dag.py                           1           0  0.08s           2026-06-05T09:53:06                      10
================================================================================
[2026-06-05T09:54:02.633+0000] {manager.py:997} INFO - 
================================================================================
DAG File Processing Stats

File Path                 PID    Runtime      # DAGs    # Errors  Last Runtime    Last Run               Last # of DB Queries
------------------------  -----  ---------  --------  ----------  --------------  -------------------  ----------------------
/opt/airflow/dags/dag.py                           1           0  0.07s           2026-06-05T09:53:36                      10
================================================================================
[2026-06-05T09:54:32.828+0000] {manager.py:997} INFO - 
================================================================================
DAG File Processing Stats

File Path                 PID    Runtime      # DAGs    # Errors  Last Runtime    Last Run               Last # of DB Queries
------------------------  -----  ---------  --------  ----------  --------------  -------------------  ----------------------
/opt/airflow/dags/dag.py                           1           0  0.08s           2026-06-05T09:54:06                      10
================================================================================
[2026-06-05T09:55:03.014+0000] {manager.py:997} INFO - 
================================================================================
DAG File Processing Stats

File Path                 PID    Runtime      # DAGs    # Errors  Last Runtime    Last Run               Last # of DB Queries
------------------------  -----  ---------  --------  ----------  --------------  -------------------  ----------------------
/opt/airflow/dags/dag.py                           1           0  0.09s           2026-06-05T09:54:36                      10
================================================================================
[2026-06-05T09:55:33.239+0000] {manager.py:997} INFO - 
================================================================================
DAG File Processing Stats

File Path                 PID    Runtime      # DAGs    # Errors  Last Runtime    Last Run               Last # of DB Queries
------------------------  -----  ---------  --------  ----------  --------------  -------------------  ----------------------
/opt/airflow/dags/dag.py                           1           0  0.07s           2026-06-05T09:55:07                      10
================================================================================
[2026-06-05T09:56:03.432+0000] {manager.py:997} INFO - 
================================================================================
DAG File Processing Stats

File Path                 PID    Runtime      # DAGs    # Errors  Last Runtime    Last Run               Last # of DB Queries
------------------------  -----  ---------  --------  ----------  --------------  -------------------  ----------------------
/opt/airflow/dags/dag.py                           1           0  0.08s           2026-06-05T09:55:37                      10
================================================================================
[2026-06-05T09:56:33.645+0000] {manager.py:997} INFO - 
================================================================================
DAG File Processing Stats

File Path                 PID    Runtime      # DAGs    # Errors  Last Runtime    Last Run               Last # of DB Queries
------------------------  -----  ---------  --------  ----------  --------------  -------------------  ----------------------
/opt/airflow/dags/dag.py                           1           0  0.08s           2026-06-05T09:56:07                      10
================================================================================
[2026-06-05T09:57:03.832+0000] {manager.py:997} INFO - 
================================================================================
DAG File Processing Stats

File Path                 PID    Runtime      # DAGs    # Errors  Last Runtime    Last Run               Last # of DB Queries
------------------------  -----  ---------  --------  ----------  --------------  -------------------  ----------------------
/opt/airflow/dags/dag.py                           1           0  0.08s           2026-06-05T09:56:37                      10
================================================================================
[2026-06-05T09:57:34.040+0000] {manager.py:997} INFO - 
================================================================================
DAG File Processing Stats

File Path                 PID    Runtime      # DAGs    # Errors  Last Runtime    Last Run               Last # of DB Queries
------------------------  -----  ---------  --------  ----------  --------------  -------------------  ----------------------
/opt/airflow/dags/dag.py                           1           0  0.08s           2026-06-05T09:57:07                      10
================================================================================
[2026-06-05T09:57:54.178+0000] {manager.py:821} INFO - Searching for files in /opt/airflow/dags
[2026-06-05T09:57:54.193+0000] {manager.py:824} INFO - There are 1 files in /opt/airflow/dags
[2026-06-05T09:58:04.258+0000] {manager.py:997} INFO - 
================================================================================
DAG File Processing Stats

File Path                 PID    Runtime      # DAGs    # Errors  Last Runtime    Last Run               Last # of DB Queries
------------------------  -----  ---------  --------  ----------  --------------  -------------------  ----------------------
/opt/airflow/dags/dag.py                           1           0  0.07s           2026-06-05T09:57:38                      10
================================================================================
[2026-06-05T09:58:34.449+0000] {manager.py:997} INFO - 
================================================================================
DAG File Processing Stats

File Path                 PID    Runtime      # DAGs    # Errors  Last Runtime    Last Run               Last # of DB Queries
------------------------  -----  ---------  --------  ----------  --------------  -------------------  ----------------------
/opt/airflow/dags/dag.py                           1           0  0.08s           2026-06-05T09:58:08                      10
================================================================================
[2026-06-05T09:59:04.652+0000] {manager.py:997} INFO - 
================================================================================
DAG File Processing Stats

File Path                 PID    Runtime      # DAGs    # Errors  Last Runtime    Last Run               Last # of DB Queries
------------------------  -----  ---------  --------  ----------  --------------  -------------------  ----------------------
/opt/airflow/dags/dag.py                           1           0  0.08s           2026-06-05T09:58:38                      10
================================================================================
[2026-06-05T09:59:34.846+0000] {manager.py:997} INFO - 
================================================================================
DAG File Processing Stats

File Path                 PID    Runtime      # DAGs    # Errors  Last Runtime    Last Run               Last # of DB Queries
------------------------  -----  ---------  --------  ----------  --------------  -------------------  ----------------------
/opt/airflow/dags/dag.py                           1           0  0.08s           2026-06-05T09:59:08                      10
================================================================================
[2026-06-05T10:00:05.048+0000] {manager.py:997} INFO - 
================================================================================
DAG File Processing Stats

File Path                 PID    Runtime      # DAGs    # Errors  Last Runtime    Last Run               Last # of DB Queries
------------------------  -----  ---------  --------  ----------  --------------  -------------------  ----------------------
/opt/airflow/dags/dag.py                           1           0  0.08s           2026-06-05T09:59:38                      10
================================================================================
[2026-06-05T10:00:35.236+0000] {manager.py:997} INFO - 
================================================================================
DAG File Processing Stats

File Path                 PID    Runtime      # DAGs    # Errors  Last Runtime    Last Run               Last # of DB Queries
------------------------  -----  ---------  --------  ----------  --------------  -------------------  ----------------------
/opt/airflow/dags/dag.py                           1           0  0.08s           2026-06-05T10:00:09                      10
================================================================================
[2026-06-05T10:01:05.430+0000] {manager.py:997} INFO - 
================================================================================
DAG File Processing Stats

File Path                 PID    Runtime      # DAGs    # Errors  Last Runtime    Last Run               Last # of DB Queries
------------------------  -----  ---------  --------  ----------  --------------  -------------------  ----------------------
/opt/airflow/dags/dag.py                           1           0  0.07s           2026-06-05T10:00:39                      10
================================================================================
[2026-06-05T10:01:35.613+0000] {manager.py:997} INFO - 
================================================================================
DAG File Processing Stats

File Path                 PID    Runtime      # DAGs    # Errors  Last Runtime    Last Run               Last # of DB Queries
------------------------  -----  ---------  --------  ----------  --------------  -------------------  ----------------------
/opt/airflow/dags/dag.py                           1           0  0.09s           2026-06-05T10:01:09                      10
================================================================================
[2026-06-05T10:02:05.833+0000] {manager.py:997} INFO - 
================================================================================
DAG File Processing Stats

File Path                 PID    Runtime      # DAGs    # Errors  Last Runtime    Last Run               Last # of DB Queries
------------------------  -----  ---------  --------  ----------  --------------  -------------------  ----------------------
/opt/airflow/dags/dag.py                           1           0  0.07s           2026-06-05T10:01:39                      10
================================================================================
[2026-06-05T10:02:36.028+0000] {manager.py:997} INFO - 
================================================================================
DAG File Processing Stats

File Path                 PID    Runtime      # DAGs    # Errors  Last Runtime    Last Run               Last # of DB Queries
------------------------  -----  ---------  --------  ----------  --------------  -------------------  ----------------------
/opt/airflow/dags/dag.py                           1           0  0.08s           2026-06-05T10:02:09                      10
================================================================================
[2026-06-05T10:02:54.208+0000] {manager.py:821} INFO - Searching for files in /opt/airflow/dags
[2026-06-05T10:02:54.223+0000] {manager.py:824} INFO - There are 1 files in /opt/airflow/dags
[2026-06-05T10:03:06.232+0000] {manager.py:997} INFO - 
================================================================================
DAG File Processing Stats

File Path                 PID    Runtime      # DAGs    # Errors  Last Runtime    Last Run               Last # of DB Queries
------------------------  -----  ---------  --------  ----------  --------------  -------------------  ----------------------
/opt/airflow/dags/dag.py                           1           0  0.08s           2026-06-05T10:02:40                      10
================================================================================
[2026-06-05T10:03:36.436+0000] {manager.py:997} INFO - 
================================================================================
DAG File Processing Stats

File Path                 PID    Runtime      # DAGs    # Errors  Last Runtime    Last Run               Last # of DB Queries
------------------------  -----  ---------  --------  ----------  --------------  -------------------  ----------------------
/opt/airflow/dags/dag.py                           1           0  0.08s           2026-06-05T10:03:10                      10
================================================================================
[2026-06-05T10:04:06.630+0000] {manager.py:997} INFO - 
================================================================================
DAG File Processing Stats

File Path                 PID    Runtime      # DAGs    # Errors  Last Runtime    Last Run               Last # of DB Queries
------------------------  -----  ---------  --------  ----------  --------------  -------------------  ----------------------
/opt/airflow/dags/dag.py                           1           0  0.07s           2026-06-05T10:03:40                      10
================================================================================
[2026-06-05T10:04:36.818+0000] {manager.py:997} INFO - 
================================================================================
DAG File Processing Stats

File Path                 PID    Runtime      # DAGs    # Errors  Last Runtime    Last Run               Last # of DB Queries
------------------------  -----  ---------  --------  ----------  --------------  -------------------  ----------------------
/opt/airflow/dags/dag.py                           1           0  0.07s           2026-06-05T10:04:10                      10
================================================================================
[2026-06-05T10:05:07.005+0000] {manager.py:997} INFO - 
================================================================================
DAG File Processing Stats

File Path                 PID    Runtime      # DAGs    # Errors  Last Runtime    Last Run               Last # of DB Queries
------------------------  -----  ---------  --------  ----------  --------------  -------------------  ----------------------
/opt/airflow/dags/dag.py                           1           0  0.08s           2026-06-05T10:04:40                      10
================================================================================
[2026-06-05T10:05:37.201+0000] {manager.py:997} INFO - 
================================================================================
DAG File Processing Stats

File Path                 PID    Runtime      # DAGs    # Errors  Last Runtime    Last Run               Last # of DB Queries
------------------------  -----  ---------  --------  ----------  --------------  -------------------  ----------------------
/opt/airflow/dags/dag.py                           1           0  0.08s           2026-06-05T10:05:11                      10
================================================================================
[2026-06-05T10:06:07.377+0000] {manager.py:997} INFO - 
================================================================================
DAG File Processing Stats

File Path                 PID    Runtime      # DAGs    # Errors  Last Runtime    Last Run               Last # of DB Queries
------------------------  -----  ---------  --------  ----------  --------------  -------------------  ----------------------
/opt/airflow/dags/dag.py                           1           0  0.08s           2026-06-05T10:05:41                      10
================================================================================
[2026-06-05T10:06:37.611+0000] {manager.py:997} INFO - 
================================================================================
DAG File Processing Stats

File Path                 PID    Runtime      # DAGs    # Errors  Last Runtime    Last Run               Last # of DB Queries
------------------------  -----  ---------  --------  ----------  --------------  -------------------  ----------------------
/opt/airflow/dags/dag.py                           1           0  0.07s           2026-06-05T10:06:11                      10
================================================================================
[2026-06-05T10:07:07.800+0000] {manager.py:997} INFO - 
================================================================================
DAG File Processing Stats

File Path                 PID    Runtime      # DAGs    # Errors  Last Runtime    Last Run               Last # of DB Queries
------------------------  -----  ---------  --------  ----------  --------------  -------------------  ----------------------
/opt/airflow/dags/dag.py                           1           0  0.07s           2026-06-05T10:06:41                      10
================================================================================
[2026-06-05T10:07:37.995+0000] {manager.py:997} INFO - 
================================================================================
DAG File Processing Stats

File Path                 PID    Runtime      # DAGs    # Errors  Last Runtime    Last Run               Last # of DB Queries
------------------------  -----  ---------  --------  ----------  --------------  -------------------  ----------------------
/opt/airflow/dags/dag.py                           1           0  0.08s           2026-06-05T10:07:11                      10
================================================================================
[2026-06-05T10:07:55.110+0000] {manager.py:821} INFO - Searching for files in /opt/airflow/dags
[2026-06-05T10:07:55.129+0000] {manager.py:824} INFO - There are 1 files in /opt/airflow/dags
[2026-06-05T10:08:08.203+0000] {manager.py:997} INFO - 
================================================================================
DAG File Processing Stats

File Path                 PID    Runtime      # DAGs    # Errors  Last Runtime    Last Run               Last # of DB Queries
------------------------  -----  ---------  --------  ----------  --------------  -------------------  ----------------------
/opt/airflow/dags/dag.py                           1           0  0.08s           2026-06-05T10:07:42                      10
================================================================================
[2026-06-05T10:08:38.392+0000] {manager.py:997} INFO - 
================================================================================
DAG File Processing Stats

File Path                 PID    Runtime      # DAGs    # Errors  Last Runtime    Last Run               Last # of DB Queries
------------------------  -----  ---------  --------  ----------  --------------  -------------------  ----------------------
/opt/airflow/dags/dag.py                           1           0  0.08s           2026-06-05T10:08:12                      10
================================================================================
[2026-06-05T10:09:08.629+0000] {manager.py:997} INFO - 
================================================================================
DAG File Processing Stats

File Path                 PID    Runtime      # DAGs    # Errors  Last Runtime    Last Run               Last # of DB Queries
------------------------  -----  ---------  --------  ----------  --------------  -------------------  ----------------------
/opt/airflow/dags/dag.py                           1           0  0.08s           2026-06-05T10:08:42                      10
================================================================================
[2026-06-05T10:09:38.830+0000] {manager.py:997} INFO - 
================================================================================
DAG File Processing Stats

File Path                 PID    Runtime      # DAGs    # Errors  Last Runtime    Last Run               Last # of DB Queries
------------------------  -----  ---------  --------  ----------  --------------  -------------------  ----------------------
/opt/airflow/dags/dag.py                           1           0  0.08s           2026-06-05T10:09:12                      10
================================================================================
[2026-06-05T10:10:09.048+0000] {manager.py:997} INFO - 
================================================================================
DAG File Processing Stats

File Path                 PID    Runtime      # DAGs    # Errors  Last Runtime    Last Run               Last # of DB Queries
------------------------  -----  ---------  --------  ----------  --------------  -------------------  ----------------------
/opt/airflow/dags/dag.py                           1           0  0.08s           2026-06-05T10:09:42                      10
================================================================================
[2026-06-05T10:10:39.233+0000] {manager.py:997} INFO - 
================================================================================
DAG File Processing Stats

File Path                 PID    Runtime      # DAGs    # Errors  Last Runtime    Last Run               Last # of DB Queries
------------------------  -----  ---------  --------  ----------  --------------  -------------------  ----------------------
/opt/airflow/dags/dag.py                           1           0  0.08s           2026-06-05T10:10:13                      10
================================================================================
[2026-06-05T10:11:09.444+0000] {manager.py:997} INFO - 
================================================================================
DAG File Processing Stats

File Path                 PID    Runtime      # DAGs    # Errors  Last Runtime    Last Run               Last # of DB Queries
------------------------  -----  ---------  --------  ----------  --------------  -------------------  ----------------------
/opt/airflow/dags/dag.py                           1           0  0.08s           2026-06-05T10:10:43                      10
================================================================================
[2026-06-05T10:11:39.639+0000] {manager.py:997} INFO - 
================================================================================
DAG File Processing Stats

File Path                 PID    Runtime      # DAGs    # Errors  Last Runtime    Last Run               Last # of DB Queries
------------------------  -----  ---------  --------  ----------  --------------  -------------------  ----------------------
/opt/airflow/dags/dag.py                           1           0  0.08s           2026-06-05T10:11:13                      10
================================================================================
[2026-06-05T10:12:09.860+0000] {manager.py:997} INFO - 
================================================================================
DAG File Processing Stats

File Path                 PID    Runtime      # DAGs    # Errors  Last Runtime    Last Run               Last # of DB Queries
------------------------  -----  ---------  --------  ----------  --------------  -------------------  ----------------------
/opt/airflow/dags/dag.py                           1           0  0.08s           2026-06-05T10:11:43                      10
================================================================================
[2026-06-05T10:12:40.053+0000] {manager.py:997} INFO - 
================================================================================
DAG File Processing Stats

File Path                 PID    Runtime      # DAGs    # Errors  Last Runtime    Last Run               Last # of DB Queries
------------------------  -----  ---------  --------  ----------  --------------  -------------------  ----------------------
/opt/airflow/dags/dag.py                           1           0  0.08s           2026-06-05T10:12:13                      10
================================================================================
[2026-06-05T10:12:55.172+0000] {manager.py:821} INFO - Searching for files in /opt/airflow/dags
[2026-06-05T10:12:55.189+0000] {manager.py:824} INFO - There are 1 files in /opt/airflow/dags
[2026-06-05T10:13:10.295+0000] {manager.py:997} INFO - 
================================================================================
DAG File Processing Stats

File Path                 PID    Runtime      # DAGs    # Errors  Last Runtime    Last Run               Last # of DB Queries
------------------------  -----  ---------  --------  ----------  --------------  -------------------  ----------------------
/opt/airflow/dags/dag.py                           1           0  0.09s           2026-06-05T10:12:44                      10
================================================================================
[2026-06-05T10:13:40.491+0000] {manager.py:997} INFO - 
================================================================================
DAG File Processing Stats

File Path                 PID    Runtime      # DAGs    # Errors  Last Runtime    Last Run               Last # of DB Queries
------------------------  -----  ---------  --------  ----------  --------------  -------------------  ----------------------
/opt/airflow/dags/dag.py                           1           0  0.08s           2026-06-05T10:13:14                      10
================================================================================
[2026-06-05T10:14:10.697+0000] {manager.py:997} INFO - 
================================================================================
DAG File Processing Stats

File Path                 PID    Runtime      # DAGs    # Errors  Last Runtime    Last Run               Last # of DB Queries
------------------------  -----  ---------  --------  ----------  --------------  -------------------  ----------------------
/opt/airflow/dags/dag.py                           1           0  0.07s           2026-06-05T10:13:44                      10
================================================================================
[2026-06-05T10:14:40.905+0000] {manager.py:997} INFO - 
================================================================================
DAG File Processing Stats

File Path                 PID    Runtime      # DAGs    # Errors  Last Runtime    Last Run               Last # of DB Queries
------------------------  -----  ---------  --------  ----------  --------------  -------------------  ----------------------
/opt/airflow/dags/dag.py                           1           0  0.09s           2026-06-05T10:14:14                      10
================================================================================
[2026-06-05T10:15:11.093+0000] {manager.py:997} INFO - 
================================================================================
DAG File Processing Stats

File Path                 PID    Runtime      # DAGs    # Errors  Last Runtime    Last Run               Last # of DB Queries
------------------------  -----  ---------  --------  ----------  --------------  -------------------  ----------------------
/opt/airflow/dags/dag.py                           1           0  0.07s           2026-06-05T10:14:45                      10
================================================================================
[2026-06-05T10:15:41.290+0000] {manager.py:997} INFO - 
================================================================================
DAG File Processing Stats

File Path                 PID    Runtime      # DAGs    # Errors  Last Runtime    Last Run               Last # of DB Queries
------------------------  -----  ---------  --------  ----------  --------------  -------------------  ----------------------
/opt/airflow/dags/dag.py                           1           0  0.07s           2026-06-05T10:15:15                      10
================================================================================
[2026-06-05T10:16:11.481+0000] {manager.py:997} INFO - 
================================================================================
DAG File Processing Stats

File Path                 PID    Runtime      # DAGs    # Errors  Last Runtime    Last Run               Last # of DB Queries
------------------------  -----  ---------  --------  ----------  --------------  -------------------  ----------------------
/opt/airflow/dags/dag.py                           1           0  0.07s           2026-06-05T10:15:45                      10
================================================================================
[2026-06-05T10:16:41.682+0000] {manager.py:997} INFO - 
================================================================================
DAG File Processing Stats

File Path                 PID    Runtime      # DAGs    # Errors  Last Runtime    Last Run               Last # of DB Queries
------------------------  -----  ---------  --------  ----------  --------------  -------------------  ----------------------
/opt/airflow/dags/dag.py                           1           0  0.08s           2026-06-05T10:16:15                      10
================================================================================
[2026-06-05T10:17:11.881+0000] {manager.py:997} INFO - 
================================================================================
DAG File Processing Stats

File Path                 PID    Runtime      # DAGs    # Errors  Last Runtime    Last Run               Last # of DB Queries
------------------------  -----  ---------  --------  ----------  --------------  -------------------  ----------------------
/opt/airflow/dags/dag.py                           1           0  0.08s           2026-06-05T10:16:45                      10
================================================================================
[2026-06-05T10:17:42.070+0000] {manager.py:997} INFO - 
================================================================================
DAG File Processing Stats

File Path                 PID    Runtime      # DAGs    # Errors  Last Runtime    Last Run               Last # of DB Queries
------------------------  -----  ---------  --------  ----------  --------------  -------------------  ----------------------
/opt/airflow/dags/dag.py                           1           0  0.08s           2026-06-05T10:17:15                      10
================================================================================
[2026-06-05T10:17:55.182+0000] {manager.py:821} INFO - Searching for files in /opt/airflow/dags
[2026-06-05T10:17:55.195+0000] {manager.py:824} INFO - There are 1 files in /opt/airflow/dags
[2026-06-05T10:18:12.294+0000] {manager.py:997} INFO - 
================================================================================
DAG File Processing Stats

File Path                 PID    Runtime      # DAGs    # Errors  Last Runtime    Last Run               Last # of DB Queries
------------------------  -----  ---------  --------  ----------  --------------  -------------------  ----------------------
/opt/airflow/dags/dag.py                           1           0  0.08s           2026-06-05T10:17:46                      10
================================================================================
[2026-06-05T10:18:42.487+0000] {manager.py:997} INFO - 
================================================================================
DAG File Processing Stats

File Path                 PID    Runtime      # DAGs    # Errors  Last Runtime    Last Run               Last # of DB Queries
------------------------  -----  ---------  --------  ----------  --------------  -------------------  ----------------------
/opt/airflow/dags/dag.py                           1           0  0.09s           2026-06-05T10:18:16                      10
================================================================================
[2026-06-05T10:19:12.691+0000] {manager.py:997} INFO - 
================================================================================
DAG File Processing Stats

File Path                 PID    Runtime      # DAGs    # Errors  Last Runtime    Last Run               Last # of DB Queries
------------------------  -----  ---------  --------  ----------  --------------  -------------------  ----------------------
/opt/airflow/dags/dag.py                           1           0  0.08s           2026-06-05T10:18:46                      10
================================================================================
[2026-06-05T10:19:42.863+0000] {manager.py:997} INFO - 
================================================================================
DAG File Processing Stats

File Path                 PID    Runtime      # DAGs    # Errors  Last Runtime    Last Run               Last # of DB Queries
------------------------  -----  ---------  --------  ----------  --------------  -------------------  ----------------------
/opt/airflow/dags/dag.py                           1           0  0.10s           2026-06-05T10:19:16                      10
================================================================================
[2026-06-05T10:20:13.114+0000] {manager.py:997} INFO - 
================================================================================
DAG File Processing Stats

File Path                 PID    Runtime      # DAGs    # Errors  Last Runtime    Last Run               Last # of DB Queries
------------------------  -----  ---------  --------  ----------  --------------  -------------------  ----------------------
/opt/airflow/dags/dag.py                           1           0  0.08s           2026-06-05T10:19:46                      10
================================================================================
[2026-06-05T10:20:43.292+0000] {manager.py:997} INFO - 
================================================================================
DAG File Processing Stats

File Path                 PID    Runtime      # DAGs    # Errors  Last Runtime    Last Run               Last # of DB Queries
------------------------  -----  ---------  --------  ----------  --------------  -------------------  ----------------------
/opt/airflow/dags/dag.py                           1           0  0.08s           2026-06-05T10:20:17                      10
================================================================================
[2026-06-05T10:21:13.513+0000] {manager.py:997} INFO - 
================================================================================
DAG File Processing Stats

File Path                 PID    Runtime      # DAGs    # Errors  Last Runtime    Last Run               Last # of DB Queries
------------------------  -----  ---------  --------  ----------  --------------  -------------------  ----------------------
/opt/airflow/dags/dag.py                           1           0  0.08s           2026-06-05T10:20:47                      10
================================================================================
[2026-06-05T10:21:43.715+0000] {manager.py:997} INFO - 
================================================================================
DAG File Processing Stats

File Path                 PID    Runtime      # DAGs    # Errors  Last Runtime    Last Run               Last # of DB Queries
------------------------  -----  ---------  --------  ----------  --------------  -------------------  ----------------------
/opt/airflow/dags/dag.py                           1           0  0.08s           2026-06-05T10:21:17                      10
================================================================================
[2026-06-05T10:22:13.912+0000] {manager.py:997} INFO - 
================================================================================
DAG File Processing Stats

File Path                 PID    Runtime      # DAGs    # Errors  Last Runtime    Last Run               Last # of DB Queries
------------------------  -----  ---------  --------  ----------  --------------  -------------------  ----------------------
/opt/airflow/dags/dag.py                           1           0  0.08s           2026-06-05T10:21:47                      10
================================================================================
[2026-06-05T10:22:44.106+0000] {manager.py:997} INFO - 
================================================================================
DAG File Processing Stats

File Path                 PID    Runtime      # DAGs    # Errors  Last Runtime    Last Run               Last # of DB Queries
------------------------  -----  ---------  --------  ----------  --------------  -------------------  ----------------------
/opt/airflow/dags/dag.py                           1           0  0.08s           2026-06-05T10:22:18                      10
================================================================================
[2026-06-05T10:22:55.192+0000] {manager.py:821} INFO - Searching for files in /opt/airflow/dags
[2026-06-05T10:22:55.207+0000] {manager.py:824} INFO - There are 1 files in /opt/airflow/dags
[2026-06-05T10:23:14.330+0000] {manager.py:997} INFO - 
================================================================================
DAG File Processing Stats

File Path                 PID    Runtime      # DAGs    # Errors  Last Runtime    Last Run               Last # of DB Queries
------------------------  -----  ---------  --------  ----------  --------------  -------------------  ----------------------
/opt/airflow/dags/dag.py                           1           0  0.07s           2026-06-05T10:22:48                      10
================================================================================
[2026-06-05T10:23:44.525+0000] {manager.py:997} INFO - 
================================================================================
DAG File Processing Stats

File Path                 PID    Runtime      # DAGs    # Errors  Last Runtime    Last Run               Last # of DB Queries
------------------------  -----  ---------  --------  ----------  --------------  -------------------  ----------------------
/opt/airflow/dags/dag.py                           1           0  0.09s           2026-06-05T10:23:18                      10
================================================================================
[2026-06-05T10:24:14.747+0000] {manager.py:997} INFO - 
================================================================================
DAG File Processing Stats

File Path                 PID    Runtime      # DAGs    # Errors  Last Runtime    Last Run               Last # of DB Queries
------------------------  -----  ---------  --------  ----------  --------------  -------------------  ----------------------
/opt/airflow/dags/dag.py                           1           0  0.07s           2026-06-05T10:23:48                      10
================================================================================
[2026-06-05T10:24:44.921+0000] {manager.py:997} INFO - 
================================================================================
DAG File Processing Stats

File Path                 PID    Runtime      # DAGs    # Errors  Last Runtime    Last Run               Last # of DB Queries
------------------------  -----  ---------  --------  ----------  --------------  -------------------  ----------------------
/opt/airflow/dags/dag.py                           1           0  0.07s           2026-06-05T10:24:18                      10
================================================================================
[2026-06-05T10:25:15.121+0000] {manager.py:997} INFO - 
================================================================================
DAG File Processing Stats

File Path                 PID    Runtime      # DAGs    # Errors  Last Runtime    Last Run               Last # of DB Queries
------------------------  -----  ---------  --------  ----------  --------------  -------------------  ----------------------
/opt/airflow/dags/dag.py                           1           0  0.08s           2026-06-05T10:24:49                      10
================================================================================
[2026-06-05T10:25:45.301+0000] {manager.py:997} INFO - 
================================================================================
DAG File Processing Stats

File Path                 PID    Runtime      # DAGs    # Errors  Last Runtime    Last Run               Last # of DB Queries
------------------------  -----  ---------  --------  ----------  --------------  -------------------  ----------------------
/opt/airflow/dags/dag.py                           1           0  0.07s           2026-06-05T10:25:19                      10
================================================================================
[2026-06-05T10:26:15.498+0000] {manager.py:997} INFO - 
================================================================================
DAG File Processing Stats

File Path                 PID    Runtime      # DAGs    # Errors  Last Runtime    Last Run               Last # of DB Queries
------------------------  -----  ---------  --------  ----------  --------------  -------------------  ----------------------
/opt/airflow/dags/dag.py                           1           0  0.07s           2026-06-05T10:25:49                      10
================================================================================
[2026-06-05T10:26:45.676+0000] {manager.py:997} INFO - 
================================================================================
DAG File Processing Stats

File Path                 PID    Runtime      # DAGs    # Errors  Last Runtime    Last Run               Last # of DB Queries
------------------------  -----  ---------  --------  ----------  --------------  -------------------  ----------------------
/opt/airflow/dags/dag.py                           1           0  0.07s           2026-06-05T10:26:19                      10
================================================================================
[2026-06-05T10:27:15.867+0000] {manager.py:997} INFO - 
================================================================================
DAG File Processing Stats

File Path                 PID    Runtime      # DAGs    # Errors  Last Runtime    Last Run               Last # of DB Queries
------------------------  -----  ---------  --------  ----------  --------------  -------------------  ----------------------
/opt/airflow/dags/dag.py                           1           0  0.07s           2026-06-05T10:26:49                      10
================================================================================
[2026-06-05T10:27:46.073+0000] {manager.py:997} INFO - 
================================================================================
DAG File Processing Stats

File Path                 PID    Runtime      # DAGs    # Errors  Last Runtime    Last Run               Last # of DB Queries
------------------------  -----  ---------  --------  ----------  --------------  -------------------  ----------------------
/opt/airflow/dags/dag.py                           1           0  0.09s           2026-06-05T10:27:19                      10
================================================================================
[2026-06-05T10:27:55.216+0000] {manager.py:821} INFO - Searching for files in /opt/airflow/dags
[2026-06-05T10:27:55.245+0000] {manager.py:824} INFO - There are 1 files in /opt/airflow/dags
[2026-06-05T10:28:16.371+0000] {manager.py:997} INFO - 
================================================================================
DAG File Processing Stats

File Path                 PID    Runtime      # DAGs    # Errors  Last Runtime    Last Run               Last # of DB Queries
------------------------  -----  ---------  --------  ----------  --------------  -------------------  ----------------------
/opt/airflow/dags/dag.py                           1           0  0.11s           2026-06-05T10:28:15                      10
================================================================================
[2026-06-05T10:28:40.349+0000] {manager.py:465} INFO - Exiting gracefully upon receiving signal 15
[2026-06-05T10:29:38.770+0000] {manager.py:483} INFO - Processing files using up to 2 processes at a time 
[2026-06-05T10:29:38.771+0000] {manager.py:484} INFO - Process each file at most once every 30 seconds
[2026-06-05T10:29:38.772+0000] {manager.py:485} INFO - Checking for new files in /opt/airflow/dags every 300 seconds
[2026-06-05T10:29:38.773+0000] {manager.py:821} INFO - Searching for files in /opt/airflow/dags
[2026-06-05T10:29:38.791+0000] {manager.py:824} INFO - There are 1 files in /opt/airflow/dags
[2026-06-05T10:29:38.846+0000] {manager.py:997} INFO - 
================================================================================
DAG File Processing Stats

File Path                   PID  Runtime      # DAGs    # Errors  Last Runtime    Last Run      Last # of DB Queries
------------------------  -----  ---------  --------  ----------  --------------  ----------  ----------------------
/opt/airflow/dags/dag.py    195  0.02s             0           0                                                   0
================================================================================
[2026-06-05T10:30:09.010+0000] {manager.py:997} INFO - 
================================================================================
DAG File Processing Stats

File Path                 PID    Runtime      # DAGs    # Errors  Last Runtime    Last Run               Last # of DB Queries
------------------------  -----  ---------  --------  ----------  --------------  -------------------  ----------------------
/opt/airflow/dags/dag.py                           1           0  0.23s           2026-06-05T10:29:39                      43
================================================================================
[2026-06-05T10:30:39.404+0000] {manager.py:997} INFO - 
================================================================================
DAG File Processing Stats

File Path                   PID  Runtime      # DAGs    # Errors  Last Runtime    Last Run               Last # of DB Queries
------------------------  -----  ---------  --------  ----------  --------------  -------------------  ----------------------
/opt/airflow/dags/dag.py    208  0.00s             1           0  0.08s           2026-06-05T10:30:09                      10
================================================================================
[2026-06-05T10:31:09.633+0000] {manager.py:997} INFO - 
================================================================================
DAG File Processing Stats

File Path                   PID  Runtime      # DAGs    # Errors  Last Runtime    Last Run               Last # of DB Queries
------------------------  -----  ---------  --------  ----------  --------------  -------------------  ----------------------
/opt/airflow/dags/dag.py    213  0.00s             1           0  0.10s           2026-06-05T10:30:39                      10
================================================================================
[2026-06-05T10:31:39.820+0000] {manager.py:997} INFO - 
================================================================================
DAG File Processing Stats

File Path                   PID  Runtime      # DAGs    # Errors  Last Runtime    Last Run               Last # of DB Queries
------------------------  -----  ---------  --------  ----------  --------------  -------------------  ----------------------
/opt/airflow/dags/dag.py    218  0.00s             1           0  0.08s           2026-06-05T10:31:09                      10
================================================================================
[2026-06-05T10:32:10.035+0000] {manager.py:997} INFO - 
================================================================================
DAG File Processing Stats

File Path                   PID  Runtime      # DAGs    # Errors  Last Runtime    Last Run               Last # of DB Queries
------------------------  -----  ---------  --------  ----------  --------------  -------------------  ----------------------
/opt/airflow/dags/dag.py    223  0.00s             1           0  0.08s           2026-06-05T10:31:39                      10
================================================================================
[2026-06-05T10:32:40.237+0000] {manager.py:997} INFO - 
================================================================================
DAG File Processing Stats

File Path                   PID  Runtime      # DAGs    # Errors  Last Runtime    Last Run               Last # of DB Queries
------------------------  -----  ---------  --------  ----------  --------------  -------------------  ----------------------
/opt/airflow/dags/dag.py    228  0.00s             1           0  0.07s           2026-06-05T10:32:10                      10
================================================================================
[2026-06-05T10:33:10.453+0000] {manager.py:997} INFO - 
================================================================================
DAG File Processing Stats

File Path                   PID  Runtime      # DAGs    # Errors  Last Runtime    Last Run               Last # of DB Queries
------------------------  -----  ---------  --------  ----------  --------------  -------------------  ----------------------
/opt/airflow/dags/dag.py    233  0.00s             1           0  0.09s           2026-06-05T10:32:40                      10
================================================================================
[2026-06-05T10:33:40.676+0000] {manager.py:997} INFO - 
================================================================================
DAG File Processing Stats

File Path                   PID  Runtime      # DAGs    # Errors  Last Runtime    Last Run               Last # of DB Queries
------------------------  -----  ---------  --------  ----------  --------------  -------------------  ----------------------
/opt/airflow/dags/dag.py    238  0.00s             1           0  0.08s           2026-06-05T10:33:10                      10
================================================================================
[2026-06-05T10:34:10.876+0000] {manager.py:997} INFO - 
================================================================================
DAG File Processing Stats

File Path                   PID  Runtime      # DAGs    # Errors  Last Runtime    Last Run               Last # of DB Queries
------------------------  -----  ---------  --------  ----------  --------------  -------------------  ----------------------
/opt/airflow/dags/dag.py    243  0.00s             1           0  0.08s           2026-06-05T10:33:40                      10
================================================================================
[2026-06-05T10:34:39.059+0000] {manager.py:821} INFO - Searching for files in /opt/airflow/dags
[2026-06-05T10:34:39.075+0000] {manager.py:824} INFO - There are 1 files in /opt/airflow/dags
[2026-06-05T10:34:41.101+0000] {manager.py:997} INFO - 
================================================================================
DAG File Processing Stats

File Path                   PID  Runtime      # DAGs    # Errors  Last Runtime    Last Run               Last # of DB Queries
------------------------  -----  ---------  --------  ----------  --------------  -------------------  ----------------------
/opt/airflow/dags/dag.py    248  0.00s             1           0  0.08s           2026-06-05T10:34:10                      10
================================================================================
[2026-06-05T10:35:11.297+0000] {manager.py:997} INFO - 
================================================================================
DAG File Processing Stats

File Path                   PID  Runtime      # DAGs    # Errors  Last Runtime    Last Run               Last # of DB Queries
------------------------  -----  ---------  --------  ----------  --------------  -------------------  ----------------------
/opt/airflow/dags/dag.py    253  0.00s             1           0  0.08s           2026-06-05T10:34:41                      10
================================================================================
[2026-06-05T10:35:41.504+0000] {manager.py:997} INFO - 
================================================================================
DAG File Processing Stats

File Path                   PID  Runtime      # DAGs    # Errors  Last Runtime    Last Run               Last # of DB Queries
------------------------  -----  ---------  --------  ----------  --------------  -------------------  ----------------------
/opt/airflow/dags/dag.py    261  0.00s             1           0  0.08s           2026-06-05T10:35:11                      10
================================================================================
[2026-06-05T10:36:11.703+0000] {manager.py:997} INFO - 
================================================================================
DAG File Processing Stats

File Path                   PID  Runtime      # DAGs    # Errors  Last Runtime    Last Run               Last # of DB Queries
------------------------  -----  ---------  --------  ----------  --------------  -------------------  ----------------------
/opt/airflow/dags/dag.py    266  0.00s             1           0  0.08s           2026-06-05T10:35:41                      10
================================================================================
[2026-06-05T10:36:41.903+0000] {manager.py:997} INFO - 
================================================================================
DAG File Processing Stats

File Path                   PID  Runtime      # DAGs    # Errors  Last Runtime    Last Run               Last # of DB Queries
------------------------  -----  ---------  --------  ----------  --------------  -------------------  ----------------------
/opt/airflow/dags/dag.py    271  0.00s             1           0  0.08s           2026-06-05T10:36:11                      10
================================================================================
[2026-06-05T10:37:12.097+0000] {manager.py:997} INFO - 
================================================================================
DAG File Processing Stats

File Path                   PID  Runtime      # DAGs    # Errors  Last Runtime    Last Run               Last # of DB Queries
------------------------  -----  ---------  --------  ----------  --------------  -------------------  ----------------------
/opt/airflow/dags/dag.py    276  0.00s             1           0  0.07s           2026-06-05T10:36:41                      10
================================================================================
[2026-06-05T10:37:42.290+0000] {manager.py:997} INFO - 
================================================================================
DAG File Processing Stats

File Path                   PID  Runtime      # DAGs    # Errors  Last Runtime    Last Run               Last # of DB Queries
------------------------  -----  ---------  --------  ----------  --------------  -------------------  ----------------------
/opt/airflow/dags/dag.py    281  0.00s             1           0  0.09s           2026-06-05T10:37:12                      10
================================================================================
[2026-06-05T10:38:12.512+0000] {manager.py:997} INFO - 
================================================================================
DAG File Processing Stats

File Path                   PID  Runtime      # DAGs    # Errors  Last Runtime    Last Run               Last # of DB Queries
------------------------  -----  ---------  --------  ----------  --------------  -------------------  ----------------------
/opt/airflow/dags/dag.py    286  0.00s             1           0  0.07s           2026-06-05T10:37:42                      10
================================================================================
[2026-06-05T10:38:42.692+0000] {manager.py:997} INFO - 
================================================================================
DAG File Processing Stats

File Path                   PID  Runtime      # DAGs    # Errors  Last Runtime    Last Run               Last # of DB Queries
------------------------  -----  ---------  --------  ----------  --------------  -------------------  ----------------------
/opt/airflow/dags/dag.py    291  0.00s             1           0  0.07s           2026-06-05T10:38:12                      10
================================================================================
[2026-06-05T10:39:12.901+0000] {manager.py:997} INFO - 
================================================================================
DAG File Processing Stats

File Path                   PID  Runtime      # DAGs    # Errors  Last Runtime    Last Run               Last # of DB Queries
------------------------  -----  ---------  --------  ----------  --------------  -------------------  ----------------------
/opt/airflow/dags/dag.py    296  0.00s             1           0  0.07s           2026-06-05T10:38:42                      10
================================================================================
[2026-06-05T10:39:39.090+0000] {manager.py:821} INFO - Searching for files in /opt/airflow/dags
[2026-06-05T10:39:39.106+0000] {manager.py:824} INFO - There are 1 files in /opt/airflow/dags
[2026-06-05T10:39:43.095+0000] {manager.py:997} INFO - 
================================================================================
DAG File Processing Stats

File Path                   PID  Runtime      # DAGs    # Errors  Last Runtime    Last Run               Last # of DB Queries
------------------------  -----  ---------  --------  ----------  --------------  -------------------  ----------------------
/opt/airflow/dags/dag.py    301  0.00s             1           0  0.07s           2026-06-05T10:39:12                      10
================================================================================
[2026-06-05T10:40:13.308+0000] {manager.py:997} INFO - 
================================================================================
DAG File Processing Stats

File Path                   PID  Runtime      # DAGs    # Errors  Last Runtime    Last Run               Last # of DB Queries
------------------------  -----  ---------  --------  ----------  --------------  -------------------  ----------------------
/opt/airflow/dags/dag.py    306  0.00s             1           0  0.07s           2026-06-05T10:39:43                      10
================================================================================
[2026-06-05T10:40:43.489+0000] {manager.py:997} INFO - 
================================================================================
DAG File Processing Stats

File Path                   PID  Runtime      # DAGs    # Errors  Last Runtime    Last Run               Last # of DB Queries
------------------------  -----  ---------  --------  ----------  --------------  -------------------  ----------------------
/opt/airflow/dags/dag.py    311  0.00s             1           0  0.07s           2026-06-05T10:40:13                      10
================================================================================
[2026-06-05T10:41:13.690+0000] {manager.py:997} INFO - 
================================================================================
DAG File Processing Stats

File Path                   PID  Runtime      # DAGs    # Errors  Last Runtime    Last Run               Last # of DB Queries
------------------------  -----  ---------  --------  ----------  --------------  -------------------  ----------------------
/opt/airflow/dags/dag.py    316  0.00s             1           0  0.07s           2026-06-05T10:40:43                      10
================================================================================
[2026-06-05T10:41:43.879+0000] {manager.py:997} INFO - 
================================================================================
DAG File Processing Stats

File Path                   PID  Runtime      # DAGs    # Errors  Last Runtime    Last Run               Last # of DB Queries
------------------------  -----  ---------  --------  ----------  --------------  -------------------  ----------------------
/opt/airflow/dags/dag.py    321  0.00s             1           0  0.07s           2026-06-05T10:41:13                      10
================================================================================
[2026-06-05T10:42:14.065+0000] {manager.py:997} INFO - 
================================================================================
DAG File Processing Stats

File Path                   PID  Runtime      # DAGs    # Errors  Last Runtime    Last Run               Last # of DB Queries
------------------------  -----  ---------  --------  ----------  --------------  -------------------  ----------------------
/opt/airflow/dags/dag.py    326  0.00s             1           0  0.08s           2026-06-05T10:41:43                      10
================================================================================
[2026-06-05T10:42:44.282+0000] {manager.py:997} INFO - 
================================================================================
DAG File Processing Stats

File Path                   PID  Runtime      # DAGs    # Errors  Last Runtime    Last Run               Last # of DB Queries
------------------------  -----  ---------  --------  ----------  --------------  -------------------  ----------------------
/opt/airflow/dags/dag.py    331  0.00s             1           0  0.07s           2026-06-05T10:42:14                      10
================================================================================
[2026-06-05T10:43:14.468+0000] {manager.py:997} INFO - 
================================================================================
DAG File Processing Stats

File Path                   PID  Runtime      # DAGs    # Errors  Last Runtime    Last Run               Last # of DB Queries
------------------------  -----  ---------  --------  ----------  --------------  -------------------  ----------------------
/opt/airflow/dags/dag.py    336  0.00s             1           0  0.08s           2026-06-05T10:42:44                      10
================================================================================
[2026-06-05T10:43:44.671+0000] {manager.py:997} INFO - 
================================================================================
DAG File Processing Stats

File Path                   PID  Runtime      # DAGs    # Errors  Last Runtime    Last Run               Last # of DB Queries
------------------------  -----  ---------  --------  ----------  --------------  -------------------  ----------------------
/opt/airflow/dags/dag.py    341  0.00s             1           0  0.08s           2026-06-05T10:43:14                      10
================================================================================
[2026-06-05T10:44:14.847+0000] {manager.py:997} INFO - 
================================================================================
DAG File Processing Stats

File Path                   PID  Runtime      # DAGs    # Errors  Last Runtime    Last Run               Last # of DB Queries
------------------------  -----  ---------  --------  ----------  --------------  -------------------  ----------------------
/opt/airflow/dags/dag.py    346  0.00s             1           0  0.08s           2026-06-05T10:43:44                      10
================================================================================
[2026-06-05T10:44:40.004+0000] {manager.py:821} INFO - Searching for files in /opt/airflow/dags
[2026-06-05T10:44:40.018+0000] {manager.py:824} INFO - There are 1 files in /opt/airflow/dags
[2026-06-05T10:44:45.065+0000] {manager.py:997} INFO - 
================================================================================
DAG File Processing Stats

File Path                   PID  Runtime      # DAGs    # Errors  Last Runtime    Last Run               Last # of DB Queries
------------------------  -----  ---------  --------  ----------  --------------  -------------------  ----------------------
/opt/airflow/dags/dag.py    351  0.00s             1           0  0.08s           2026-06-05T10:44:14                      10
================================================================================
[2026-06-05T10:45:15.241+0000] {manager.py:997} INFO - 
================================================================================
DAG File Processing Stats

File Path                   PID  Runtime      # DAGs    # Errors  Last Runtime    Last Run               Last # of DB Queries
------------------------  -----  ---------  --------  ----------  --------------  -------------------  ----------------------
/opt/airflow/dags/dag.py    356  0.00s             1           0  0.08s           2026-06-05T10:44:45                      10
================================================================================
[2026-06-05T10:45:21.344+0000] {manager.py:465} INFO - Exiting gracefully upon receiving signal 15
[2026-06-05T10:46:19.030+0000] {manager.py:483} INFO - Processing files using up to 2 processes at a time 
[2026-06-05T10:46:19.031+0000] {manager.py:484} INFO - Process each file at most once every 30 seconds
[2026-06-05T10:46:19.032+0000] {manager.py:485} INFO - Checking for new files in /opt/airflow/dags every 300 seconds
[2026-06-05T10:46:19.033+0000] {manager.py:821} INFO - Searching for files in /opt/airflow/dags
[2026-06-05T10:46:19.051+0000] {manager.py:824} INFO - There are 1 files in /opt/airflow/dags
[2026-06-05T10:46:19.116+0000] {manager.py:997} INFO - 
================================================================================
DAG File Processing Stats

File Path                   PID  Runtime      # DAGs    # Errors  Last Runtime    Last Run      Last # of DB Queries
------------------------  -----  ---------  --------  ----------  --------------  ----------  ----------------------
/opt/airflow/dags/dag.py    195  0.02s             0           0                                                   0
================================================================================
[2026-06-05T10:46:49.277+0000] {manager.py:997} INFO - 
================================================================================
DAG File Processing Stats

File Path                 PID    Runtime      # DAGs    # Errors  Last Runtime    Last Run               Last # of DB Queries
------------------------  -----  ---------  --------  ----------  --------------  -------------------  ----------------------
/opt/airflow/dags/dag.py                           1           0  0.25s           2026-06-05T10:46:19                      43
================================================================================
[2026-06-05T10:47:19.694+0000] {manager.py:997} INFO - 
================================================================================
DAG File Processing Stats

File Path                   PID  Runtime      # DAGs    # Errors  Last Runtime    Last Run               Last # of DB Queries
------------------------  -----  ---------  --------  ----------  --------------  -------------------  ----------------------
/opt/airflow/dags/dag.py    208  0.00s             1           0  0.08s           2026-06-05T10:46:49                      10
================================================================================
[2026-06-05T10:47:49.920+0000] {manager.py:997} INFO - 
================================================================================
DAG File Processing Stats

File Path                   PID  Runtime      # DAGs    # Errors  Last Runtime    Last Run               Last # of DB Queries
------------------------  -----  ---------  --------  ----------  --------------  -------------------  ----------------------
/opt/airflow/dags/dag.py    213  0.00s             1           0  0.09s           2026-06-05T10:47:19                      10
================================================================================
[2026-06-05T10:48:20.165+0000] {manager.py:997} INFO - 
================================================================================
DAG File Processing Stats

File Path                   PID  Runtime      # DAGs    # Errors  Last Runtime    Last Run               Last # of DB Queries
------------------------  -----  ---------  --------  ----------  --------------  -------------------  ----------------------
/opt/airflow/dags/dag.py    218  0.00s             1           0  0.11s           2026-06-05T10:47:50                      10
================================================================================
[2026-06-05T10:48:50.393+0000] {manager.py:997} INFO - 
================================================================================
DAG File Processing Stats

File Path                   PID  Runtime      # DAGs    # Errors  Last Runtime    Last Run               Last # of DB Queries
------------------------  -----  ---------  --------  ----------  --------------  -------------------  ----------------------
/opt/airflow/dags/dag.py    223  0.00s             1           0  0.09s           2026-06-05T10:48:20                      10
================================================================================
[2026-06-05T10:49:20.627+0000] {manager.py:997} INFO - 
================================================================================
DAG File Processing Stats

File Path                   PID  Runtime      # DAGs    # Errors  Last Runtime    Last Run               Last # of DB Queries
------------------------  -----  ---------  --------  ----------  --------------  -------------------  ----------------------
/opt/airflow/dags/dag.py    228  0.00s             1           0  0.09s           2026-06-05T10:48:50                      10
================================================================================
[2026-06-05T10:49:34.429+0000] {manager.py:465} INFO - Exiting gracefully upon receiving signal 15
[2026-06-05T10:50:17.351+0000] {manager.py:483} INFO - Processing files using up to 2 processes at a time 
[2026-06-05T10:50:17.352+0000] {manager.py:484} INFO - Process each file at most once every 30 seconds
[2026-06-05T10:50:17.352+0000] {manager.py:485} INFO - Checking for new files in /opt/airflow/dags every 300 seconds
[2026-06-05T10:50:17.353+0000] {manager.py:821} INFO - Searching for files in /opt/airflow/dags
[2026-06-05T10:50:17.370+0000] {manager.py:824} INFO - There are 1 files in /opt/airflow/dags
[2026-06-05T10:50:17.424+0000] {manager.py:997} INFO - 
================================================================================
DAG File Processing Stats

File Path                   PID  Runtime      # DAGs    # Errors  Last Runtime    Last Run      Last # of DB Queries
------------------------  -----  ---------  --------  ----------  --------------  ----------  ----------------------
/opt/airflow/dags/dag.py    195  0.02s             0           0                                                   0
================================================================================
[2026-06-05T10:50:47.579+0000] {manager.py:997} INFO - 
================================================================================
DAG File Processing Stats

File Path                 PID    Runtime      # DAGs    # Errors  Last Runtime    Last Run               Last # of DB Queries
------------------------  -----  ---------  --------  ----------  --------------  -------------------  ----------------------
/opt/airflow/dags/dag.py                           1           0  0.25s           2026-06-05T10:50:17                      43
================================================================================
[2026-06-05T10:51:17.993+0000] {manager.py:997} INFO - 
================================================================================
DAG File Processing Stats

File Path                   PID  Runtime      # DAGs    # Errors  Last Runtime    Last Run               Last # of DB Queries
------------------------  -----  ---------  --------  ----------  --------------  -------------------  ----------------------
/opt/airflow/dags/dag.py    208  0.00s             1           0  0.08s           2026-06-05T10:50:47                      10
================================================================================
[2026-06-05T10:51:48.212+0000] {manager.py:997} INFO - 
================================================================================
DAG File Processing Stats

File Path                   PID  Runtime      # DAGs    # Errors  Last Runtime    Last Run               Last # of DB Queries
------------------------  -----  ---------  --------  ----------  --------------  -------------------  ----------------------
/opt/airflow/dags/dag.py    213  0.00s             1           0  0.08s           2026-06-05T10:51:18                      10
================================================================================
[2026-06-05T10:52:18.394+0000] {manager.py:997} INFO - 
================================================================================
DAG File Processing Stats

File Path                   PID  Runtime      # DAGs    # Errors  Last Runtime    Last Run               Last # of DB Queries
------------------------  -----  ---------  --------  ----------  --------------  -------------------  ----------------------
/opt/airflow/dags/dag.py    218  0.00s             1           0  0.09s           2026-06-05T10:51:48                      10
================================================================================
[2026-06-05T10:52:48.608+0000] {manager.py:997} INFO - 
================================================================================
DAG File Processing Stats

File Path                   PID  Runtime      # DAGs    # Errors  Last Runtime    Last Run               Last # of DB Queries
------------------------  -----  ---------  --------  ----------  --------------  -------------------  ----------------------
/opt/airflow/dags/dag.py    223  0.00s             1           0  0.09s           2026-06-05T10:52:18                      10
================================================================================
[2026-06-05T10:53:18.828+0000] {manager.py:997} INFO - 
================================================================================
DAG File Processing Stats

File Path                   PID  Runtime      # DAGs    # Errors  Last Runtime    Last Run               Last # of DB Queries
------------------------  -----  ---------  --------  ----------  --------------  -------------------  ----------------------
/opt/airflow/dags/dag.py    228  0.00s             1           0  0.08s           2026-06-05T10:52:48                      10
================================================================================
[2026-06-05T10:53:35.292+0000] {manager.py:465} INFO - Exiting gracefully upon receiving signal 15
[2026-06-05T10:54:08.698+0000] {manager.py:483} INFO - Processing files using up to 2 processes at a time 
[2026-06-05T10:54:08.699+0000] {manager.py:484} INFO - Process each file at most once every 30 seconds
[2026-06-05T10:54:08.699+0000] {manager.py:485} INFO - Checking for new files in /opt/airflow/dags every 300 seconds
[2026-06-05T10:54:08.700+0000] {manager.py:821} INFO - Searching for files in /opt/airflow/dags
[2026-06-05T10:54:08.717+0000] {manager.py:824} INFO - There are 1 files in /opt/airflow/dags
[2026-06-05T10:54:08.759+0000] {manager.py:997} INFO - 
================================================================================
DAG File Processing Stats

File Path                   PID  Runtime      # DAGs    # Errors  Last Runtime    Last Run      Last # of DB Queries
------------------------  -----  ---------  --------  ----------  --------------  ----------  ----------------------
/opt/airflow/dags/dag.py    195  0.01s             0           0                                                   0
================================================================================
[2026-06-05T10:54:38.946+0000] {manager.py:997} INFO - 
================================================================================
DAG File Processing Stats

File Path                   PID  Runtime      # DAGs    # Errors  Last Runtime    Last Run               Last # of DB Queries
------------------------  -----  ---------  --------  ----------  --------------  -------------------  ----------------------
/opt/airflow/dags/dag.py    200  0.00s             0           1  0.05s           2026-06-05T10:54:08                       3
================================================================================
[2026-06-05T10:55:09.142+0000] {manager.py:997} INFO - 
================================================================================
DAG File Processing Stats

File Path                   PID  Runtime      # DAGs    # Errors  Last Runtime    Last Run               Last # of DB Queries
------------------------  -----  ---------  --------  ----------  --------------  -------------------  ----------------------
/opt/airflow/dags/dag.py    205  0.00s             0           1  0.05s           2026-06-05T10:54:38                       5
================================================================================
[2026-06-05T10:55:39.333+0000] {manager.py:997} INFO - 
================================================================================
DAG File Processing Stats

File Path                   PID  Runtime      # DAGs    # Errors  Last Runtime    Last Run               Last # of DB Queries
------------------------  -----  ---------  --------  ----------  --------------  -------------------  ----------------------
/opt/airflow/dags/dag.py    210  0.00s             0           1  0.05s           2026-06-05T10:55:09                       5
================================================================================
[2026-06-05T10:56:09.533+0000] {manager.py:997} INFO - 
================================================================================
DAG File Processing Stats

File Path                   PID  Runtime      # DAGs    # Errors  Last Runtime    Last Run               Last # of DB Queries
------------------------  -----  ---------  --------  ----------  --------------  -------------------  ----------------------
/opt/airflow/dags/dag.py    215  0.00s             0           1  0.06s           2026-06-05T10:55:39                       5
================================================================================
[2026-06-05T10:56:30.824+0000] {manager.py:465} INFO - Exiting gracefully upon receiving signal 15
[2026-06-05T10:57:04.777+0000] {manager.py:483} INFO - Processing files using up to 2 processes at a time 
[2026-06-05T10:57:04.778+0000] {manager.py:484} INFO - Process each file at most once every 30 seconds
[2026-06-05T10:57:04.778+0000] {manager.py:485} INFO - Checking for new files in /opt/airflow/dags every 300 seconds
[2026-06-05T10:57:04.779+0000] {manager.py:821} INFO - Searching for files in /opt/airflow/dags
[2026-06-05T10:57:04.796+0000] {manager.py:824} INFO - There are 1 files in /opt/airflow/dags
[2026-06-05T10:57:04.844+0000] {manager.py:997} INFO - 
================================================================================
DAG File Processing Stats

File Path                   PID  Runtime      # DAGs    # Errors  Last Runtime    Last Run      Last # of DB Queries
------------------------  -----  ---------  --------  ----------  --------------  ----------  ----------------------
/opt/airflow/dags/dag.py    195  0.01s             0           0                                                   0
================================================================================
[2026-06-05T10:57:35.019+0000] {manager.py:997} INFO - 
================================================================================
DAG File Processing Stats

File Path                   PID  Runtime      # DAGs    # Errors  Last Runtime    Last Run               Last # of DB Queries
------------------------  -----  ---------  --------  ----------  --------------  -------------------  ----------------------
/opt/airflow/dags/dag.py    200  0.00s             0           1  0.05s           2026-06-05T10:57:04                       3
================================================================================
[2026-06-05T10:58:05.249+0000] {manager.py:997} INFO - 
================================================================================
DAG File Processing Stats

File Path                 PID    Runtime      # DAGs    # Errors  Last Runtime    Last Run               Last # of DB Queries
------------------------  -----  ---------  --------  ----------  --------------  -------------------  ----------------------
/opt/airflow/dags/dag.py                           1           0  0.27s           2026-06-05T10:58:01                      43
================================================================================
[2026-06-05T10:58:07.142+0000] {manager.py:465} INFO - Exiting gracefully upon receiving signal 15
[2026-06-05T10:58:38.855+0000] {manager.py:483} INFO - Processing files using up to 2 processes at a time 
[2026-06-05T10:58:38.856+0000] {manager.py:484} INFO - Process each file at most once every 30 seconds
[2026-06-05T10:58:38.856+0000] {manager.py:485} INFO - Checking for new files in /opt/airflow/dags every 300 seconds
[2026-06-05T10:58:38.857+0000] {manager.py:821} INFO - Searching for files in /opt/airflow/dags
[2026-06-05T10:58:38.877+0000] {manager.py:824} INFO - There are 1 files in /opt/airflow/dags
[2026-06-05T10:58:38.940+0000] {manager.py:997} INFO - 
================================================================================
DAG File Processing Stats

File Path                   PID  Runtime      # DAGs    # Errors  Last Runtime    Last Run      Last # of DB Queries
------------------------  -----  ---------  --------  ----------  --------------  ----------  ----------------------
/opt/airflow/dags/dag.py    195  0.02s             0           0                                                   0
================================================================================
[2026-06-05T10:59:09.090+0000] {manager.py:997} INFO - 
================================================================================
DAG File Processing Stats

File Path                 PID    Runtime      # DAGs    # Errors  Last Runtime    Last Run               Last # of DB Queries
------------------------  -----  ---------  --------  ----------  --------------  -------------------  ----------------------
/opt/airflow/dags/dag.py                           1           0  0.24s           2026-06-05T10:58:39                      43
================================================================================
[2026-06-05T10:59:39.493+0000] {manager.py:997} INFO - 
================================================================================
DAG File Processing Stats

File Path                   PID  Runtime      # DAGs    # Errors  Last Runtime    Last Run               Last # of DB Queries
------------------------  -----  ---------  --------  ----------  --------------  -------------------  ----------------------
/opt/airflow/dags/dag.py    208  0.00s             1           0  0.08s           2026-06-05T10:59:09                      10
================================================================================
[2026-06-05T11:00:09.708+0000] {manager.py:997} INFO - 
================================================================================
DAG File Processing Stats

File Path                   PID  Runtime      # DAGs    # Errors  Last Runtime    Last Run               Last # of DB Queries
------------------------  -----  ---------  --------  ----------  --------------  -------------------  ----------------------
/opt/airflow/dags/dag.py    213  0.00s             1           0  0.08s           2026-06-05T10:59:39                      10
================================================================================
[2026-06-05T11:00:39.888+0000] {manager.py:997} INFO - 
================================================================================
DAG File Processing Stats

File Path                   PID  Runtime      # DAGs    # Errors  Last Runtime    Last Run               Last # of DB Queries
------------------------  -----  ---------  --------  ----------  --------------  -------------------  ----------------------
/opt/airflow/dags/dag.py    218  0.00s             1           0  0.09s           2026-06-05T11:00:09                      10
================================================================================
[2026-06-05T11:01:02.733+0000] {manager.py:465} INFO - Exiting gracefully upon receiving signal 15
[2026-06-05T11:06:23.978+0000] {manager.py:483} INFO - Processing files using up to 2 processes at a time 
[2026-06-05T11:06:23.979+0000] {manager.py:484} INFO - Process each file at most once every 30 seconds
[2026-06-05T11:06:23.980+0000] {manager.py:485} INFO - Checking for new files in /opt/airflow/dags every 300 seconds
[2026-06-05T11:06:23.981+0000] {manager.py:821} INFO - Searching for files in /opt/airflow/dags
[2026-06-05T11:06:24.000+0000] {manager.py:824} INFO - There are 1 files in /opt/airflow/dags
[2026-06-05T11:06:24.049+0000] {manager.py:997} INFO - 
================================================================================
DAG File Processing Stats

File Path                   PID  Runtime      # DAGs    # Errors  Last Runtime    Last Run      Last # of DB Queries
------------------------  -----  ---------  --------  ----------  --------------  ----------  ----------------------
/opt/airflow/dags/dag.py    196  0.02s             0           0                                                   0
================================================================================
[2026-06-05T11:06:54.230+0000] {manager.py:997} INFO - 
================================================================================
DAG File Processing Stats

File Path                   PID  Runtime      # DAGs    # Errors  Last Runtime    Last Run               Last # of DB Queries
------------------------  -----  ---------  --------  ----------  --------------  -------------------  ----------------------
/opt/airflow/dags/dag.py    209  0.00s             1           0  0.09s           2026-06-05T11:06:24                      10
================================================================================
[2026-06-05T11:07:24.433+0000] {manager.py:997} INFO - 
================================================================================
DAG File Processing Stats

File Path                   PID  Runtime      # DAGs    # Errors  Last Runtime    Last Run               Last # of DB Queries
------------------------  -----  ---------  --------  ----------  --------------  -------------------  ----------------------
/opt/airflow/dags/dag.py    214  0.00s             1           0  0.09s           2026-06-05T11:06:54                      10
================================================================================
[2026-06-05T11:07:54.647+0000] {manager.py:997} INFO - 
================================================================================
DAG File Processing Stats

File Path                   PID  Runtime      # DAGs    # Errors  Last Runtime    Last Run               Last # of DB Queries
------------------------  -----  ---------  --------  ----------  --------------  -------------------  ----------------------
/opt/airflow/dags/dag.py    219  0.00s             1           0  0.08s           2026-06-05T11:07:24                      10
================================================================================
[2026-06-05T11:08:24.836+0000] {manager.py:997} INFO - 
================================================================================
DAG File Processing Stats

File Path                   PID  Runtime      # DAGs    # Errors  Last Runtime    Last Run               Last # of DB Queries
------------------------  -----  ---------  --------  ----------  --------------  -------------------  ----------------------
/opt/airflow/dags/dag.py    224  0.00s             1           0  0.08s           2026-06-05T11:07:54                      10
================================================================================
[2026-06-05T11:08:48.530+0000] {manager.py:465} INFO - Exiting gracefully upon receiving signal 15
[2026-06-05T11:09:28.821+0000] {manager.py:483} INFO - Processing files using up to 2 processes at a time 
[2026-06-05T11:09:28.822+0000] {manager.py:484} INFO - Process each file at most once every 30 seconds
[2026-06-05T11:09:28.823+0000] {manager.py:485} INFO - Checking for new files in /opt/airflow/dags every 300 seconds
[2026-06-05T11:09:28.824+0000] {manager.py:821} INFO - Searching for files in /opt/airflow/dags
[2026-06-05T11:09:28.838+0000] {manager.py:824} INFO - There are 1 files in /opt/airflow/dags
[2026-06-05T11:09:28.891+0000] {manager.py:997} INFO - 
================================================================================
DAG File Processing Stats

File Path                   PID  Runtime      # DAGs    # Errors  Last Runtime    Last Run      Last # of DB Queries
------------------------  -----  ---------  --------  ----------  --------------  ----------  ----------------------
/opt/airflow/dags/dag.py    195  0.01s             0           0                                                   0
================================================================================
[2026-06-05T11:09:59.058+0000] {manager.py:997} INFO - 
================================================================================
DAG File Processing Stats

File Path                 PID    Runtime      # DAGs    # Errors  Last Runtime    Last Run               Last # of DB Queries
------------------------  -----  ---------  --------  ----------  --------------  -------------------  ----------------------
/opt/airflow/dags/dag.py                           1           0  0.24s           2026-06-05T11:09:29                      43
================================================================================
[2026-06-05T11:10:29.448+0000] {manager.py:997} INFO - 
================================================================================
DAG File Processing Stats

File Path                   PID  Runtime      # DAGs    # Errors  Last Runtime    Last Run               Last # of DB Queries
------------------------  -----  ---------  --------  ----------  --------------  -------------------  ----------------------
/opt/airflow/dags/dag.py    208  0.00s             1           0  0.08s           2026-06-05T11:09:59                      10
================================================================================
[2026-06-05T11:10:57.099+0000] {manager.py:465} INFO - Exiting gracefully upon receiving signal 15
[2026-06-05T11:18:53.771+0000] {manager.py:483} INFO - Processing files using up to 2 processes at a time 
[2026-06-05T11:18:53.772+0000] {manager.py:484} INFO - Process each file at most once every 30 seconds
[2026-06-05T11:18:53.772+0000] {manager.py:485} INFO - Checking for new files in /opt/airflow/dags every 300 seconds
[2026-06-05T11:18:53.773+0000] {manager.py:821} INFO - Searching for files in /opt/airflow/dags
[2026-06-05T11:18:53.784+0000] {manager.py:824} INFO - There are 1 files in /opt/airflow/dags
[2026-06-05T11:18:53.842+0000] {manager.py:997} INFO - 
================================================================================
DAG File Processing Stats

File Path                   PID  Runtime      # DAGs    # Errors  Last Runtime    Last Run      Last # of DB Queries
------------------------  -----  ---------  --------  ----------  --------------  ----------  ----------------------
/opt/airflow/dags/dag.py    196  0.02s             0           0                                                   0
================================================================================
[2026-06-05T11:19:24.003+0000] {manager.py:997} INFO - 
================================================================================
DAG File Processing Stats

File Path                 PID    Runtime      # DAGs    # Errors  Last Runtime    Last Run               Last # of DB Queries
------------------------  -----  ---------  --------  ----------  --------------  -------------------  ----------------------
/opt/airflow/dags/dag.py                           1           0  0.23s           2026-06-05T11:18:54                      39
================================================================================
[2026-06-05T11:19:54.396+0000] {manager.py:997} INFO - 
================================================================================
DAG File Processing Stats

File Path                   PID  Runtime      # DAGs    # Errors  Last Runtime    Last Run               Last # of DB Queries
------------------------  -----  ---------  --------  ----------  --------------  -------------------  ----------------------
/opt/airflow/dags/dag.py    209  0.00s             1           0  0.08s           2026-06-05T11:19:24                      10
================================================================================
[2026-06-05T11:20:24.631+0000] {manager.py:997} INFO - 
================================================================================
DAG File Processing Stats

File Path                   PID  Runtime      # DAGs    # Errors  Last Runtime    Last Run               Last # of DB Queries
------------------------  -----  ---------  --------  ----------  --------------  -------------------  ----------------------
/opt/airflow/dags/dag.py    214  0.00s             1           0  0.09s           2026-06-05T11:19:54                      10
================================================================================
[2026-06-05T11:20:43.960+0000] {manager.py:465} INFO - Exiting gracefully upon receiving signal 15
[2026-06-05T11:26:00.124+0000] {manager.py:483} INFO - Processing files using up to 2 processes at a time 
[2026-06-05T11:26:00.125+0000] {manager.py:484} INFO - Process each file at most once every 30 seconds
[2026-06-05T11:26:00.126+0000] {manager.py:485} INFO - Checking for new files in /opt/airflow/dags every 300 seconds
[2026-06-05T11:26:00.126+0000] {manager.py:821} INFO - Searching for files in /opt/airflow/dags
[2026-06-05T11:26:00.144+0000] {manager.py:824} INFO - There are 1 files in /opt/airflow/dags
[2026-06-05T11:26:00.199+0000] {manager.py:997} INFO - 
================================================================================
DAG File Processing Stats

File Path                   PID  Runtime      # DAGs    # Errors  Last Runtime    Last Run      Last # of DB Queries
------------------------  -----  ---------  --------  ----------  --------------  ----------  ----------------------
/opt/airflow/dags/dag.py    197  0.02s             0           0                                                   0
================================================================================
[2026-06-05T11:26:30.376+0000] {manager.py:997} INFO - 
================================================================================
DAG File Processing Stats

File Path                   PID  Runtime      # DAGs    # Errors  Last Runtime    Last Run               Last # of DB Queries
------------------------  -----  ---------  --------  ----------  --------------  -------------------  ----------------------
/opt/airflow/dags/dag.py    204  0.00s             1           0  0.10s           2026-06-05T11:26:00                      10
================================================================================
[2026-06-05T11:27:00.586+0000] {manager.py:997} INFO - 
================================================================================
DAG File Processing Stats

File Path                   PID  Runtime      # DAGs    # Errors  Last Runtime    Last Run               Last # of DB Queries
------------------------  -----  ---------  --------  ----------  --------------  -------------------  ----------------------
/opt/airflow/dags/dag.py    209  0.00s             1           0  0.08s           2026-06-05T11:26:30                      10
================================================================================
[2026-06-05T11:27:30.772+0000] {manager.py:997} INFO - 
================================================================================
DAG File Processing Stats

File Path                   PID  Runtime      # DAGs    # Errors  Last Runtime    Last Run               Last # of DB Queries
------------------------  -----  ---------  --------  ----------  --------------  -------------------  ----------------------
/opt/airflow/dags/dag.py    214  0.00s             1           0  0.08s           2026-06-05T11:27:00                      10
================================================================================
[2026-06-05T11:28:00.999+0000] {manager.py:997} INFO - 
================================================================================
DAG File Processing Stats

File Path                   PID  Runtime      # DAGs    # Errors  Last Runtime    Last Run               Last # of DB Queries
------------------------  -----  ---------  --------  ----------  --------------  -------------------  ----------------------
/opt/airflow/dags/dag.py    219  0.00s             1           0  0.08s           2026-06-05T11:27:30                      10
================================================================================
[2026-06-05T11:28:31.183+0000] {manager.py:997} INFO - 
================================================================================
DAG File Processing Stats

File Path                   PID  Runtime      # DAGs    # Errors  Last Runtime    Last Run               Last # of DB Queries
------------------------  -----  ---------  --------  ----------  --------------  -------------------  ----------------------
/opt/airflow/dags/dag.py    224  0.00s             1           0  0.08s           2026-06-05T11:28:01                      10
================================================================================
[2026-06-05T11:29:01.400+0000] {manager.py:997} INFO - 
================================================================================
DAG File Processing Stats

File Path                   PID  Runtime      # DAGs    # Errors  Last Runtime    Last Run               Last # of DB Queries
------------------------  -----  ---------  --------  ----------  --------------  -------------------  ----------------------
/opt/airflow/dags/dag.py    229  0.00s             1           0  0.09s           2026-06-05T11:28:31                      10
================================================================================
[2026-06-05T11:29:31.585+0000] {manager.py:997} INFO - 
================================================================================
DAG File Processing Stats

File Path                   PID  Runtime      # DAGs    # Errors  Last Runtime    Last Run               Last # of DB Queries
------------------------  -----  ---------  --------  ----------  --------------  -------------------  ----------------------
/opt/airflow/dags/dag.py    234  0.00s             1           0  0.09s           2026-06-05T11:29:01                      10
================================================================================
[2026-06-05T11:30:01.816+0000] {manager.py:997} INFO - 
================================================================================
DAG File Processing Stats

File Path                   PID  Runtime      # DAGs    # Errors  Last Runtime    Last Run               Last # of DB Queries
------------------------  -----  ---------  --------  ----------  --------------  -------------------  ----------------------
/opt/airflow/dags/dag.py    239  0.00s             1           0  0.08s           2026-06-05T11:29:31                      10
================================================================================
[2026-06-05T11:30:14.430+0000] {manager.py:465} INFO - Exiting gracefully upon receiving signal 15
[2026-06-05T11:30:41.889+0000] {manager.py:483} INFO - Processing files using up to 2 processes at a time 
[2026-06-05T11:30:41.890+0000] {manager.py:484} INFO - Process each file at most once every 30 seconds
[2026-06-05T11:30:41.890+0000] {manager.py:485} INFO - Checking for new files in /opt/airflow/dags every 300 seconds
[2026-06-05T11:30:41.891+0000] {manager.py:821} INFO - Searching for files in /opt/airflow/dags
[2026-06-05T11:30:41.909+0000] {manager.py:824} INFO - There are 1 files in /opt/airflow/dags
[2026-06-05T11:30:41.972+0000] {manager.py:997} INFO - 
================================================================================
DAG File Processing Stats

File Path                   PID  Runtime      # DAGs    # Errors  Last Runtime    Last Run      Last # of DB Queries
------------------------  -----  ---------  --------  ----------  --------------  ----------  ----------------------
/opt/airflow/dags/dag.py    195  0.02s             0           0                                                   0
================================================================================
[2026-06-05T11:31:12.140+0000] {manager.py:997} INFO - 
================================================================================
DAG File Processing Stats

File Path                   PID  Runtime      # DAGs    # Errors  Last Runtime    Last Run               Last # of DB Queries
------------------------  -----  ---------  --------  ----------  --------------  -------------------  ----------------------
/opt/airflow/dags/dag.py    203  0.00s             1           0  0.11s           2026-06-05T11:30:42                      10
================================================================================
[2026-06-05T11:31:42.372+0000] {manager.py:997} INFO - 
================================================================================
DAG File Processing Stats

File Path                   PID  Runtime      # DAGs    # Errors  Last Runtime    Last Run               Last # of DB Queries
------------------------  -----  ---------  --------  ----------  --------------  -------------------  ----------------------
/opt/airflow/dags/dag.py    208  0.00s             1           0  0.09s           2026-06-05T11:31:12                      10
================================================================================
[2026-06-05T11:32:12.554+0000] {manager.py:997} INFO - 
================================================================================
DAG File Processing Stats

File Path                   PID  Runtime      # DAGs    # Errors  Last Runtime    Last Run               Last # of DB Queries
------------------------  -----  ---------  --------  ----------  --------------  -------------------  ----------------------
/opt/airflow/dags/dag.py    213  0.00s             1           0  0.08s           2026-06-05T11:31:42                      10
================================================================================
[2026-06-05T11:32:42.750+0000] {manager.py:997} INFO - 
================================================================================
DAG File Processing Stats

File Path                   PID  Runtime      # DAGs    # Errors  Last Runtime    Last Run               Last # of DB Queries
------------------------  -----  ---------  --------  ----------  --------------  -------------------  ----------------------
/opt/airflow/dags/dag.py    218  0.00s             1           0  0.08s           2026-06-05T11:32:12                      10
================================================================================
[2026-06-05T11:33:12.929+0000] {manager.py:997} INFO - 
================================================================================
DAG File Processing Stats

File Path                   PID  Runtime      # DAGs    # Errors  Last Runtime    Last Run               Last # of DB Queries
------------------------  -----  ---------  --------  ----------  --------------  -------------------  ----------------------
/opt/airflow/dags/dag.py    223  0.00s             1           0  0.08s           2026-06-05T11:32:42                      10
================================================================================
[2026-06-05T11:33:43.150+0000] {manager.py:997} INFO - 
================================================================================
DAG File Processing Stats

File Path                   PID  Runtime      # DAGs    # Errors  Last Runtime    Last Run               Last # of DB Queries
------------------------  -----  ---------  --------  ----------  --------------  -------------------  ----------------------
/opt/airflow/dags/dag.py    228  0.00s             1           0  0.09s           2026-06-05T11:33:13                      10
================================================================================
[2026-06-05T11:34:13.349+0000] {manager.py:997} INFO - 
================================================================================
DAG File Processing Stats

File Path                   PID  Runtime      # DAGs    # Errors  Last Runtime    Last Run               Last # of DB Queries
------------------------  -----  ---------  --------  ----------  --------------  -------------------  ----------------------
/opt/airflow/dags/dag.py    233  0.00s             1           0  0.09s           2026-06-05T11:33:43                      10
================================================================================
[2026-06-05T11:34:43.560+0000] {manager.py:997} INFO - 
================================================================================
DAG File Processing Stats

File Path                   PID  Runtime      # DAGs    # Errors  Last Runtime    Last Run               Last # of DB Queries
------------------------  -----  ---------  --------  ----------  --------------  -------------------  ----------------------
/opt/airflow/dags/dag.py    238  0.00s             1           0  0.08s           2026-06-05T11:34:13                      10
================================================================================
[2026-06-05T11:35:10.423+0000] {manager.py:465} INFO - Exiting gracefully upon receiving signal 15
[2026-06-05T11:35:43.510+0000] {manager.py:483} INFO - Processing files using up to 2 processes at a time 
[2026-06-05T11:35:43.511+0000] {manager.py:484} INFO - Process each file at most once every 30 seconds
[2026-06-05T11:35:43.512+0000] {manager.py:485} INFO - Checking for new files in /opt/airflow/dags every 300 seconds
[2026-06-05T11:35:43.513+0000] {manager.py:821} INFO - Searching for files in /opt/airflow/dags
[2026-06-05T11:35:43.532+0000] {manager.py:824} INFO - There are 1 files in /opt/airflow/dags
[2026-06-05T11:35:43.594+0000] {manager.py:997} INFO - 
================================================================================
DAG File Processing Stats

File Path                   PID  Runtime      # DAGs    # Errors  Last Runtime    Last Run      Last # of DB Queries
------------------------  -----  ---------  --------  ----------  --------------  ----------  ----------------------
/opt/airflow/dags/dag.py    196  0.02s             0           0                                                   0
================================================================================
[2026-06-05T11:36:13.771+0000] {manager.py:997} INFO - 
================================================================================
DAG File Processing Stats

File Path                   PID  Runtime      # DAGs    # Errors  Last Runtime    Last Run               Last # of DB Queries
------------------------  -----  ---------  --------  ----------  --------------  -------------------  ----------------------
/opt/airflow/dags/dag.py    205  0.00s             1           0  0.10s           2026-06-05T11:35:43                      10
================================================================================
[2026-06-05T11:36:44.027+0000] {manager.py:997} INFO - 
================================================================================
DAG File Processing Stats

File Path                   PID  Runtime      # DAGs    # Errors  Last Runtime    Last Run               Last # of DB Queries
------------------------  -----  ---------  --------  ----------  --------------  -------------------  ----------------------
/opt/airflow/dags/dag.py    210  0.00s             1           0  0.10s           2026-06-05T11:36:13                      10
================================================================================
[2026-06-05T11:37:14.233+0000] {manager.py:997} INFO - 
================================================================================
DAG File Processing Stats

File Path                   PID  Runtime      # DAGs    # Errors  Last Runtime    Last Run               Last # of DB Queries
------------------------  -----  ---------  --------  ----------  --------------  -------------------  ----------------------
/opt/airflow/dags/dag.py    215  0.00s             1           0  0.08s           2026-06-05T11:36:44                      10
================================================================================
[2026-06-05T11:37:44.425+0000] {manager.py:997} INFO - 
================================================================================
DAG File Processing Stats

File Path                   PID  Runtime      # DAGs    # Errors  Last Runtime    Last Run               Last # of DB Queries
------------------------  -----  ---------  --------  ----------  --------------  -------------------  ----------------------
/opt/airflow/dags/dag.py    220  0.00s             1           0  0.08s           2026-06-05T11:37:14                      10
================================================================================
[2026-06-05T11:38:05.848+0000] {manager.py:465} INFO - Exiting gracefully upon receiving signal 15
