[2026-06-18T12:21:57.843+0000] {processor.py:186} INFO - Started process (PID=196) to work on /opt/airflow/dags/dag.py
[2026-06-18T12:21:57.844+0000] {processor.py:914} INFO - Processing file /opt/airflow/dags/dag.py for tasks to queue
[2026-06-18T12:21:57.845+0000] {logging_mixin.py:190} INFO - [2026-06-18T12:21:57.845+0000] {dagbag.py:588} INFO - Filling up the DagBag from /opt/airflow/dags/dag.py
[2026-06-18T12:21:57.881+0000] {processor.py:925} INFO - DAG(s) 'f1_medallion_pipeline' retrieved from /opt/airflow/dags/dag.py
[2026-06-18T12:21:58.076+0000] {logging_mixin.py:190} INFO - [2026-06-18T12:21:58.075+0000] {dag.py:3239} INFO - Sync 1 DAGs
[2026-06-18T12:21:58.088+0000] {logging_mixin.py:190} INFO - [2026-06-18T12:21:58.088+0000] {dag.py:4180} INFO - Setting next_dagrun for f1_medallion_pipeline to None, run_after=None
[2026-06-18T12:21:58.110+0000] {processor.py:208} INFO - Processing /opt/airflow/dags/dag.py took 0.277 seconds
[2026-06-18T12:22:28.292+0000] {processor.py:186} INFO - Started process (PID=204) to work on /opt/airflow/dags/dag.py
[2026-06-18T12:22:28.293+0000] {processor.py:914} INFO - Processing file /opt/airflow/dags/dag.py for tasks to queue
[2026-06-18T12:22:28.294+0000] {logging_mixin.py:190} INFO - [2026-06-18T12:22:28.294+0000] {dagbag.py:588} INFO - Filling up the DagBag from /opt/airflow/dags/dag.py
[2026-06-18T12:22:28.315+0000] {processor.py:925} INFO - DAG(s) 'f1_medallion_pipeline' retrieved from /opt/airflow/dags/dag.py
[2026-06-18T12:22:28.334+0000] {logging_mixin.py:190} INFO - [2026-06-18T12:22:28.334+0000] {dag.py:3239} INFO - Sync 1 DAGs
[2026-06-18T12:22:28.342+0000] {logging_mixin.py:190} INFO - [2026-06-18T12:22:28.342+0000] {dag.py:4180} INFO - Setting next_dagrun for f1_medallion_pipeline to None, run_after=None
[2026-06-18T12:22:28.356+0000] {processor.py:208} INFO - Processing /opt/airflow/dags/dag.py took 0.076 seconds
[2026-06-18T12:22:58.454+0000] {processor.py:186} INFO - Started process (PID=209) to work on /opt/airflow/dags/dag.py
[2026-06-18T12:22:58.455+0000] {processor.py:914} INFO - Processing file /opt/airflow/dags/dag.py for tasks to queue
[2026-06-18T12:22:58.456+0000] {logging_mixin.py:190} INFO - [2026-06-18T12:22:58.455+0000] {dagbag.py:588} INFO - Filling up the DagBag from /opt/airflow/dags/dag.py
[2026-06-18T12:22:58.476+0000] {processor.py:925} INFO - DAG(s) 'f1_medallion_pipeline' retrieved from /opt/airflow/dags/dag.py
[2026-06-18T12:22:58.497+0000] {logging_mixin.py:190} INFO - [2026-06-18T12:22:58.497+0000] {dag.py:3239} INFO - Sync 1 DAGs
[2026-06-18T12:22:58.506+0000] {logging_mixin.py:190} INFO - [2026-06-18T12:22:58.505+0000] {dag.py:4180} INFO - Setting next_dagrun for f1_medallion_pipeline to None, run_after=None
[2026-06-18T12:22:58.517+0000] {processor.py:208} INFO - Processing /opt/airflow/dags/dag.py took 0.070 seconds
[2026-06-18T12:23:28.695+0000] {processor.py:186} INFO - Started process (PID=214) to work on /opt/airflow/dags/dag.py
[2026-06-18T12:23:28.696+0000] {processor.py:914} INFO - Processing file /opt/airflow/dags/dag.py for tasks to queue
[2026-06-18T12:23:28.697+0000] {logging_mixin.py:190} INFO - [2026-06-18T12:23:28.697+0000] {dagbag.py:588} INFO - Filling up the DagBag from /opt/airflow/dags/dag.py
[2026-06-18T12:23:28.714+0000] {processor.py:925} INFO - DAG(s) 'f1_medallion_pipeline' retrieved from /opt/airflow/dags/dag.py
[2026-06-18T12:23:28.734+0000] {logging_mixin.py:190} INFO - [2026-06-18T12:23:28.734+0000] {dag.py:3239} INFO - Sync 1 DAGs
[2026-06-18T12:23:28.743+0000] {logging_mixin.py:190} INFO - [2026-06-18T12:23:28.742+0000] {dag.py:4180} INFO - Setting next_dagrun for f1_medallion_pipeline to None, run_after=None
[2026-06-18T12:23:28.754+0000] {processor.py:208} INFO - Processing /opt/airflow/dags/dag.py took 0.067 seconds
[2026-06-18T12:23:58.876+0000] {processor.py:186} INFO - Started process (PID=219) to work on /opt/airflow/dags/dag.py
[2026-06-18T12:23:58.877+0000] {processor.py:914} INFO - Processing file /opt/airflow/dags/dag.py for tasks to queue
[2026-06-18T12:23:58.878+0000] {logging_mixin.py:190} INFO - [2026-06-18T12:23:58.877+0000] {dagbag.py:588} INFO - Filling up the DagBag from /opt/airflow/dags/dag.py
[2026-06-18T12:23:58.897+0000] {processor.py:925} INFO - DAG(s) 'f1_medallion_pipeline' retrieved from /opt/airflow/dags/dag.py
[2026-06-18T12:23:58.918+0000] {logging_mixin.py:190} INFO - [2026-06-18T12:23:58.917+0000] {dag.py:3239} INFO - Sync 1 DAGs
[2026-06-18T12:23:58.928+0000] {logging_mixin.py:190} INFO - [2026-06-18T12:23:58.928+0000] {dag.py:4180} INFO - Setting next_dagrun for f1_medallion_pipeline to None, run_after=None
[2026-06-18T12:23:58.945+0000] {processor.py:208} INFO - Processing /opt/airflow/dags/dag.py took 0.080 seconds
[2026-06-18T12:24:29.095+0000] {processor.py:186} INFO - Started process (PID=224) to work on /opt/airflow/dags/dag.py
[2026-06-18T12:24:29.096+0000] {processor.py:914} INFO - Processing file /opt/airflow/dags/dag.py for tasks to queue
[2026-06-18T12:24:29.097+0000] {logging_mixin.py:190} INFO - [2026-06-18T12:24:29.097+0000] {dagbag.py:588} INFO - Filling up the DagBag from /opt/airflow/dags/dag.py
[2026-06-18T12:24:29.118+0000] {processor.py:925} INFO - DAG(s) 'f1_medallion_pipeline' retrieved from /opt/airflow/dags/dag.py
[2026-06-18T12:24:29.137+0000] {logging_mixin.py:190} INFO - [2026-06-18T12:24:29.137+0000] {dag.py:3239} INFO - Sync 1 DAGs
[2026-06-18T12:24:29.147+0000] {logging_mixin.py:190} INFO - [2026-06-18T12:24:29.146+0000] {dag.py:4180} INFO - Setting next_dagrun for f1_medallion_pipeline to None, run_after=None
[2026-06-18T12:24:29.158+0000] {processor.py:208} INFO - Processing /opt/airflow/dags/dag.py took 0.072 seconds
[2026-06-18T12:24:59.299+0000] {processor.py:186} INFO - Started process (PID=229) to work on /opt/airflow/dags/dag.py
[2026-06-18T12:24:59.300+0000] {processor.py:914} INFO - Processing file /opt/airflow/dags/dag.py for tasks to queue
[2026-06-18T12:24:59.301+0000] {logging_mixin.py:190} INFO - [2026-06-18T12:24:59.300+0000] {dagbag.py:588} INFO - Filling up the DagBag from /opt/airflow/dags/dag.py
[2026-06-18T12:24:59.319+0000] {processor.py:925} INFO - DAG(s) 'f1_medallion_pipeline' retrieved from /opt/airflow/dags/dag.py
[2026-06-18T12:24:59.338+0000] {logging_mixin.py:190} INFO - [2026-06-18T12:24:59.337+0000] {dag.py:3239} INFO - Sync 1 DAGs
[2026-06-18T12:24:59.347+0000] {logging_mixin.py:190} INFO - [2026-06-18T12:24:59.347+0000] {dag.py:4180} INFO - Setting next_dagrun for f1_medallion_pipeline to None, run_after=None
[2026-06-18T12:24:59.361+0000] {processor.py:208} INFO - Processing /opt/airflow/dags/dag.py took 0.071 seconds
[2026-06-18T12:25:29.510+0000] {processor.py:186} INFO - Started process (PID=234) to work on /opt/airflow/dags/dag.py
[2026-06-18T12:25:29.512+0000] {processor.py:914} INFO - Processing file /opt/airflow/dags/dag.py for tasks to queue
[2026-06-18T12:25:29.513+0000] {logging_mixin.py:190} INFO - [2026-06-18T12:25:29.513+0000] {dagbag.py:588} INFO - Filling up the DagBag from /opt/airflow/dags/dag.py
[2026-06-18T12:25:29.545+0000] {processor.py:925} INFO - DAG(s) 'f1_medallion_pipeline' retrieved from /opt/airflow/dags/dag.py
[2026-06-18T12:25:29.565+0000] {logging_mixin.py:190} INFO - [2026-06-18T12:25:29.565+0000] {dag.py:3239} INFO - Sync 1 DAGs
[2026-06-18T12:25:29.574+0000] {logging_mixin.py:190} INFO - [2026-06-18T12:25:29.574+0000] {dag.py:4180} INFO - Setting next_dagrun for f1_medallion_pipeline to None, run_after=None
[2026-06-18T12:25:29.588+0000] {processor.py:208} INFO - Processing /opt/airflow/dags/dag.py took 0.094 seconds
[2026-06-18T12:25:59.710+0000] {processor.py:186} INFO - Started process (PID=239) to work on /opt/airflow/dags/dag.py
[2026-06-18T12:25:59.711+0000] {processor.py:914} INFO - Processing file /opt/airflow/dags/dag.py for tasks to queue
[2026-06-18T12:25:59.712+0000] {logging_mixin.py:190} INFO - [2026-06-18T12:25:59.712+0000] {dagbag.py:588} INFO - Filling up the DagBag from /opt/airflow/dags/dag.py
[2026-06-18T12:25:59.733+0000] {processor.py:925} INFO - DAG(s) 'f1_medallion_pipeline' retrieved from /opt/airflow/dags/dag.py
[2026-06-18T12:25:59.752+0000] {logging_mixin.py:190} INFO - [2026-06-18T12:25:59.752+0000] {dag.py:3239} INFO - Sync 1 DAGs
[2026-06-18T12:25:59.761+0000] {logging_mixin.py:190} INFO - [2026-06-18T12:25:59.761+0000] {dag.py:4180} INFO - Setting next_dagrun for f1_medallion_pipeline to None, run_after=None
[2026-06-18T12:25:59.775+0000] {processor.py:208} INFO - Processing /opt/airflow/dags/dag.py took 0.074 seconds
[2026-06-18T12:26:06.798+0000] {processor.py:186} INFO - Started process (PID=244) to work on /opt/airflow/dags/dag.py
[2026-06-18T12:26:06.799+0000] {processor.py:914} INFO - Processing file /opt/airflow/dags/dag.py for tasks to queue
[2026-06-18T12:26:06.800+0000] {logging_mixin.py:190} INFO - [2026-06-18T12:26:06.800+0000] {dagbag.py:588} INFO - Filling up the DagBag from /opt/airflow/dags/dag.py
[2026-06-18T12:26:06.836+0000] {processor.py:925} INFO - DAG(s) 'f1_medallion_pipeline' retrieved from /opt/airflow/dags/dag.py
[2026-06-18T12:26:06.857+0000] {logging_mixin.py:190} INFO - [2026-06-18T12:26:06.857+0000] {dag.py:3239} INFO - Sync 1 DAGs
[2026-06-18T12:26:06.866+0000] {logging_mixin.py:190} INFO - [2026-06-18T12:26:06.865+0000] {dag.py:4180} INFO - Setting next_dagrun for f1_medallion_pipeline to None, run_after=None
[2026-06-18T12:26:06.881+0000] {processor.py:208} INFO - Processing /opt/airflow/dags/dag.py took 0.091 seconds
[2026-06-18T12:26:50.068+0000] {processor.py:186} INFO - Started process (PID=196) to work on /opt/airflow/dags/dag.py
[2026-06-18T12:26:50.068+0000] {processor.py:914} INFO - Processing file /opt/airflow/dags/dag.py for tasks to queue
[2026-06-18T12:26:50.069+0000] {logging_mixin.py:190} INFO - [2026-06-18T12:26:50.069+0000] {dagbag.py:588} INFO - Filling up the DagBag from /opt/airflow/dags/dag.py
[2026-06-18T12:26:50.100+0000] {processor.py:925} INFO - DAG(s) 'f1_medallion_pipeline' retrieved from /opt/airflow/dags/dag.py
[2026-06-18T12:26:50.134+0000] {logging_mixin.py:190} INFO - [2026-06-18T12:26:50.133+0000] {dag.py:3239} INFO - Sync 1 DAGs
[2026-06-18T12:26:50.143+0000] {logging_mixin.py:190} INFO - [2026-06-18T12:26:50.143+0000] {dag.py:4180} INFO - Setting next_dagrun for f1_medallion_pipeline to None, run_after=None
[2026-06-18T12:26:50.156+0000] {processor.py:208} INFO - Processing /opt/airflow/dags/dag.py took 0.097 seconds
[2026-06-18T12:27:20.243+0000] {processor.py:186} INFO - Started process (PID=201) to work on /opt/airflow/dags/dag.py
[2026-06-18T12:27:20.244+0000] {processor.py:914} INFO - Processing file /opt/airflow/dags/dag.py for tasks to queue
[2026-06-18T12:27:20.245+0000] {logging_mixin.py:190} INFO - [2026-06-18T12:27:20.245+0000] {dagbag.py:588} INFO - Filling up the DagBag from /opt/airflow/dags/dag.py
[2026-06-18T12:27:20.262+0000] {processor.py:925} INFO - DAG(s) 'f1_medallion_pipeline' retrieved from /opt/airflow/dags/dag.py
[2026-06-18T12:27:20.285+0000] {logging_mixin.py:190} INFO - [2026-06-18T12:27:20.285+0000] {dag.py:3239} INFO - Sync 1 DAGs
[2026-06-18T12:27:20.295+0000] {logging_mixin.py:190} INFO - [2026-06-18T12:27:20.295+0000] {dag.py:4180} INFO - Setting next_dagrun for f1_medallion_pipeline to None, run_after=None
[2026-06-18T12:27:20.308+0000] {processor.py:208} INFO - Processing /opt/airflow/dags/dag.py took 0.073 seconds
[2026-06-18T12:27:50.500+0000] {processor.py:186} INFO - Started process (PID=209) to work on /opt/airflow/dags/dag.py
[2026-06-18T12:27:50.501+0000] {processor.py:914} INFO - Processing file /opt/airflow/dags/dag.py for tasks to queue
[2026-06-18T12:27:50.501+0000] {logging_mixin.py:190} INFO - [2026-06-18T12:27:50.501+0000] {dagbag.py:588} INFO - Filling up the DagBag from /opt/airflow/dags/dag.py
[2026-06-18T12:27:50.518+0000] {processor.py:925} INFO - DAG(s) 'f1_medallion_pipeline' retrieved from /opt/airflow/dags/dag.py
[2026-06-18T12:27:50.538+0000] {logging_mixin.py:190} INFO - [2026-06-18T12:27:50.538+0000] {dag.py:3239} INFO - Sync 1 DAGs
[2026-06-18T12:27:50.547+0000] {logging_mixin.py:190} INFO - [2026-06-18T12:27:50.546+0000] {dag.py:4180} INFO - Setting next_dagrun for f1_medallion_pipeline to None, run_after=None
[2026-06-18T12:27:50.561+0000] {processor.py:208} INFO - Processing /opt/airflow/dags/dag.py took 0.068 seconds
[2026-06-18T12:28:20.681+0000] {processor.py:186} INFO - Started process (PID=214) to work on /opt/airflow/dags/dag.py
[2026-06-18T12:28:20.682+0000] {processor.py:914} INFO - Processing file /opt/airflow/dags/dag.py for tasks to queue
[2026-06-18T12:28:20.683+0000] {logging_mixin.py:190} INFO - [2026-06-18T12:28:20.683+0000] {dagbag.py:588} INFO - Filling up the DagBag from /opt/airflow/dags/dag.py
[2026-06-18T12:28:20.699+0000] {processor.py:925} INFO - DAG(s) 'f1_medallion_pipeline' retrieved from /opt/airflow/dags/dag.py
[2026-06-18T12:28:20.721+0000] {logging_mixin.py:190} INFO - [2026-06-18T12:28:20.720+0000] {dag.py:3239} INFO - Sync 1 DAGs
[2026-06-18T12:28:20.730+0000] {logging_mixin.py:190} INFO - [2026-06-18T12:28:20.729+0000] {dag.py:4180} INFO - Setting next_dagrun for f1_medallion_pipeline to None, run_after=None
[2026-06-18T12:28:20.742+0000] {processor.py:208} INFO - Processing /opt/airflow/dags/dag.py took 0.067 seconds
[2026-06-18T12:28:50.894+0000] {processor.py:186} INFO - Started process (PID=219) to work on /opt/airflow/dags/dag.py
[2026-06-18T12:28:50.894+0000] {processor.py:914} INFO - Processing file /opt/airflow/dags/dag.py for tasks to queue
[2026-06-18T12:28:50.895+0000] {logging_mixin.py:190} INFO - [2026-06-18T12:28:50.895+0000] {dagbag.py:588} INFO - Filling up the DagBag from /opt/airflow/dags/dag.py
[2026-06-18T12:28:50.911+0000] {processor.py:925} INFO - DAG(s) 'f1_medallion_pipeline' retrieved from /opt/airflow/dags/dag.py
[2026-06-18T12:28:50.929+0000] {logging_mixin.py:190} INFO - [2026-06-18T12:28:50.929+0000] {dag.py:3239} INFO - Sync 1 DAGs
[2026-06-18T12:28:50.936+0000] {logging_mixin.py:190} INFO - [2026-06-18T12:28:50.936+0000] {dag.py:4180} INFO - Setting next_dagrun for f1_medallion_pipeline to None, run_after=None
[2026-06-18T12:28:50.949+0000] {processor.py:208} INFO - Processing /opt/airflow/dags/dag.py took 0.061 seconds
[2026-06-18T12:29:21.062+0000] {processor.py:186} INFO - Started process (PID=224) to work on /opt/airflow/dags/dag.py
[2026-06-18T12:29:21.062+0000] {processor.py:914} INFO - Processing file /opt/airflow/dags/dag.py for tasks to queue
[2026-06-18T12:29:21.063+0000] {logging_mixin.py:190} INFO - [2026-06-18T12:29:21.063+0000] {dagbag.py:588} INFO - Filling up the DagBag from /opt/airflow/dags/dag.py
[2026-06-18T12:29:21.079+0000] {processor.py:925} INFO - DAG(s) 'f1_medallion_pipeline' retrieved from /opt/airflow/dags/dag.py
[2026-06-18T12:29:21.097+0000] {logging_mixin.py:190} INFO - [2026-06-18T12:29:21.097+0000] {dag.py:3239} INFO - Sync 1 DAGs
[2026-06-18T12:29:21.104+0000] {logging_mixin.py:190} INFO - [2026-06-18T12:29:21.104+0000] {dag.py:4180} INFO - Setting next_dagrun for f1_medallion_pipeline to None, run_after=None
[2026-06-18T12:29:21.116+0000] {processor.py:208} INFO - Processing /opt/airflow/dags/dag.py took 0.061 seconds
[2026-06-18T12:29:51.289+0000] {processor.py:186} INFO - Started process (PID=229) to work on /opt/airflow/dags/dag.py
[2026-06-18T12:29:51.290+0000] {processor.py:914} INFO - Processing file /opt/airflow/dags/dag.py for tasks to queue
[2026-06-18T12:29:51.291+0000] {logging_mixin.py:190} INFO - [2026-06-18T12:29:51.290+0000] {dagbag.py:588} INFO - Filling up the DagBag from /opt/airflow/dags/dag.py
[2026-06-18T12:29:51.308+0000] {processor.py:925} INFO - DAG(s) 'f1_medallion_pipeline' retrieved from /opt/airflow/dags/dag.py
[2026-06-18T12:29:51.329+0000] {logging_mixin.py:190} INFO - [2026-06-18T12:29:51.329+0000] {dag.py:3239} INFO - Sync 1 DAGs
[2026-06-18T12:29:51.338+0000] {logging_mixin.py:190} INFO - [2026-06-18T12:29:51.338+0000] {dag.py:4180} INFO - Setting next_dagrun for f1_medallion_pipeline to None, run_after=None
[2026-06-18T12:29:51.352+0000] {processor.py:208} INFO - Processing /opt/airflow/dags/dag.py took 0.071 seconds
[2026-06-18T12:30:13.433+0000] {processor.py:186} INFO - Started process (PID=234) to work on /opt/airflow/dags/dag.py
[2026-06-18T12:30:13.433+0000] {processor.py:914} INFO - Processing file /opt/airflow/dags/dag.py for tasks to queue
[2026-06-18T12:30:13.434+0000] {logging_mixin.py:190} INFO - [2026-06-18T12:30:13.434+0000] {dagbag.py:588} INFO - Filling up the DagBag from /opt/airflow/dags/dag.py
[2026-06-18T12:30:13.462+0000] {processor.py:925} INFO - DAG(s) 'f1_medallion_pipeline' retrieved from /opt/airflow/dags/dag.py
[2026-06-18T12:30:13.481+0000] {logging_mixin.py:190} INFO - [2026-06-18T12:30:13.481+0000] {dag.py:3239} INFO - Sync 1 DAGs
[2026-06-18T12:30:13.489+0000] {logging_mixin.py:190} INFO - [2026-06-18T12:30:13.489+0000] {dag.py:4180} INFO - Setting next_dagrun for f1_medallion_pipeline to None, run_after=None
[2026-06-18T12:30:13.504+0000] {processor.py:208} INFO - Processing /opt/airflow/dags/dag.py took 0.080 seconds
[2026-06-18T12:30:55.158+0000] {processor.py:186} INFO - Started process (PID=196) to work on /opt/airflow/dags/dag.py
[2026-06-18T12:30:55.158+0000] {processor.py:914} INFO - Processing file /opt/airflow/dags/dag.py for tasks to queue
[2026-06-18T12:30:55.159+0000] {logging_mixin.py:190} INFO - [2026-06-18T12:30:55.159+0000] {dagbag.py:588} INFO - Filling up the DagBag from /opt/airflow/dags/dag.py
[2026-06-18T12:30:55.187+0000] {processor.py:925} INFO - DAG(s) 'f1_medallion_pipeline' retrieved from /opt/airflow/dags/dag.py
[2026-06-18T12:30:55.211+0000] {logging_mixin.py:190} INFO - [2026-06-18T12:30:55.211+0000] {dag.py:3239} INFO - Sync 1 DAGs
[2026-06-18T12:30:55.219+0000] {logging_mixin.py:190} INFO - [2026-06-18T12:30:55.219+0000] {dag.py:4180} INFO - Setting next_dagrun for f1_medallion_pipeline to None, run_after=None
[2026-06-18T12:30:55.233+0000] {processor.py:208} INFO - Processing /opt/airflow/dags/dag.py took 0.085 seconds
[2026-06-18T12:31:25.326+0000] {processor.py:186} INFO - Started process (PID=201) to work on /opt/airflow/dags/dag.py
[2026-06-18T12:31:25.326+0000] {processor.py:914} INFO - Processing file /opt/airflow/dags/dag.py for tasks to queue
[2026-06-18T12:31:25.327+0000] {logging_mixin.py:190} INFO - [2026-06-18T12:31:25.327+0000] {dagbag.py:588} INFO - Filling up the DagBag from /opt/airflow/dags/dag.py
[2026-06-18T12:31:25.343+0000] {processor.py:925} INFO - DAG(s) 'f1_medallion_pipeline' retrieved from /opt/airflow/dags/dag.py
[2026-06-18T12:31:25.363+0000] {logging_mixin.py:190} INFO - [2026-06-18T12:31:25.363+0000] {dag.py:3239} INFO - Sync 1 DAGs
[2026-06-18T12:31:25.374+0000] {logging_mixin.py:190} INFO - [2026-06-18T12:31:25.374+0000] {dag.py:4180} INFO - Setting next_dagrun for f1_medallion_pipeline to None, run_after=None
[2026-06-18T12:31:25.388+0000] {processor.py:208} INFO - Processing /opt/airflow/dags/dag.py took 0.070 seconds
[2026-06-18T12:31:55.592+0000] {processor.py:186} INFO - Started process (PID=209) to work on /opt/airflow/dags/dag.py
[2026-06-18T12:31:55.593+0000] {processor.py:914} INFO - Processing file /opt/airflow/dags/dag.py for tasks to queue
[2026-06-18T12:31:55.594+0000] {logging_mixin.py:190} INFO - [2026-06-18T12:31:55.594+0000] {dagbag.py:588} INFO - Filling up the DagBag from /opt/airflow/dags/dag.py
[2026-06-18T12:31:55.611+0000] {processor.py:925} INFO - DAG(s) 'f1_medallion_pipeline' retrieved from /opt/airflow/dags/dag.py
[2026-06-18T12:31:55.629+0000] {logging_mixin.py:190} INFO - [2026-06-18T12:31:55.629+0000] {dag.py:3239} INFO - Sync 1 DAGs
[2026-06-18T12:31:55.637+0000] {logging_mixin.py:190} INFO - [2026-06-18T12:31:55.637+0000] {dag.py:4180} INFO - Setting next_dagrun for f1_medallion_pipeline to None, run_after=None
[2026-06-18T12:31:55.650+0000] {processor.py:208} INFO - Processing /opt/airflow/dags/dag.py took 0.065 seconds
[2026-06-18T12:36:03.813+0000] {processor.py:186} INFO - Started process (PID=196) to work on /opt/airflow/dags/dag.py
[2026-06-18T12:36:03.814+0000] {processor.py:914} INFO - Processing file /opt/airflow/dags/dag.py for tasks to queue
[2026-06-18T12:36:03.815+0000] {logging_mixin.py:190} INFO - [2026-06-18T12:36:03.815+0000] {dagbag.py:588} INFO - Filling up the DagBag from /opt/airflow/dags/dag.py
[2026-06-18T12:36:03.834+0000] {processor.py:925} INFO - DAG(s) 'f1_medallion_pipeline' retrieved from /opt/airflow/dags/dag.py
[2026-06-18T12:36:03.853+0000] {logging_mixin.py:190} INFO - [2026-06-18T12:36:03.853+0000] {dag.py:3239} INFO - Sync 1 DAGs
[2026-06-18T12:36:03.864+0000] {logging_mixin.py:190} INFO - [2026-06-18T12:36:03.864+0000] {dag.py:4180} INFO - Setting next_dagrun for f1_medallion_pipeline to None, run_after=None
[2026-06-18T12:36:03.879+0000] {processor.py:208} INFO - Processing /opt/airflow/dags/dag.py took 0.074 seconds
[2026-06-18T12:36:34.005+0000] {processor.py:186} INFO - Started process (PID=204) to work on /opt/airflow/dags/dag.py
[2026-06-18T12:36:34.006+0000] {processor.py:914} INFO - Processing file /opt/airflow/dags/dag.py for tasks to queue
[2026-06-18T12:36:34.007+0000] {logging_mixin.py:190} INFO - [2026-06-18T12:36:34.007+0000] {dagbag.py:588} INFO - Filling up the DagBag from /opt/airflow/dags/dag.py
[2026-06-18T12:36:34.027+0000] {processor.py:925} INFO - DAG(s) 'f1_medallion_pipeline' retrieved from /opt/airflow/dags/dag.py
[2026-06-18T12:36:34.047+0000] {logging_mixin.py:190} INFO - [2026-06-18T12:36:34.046+0000] {dag.py:3239} INFO - Sync 1 DAGs
[2026-06-18T12:36:34.057+0000] {logging_mixin.py:190} INFO - [2026-06-18T12:36:34.057+0000] {dag.py:4180} INFO - Setting next_dagrun for f1_medallion_pipeline to None, run_after=None
[2026-06-18T12:36:34.076+0000] {processor.py:208} INFO - Processing /opt/airflow/dags/dag.py took 0.079 seconds
[2026-06-18T12:37:04.198+0000] {processor.py:186} INFO - Started process (PID=209) to work on /opt/airflow/dags/dag.py
[2026-06-18T12:37:04.198+0000] {processor.py:914} INFO - Processing file /opt/airflow/dags/dag.py for tasks to queue
[2026-06-18T12:37:04.199+0000] {logging_mixin.py:190} INFO - [2026-06-18T12:37:04.199+0000] {dagbag.py:588} INFO - Filling up the DagBag from /opt/airflow/dags/dag.py
[2026-06-18T12:37:04.217+0000] {processor.py:925} INFO - DAG(s) 'f1_medallion_pipeline' retrieved from /opt/airflow/dags/dag.py
[2026-06-18T12:37:04.237+0000] {logging_mixin.py:190} INFO - [2026-06-18T12:37:04.236+0000] {dag.py:3239} INFO - Sync 1 DAGs
[2026-06-18T12:37:04.245+0000] {logging_mixin.py:190} INFO - [2026-06-18T12:37:04.245+0000] {dag.py:4180} INFO - Setting next_dagrun for f1_medallion_pipeline to None, run_after=None
[2026-06-18T12:37:04.258+0000] {processor.py:208} INFO - Processing /opt/airflow/dags/dag.py took 0.068 seconds
[2026-06-18T12:37:34.402+0000] {processor.py:186} INFO - Started process (PID=222) to work on /opt/airflow/dags/dag.py
[2026-06-18T12:37:34.403+0000] {processor.py:914} INFO - Processing file /opt/airflow/dags/dag.py for tasks to queue
[2026-06-18T12:37:34.403+0000] {logging_mixin.py:190} INFO - [2026-06-18T12:37:34.403+0000] {dagbag.py:588} INFO - Filling up the DagBag from /opt/airflow/dags/dag.py
[2026-06-18T12:37:34.418+0000] {processor.py:925} INFO - DAG(s) 'f1_medallion_pipeline' retrieved from /opt/airflow/dags/dag.py
[2026-06-18T12:37:34.435+0000] {logging_mixin.py:190} INFO - [2026-06-18T12:37:34.435+0000] {dag.py:3239} INFO - Sync 1 DAGs
[2026-06-18T12:37:34.443+0000] {logging_mixin.py:190} INFO - [2026-06-18T12:37:34.442+0000] {dag.py:4180} INFO - Setting next_dagrun for f1_medallion_pipeline to None, run_after=None
[2026-06-18T12:37:34.455+0000] {processor.py:208} INFO - Processing /opt/airflow/dags/dag.py took 0.060 seconds
[2026-06-18T12:38:04.594+0000] {processor.py:186} INFO - Started process (PID=227) to work on /opt/airflow/dags/dag.py
[2026-06-18T12:38:04.595+0000] {processor.py:914} INFO - Processing file /opt/airflow/dags/dag.py for tasks to queue
[2026-06-18T12:38:04.596+0000] {logging_mixin.py:190} INFO - [2026-06-18T12:38:04.595+0000] {dagbag.py:588} INFO - Filling up the DagBag from /opt/airflow/dags/dag.py
[2026-06-18T12:38:04.612+0000] {processor.py:925} INFO - DAG(s) 'f1_medallion_pipeline' retrieved from /opt/airflow/dags/dag.py
[2026-06-18T12:38:04.631+0000] {logging_mixin.py:190} INFO - [2026-06-18T12:38:04.631+0000] {dag.py:3239} INFO - Sync 1 DAGs
[2026-06-18T12:38:04.639+0000] {logging_mixin.py:190} INFO - [2026-06-18T12:38:04.639+0000] {dag.py:4180} INFO - Setting next_dagrun for f1_medallion_pipeline to None, run_after=None
[2026-06-18T12:38:04.652+0000] {processor.py:208} INFO - Processing /opt/airflow/dags/dag.py took 0.064 seconds
[2026-06-18T12:38:34.778+0000] {processor.py:186} INFO - Started process (PID=232) to work on /opt/airflow/dags/dag.py
[2026-06-18T12:38:34.779+0000] {processor.py:914} INFO - Processing file /opt/airflow/dags/dag.py for tasks to queue
[2026-06-18T12:38:34.780+0000] {logging_mixin.py:190} INFO - [2026-06-18T12:38:34.780+0000] {dagbag.py:588} INFO - Filling up the DagBag from /opt/airflow/dags/dag.py
[2026-06-18T12:38:34.795+0000] {processor.py:925} INFO - DAG(s) 'f1_medallion_pipeline' retrieved from /opt/airflow/dags/dag.py
[2026-06-18T12:38:34.812+0000] {logging_mixin.py:190} INFO - [2026-06-18T12:38:34.812+0000] {dag.py:3239} INFO - Sync 1 DAGs
[2026-06-18T12:38:34.820+0000] {logging_mixin.py:190} INFO - [2026-06-18T12:38:34.820+0000] {dag.py:4180} INFO - Setting next_dagrun for f1_medallion_pipeline to None, run_after=None
[2026-06-18T12:38:34.833+0000] {processor.py:208} INFO - Processing /opt/airflow/dags/dag.py took 0.061 seconds
[2026-06-18T12:39:04.990+0000] {processor.py:186} INFO - Started process (PID=237) to work on /opt/airflow/dags/dag.py
[2026-06-18T12:39:04.991+0000] {processor.py:914} INFO - Processing file /opt/airflow/dags/dag.py for tasks to queue
[2026-06-18T12:39:04.992+0000] {logging_mixin.py:190} INFO - [2026-06-18T12:39:04.991+0000] {dagbag.py:588} INFO - Filling up the DagBag from /opt/airflow/dags/dag.py
[2026-06-18T12:39:05.008+0000] {processor.py:925} INFO - DAG(s) 'f1_medallion_pipeline' retrieved from /opt/airflow/dags/dag.py
[2026-06-18T12:39:05.027+0000] {logging_mixin.py:190} INFO - [2026-06-18T12:39:05.027+0000] {dag.py:3239} INFO - Sync 1 DAGs
[2026-06-18T12:39:05.036+0000] {logging_mixin.py:190} INFO - [2026-06-18T12:39:05.036+0000] {dag.py:4180} INFO - Setting next_dagrun for f1_medallion_pipeline to None, run_after=None
[2026-06-18T12:39:05.049+0000] {processor.py:208} INFO - Processing /opt/airflow/dags/dag.py took 0.065 seconds
[2026-06-18T12:39:35.191+0000] {processor.py:186} INFO - Started process (PID=242) to work on /opt/airflow/dags/dag.py
[2026-06-18T12:39:35.191+0000] {processor.py:914} INFO - Processing file /opt/airflow/dags/dag.py for tasks to queue
[2026-06-18T12:39:35.192+0000] {logging_mixin.py:190} INFO - [2026-06-18T12:39:35.192+0000] {dagbag.py:588} INFO - Filling up the DagBag from /opt/airflow/dags/dag.py
[2026-06-18T12:39:35.208+0000] {processor.py:925} INFO - DAG(s) 'f1_medallion_pipeline' retrieved from /opt/airflow/dags/dag.py
[2026-06-18T12:39:35.226+0000] {logging_mixin.py:190} INFO - [2026-06-18T12:39:35.226+0000] {dag.py:3239} INFO - Sync 1 DAGs
[2026-06-18T12:39:35.234+0000] {logging_mixin.py:190} INFO - [2026-06-18T12:39:35.234+0000] {dag.py:4180} INFO - Setting next_dagrun for f1_medallion_pipeline to None, run_after=None
[2026-06-18T12:39:35.246+0000] {processor.py:208} INFO - Processing /opt/airflow/dags/dag.py took 0.062 seconds
[2026-06-18T12:39:51.324+0000] {processor.py:186} INFO - Started process (PID=247) to work on /opt/airflow/dags/dag.py
[2026-06-18T12:39:51.325+0000] {processor.py:914} INFO - Processing file /opt/airflow/dags/dag.py for tasks to queue
[2026-06-18T12:39:51.326+0000] {logging_mixin.py:190} INFO - [2026-06-18T12:39:51.326+0000] {dagbag.py:588} INFO - Filling up the DagBag from /opt/airflow/dags/dag.py
[2026-06-18T12:39:51.354+0000] {processor.py:925} INFO - DAG(s) 'f1_medallion_pipeline' retrieved from /opt/airflow/dags/dag.py
[2026-06-18T12:39:51.374+0000] {logging_mixin.py:190} INFO - [2026-06-18T12:39:51.374+0000] {dag.py:3239} INFO - Sync 1 DAGs
[2026-06-18T12:39:51.384+0000] {logging_mixin.py:190} INFO - [2026-06-18T12:39:51.383+0000] {dag.py:4180} INFO - Setting next_dagrun for f1_medallion_pipeline to None, run_after=None
[2026-06-18T12:39:51.400+0000] {processor.py:208} INFO - Processing /opt/airflow/dags/dag.py took 0.084 seconds
[2026-06-18T12:40:20.549+0000] {processor.py:186} INFO - Started process (PID=196) to work on /opt/airflow/dags/dag.py
[2026-06-18T12:40:20.550+0000] {processor.py:914} INFO - Processing file /opt/airflow/dags/dag.py for tasks to queue
[2026-06-18T12:40:20.551+0000] {logging_mixin.py:190} INFO - [2026-06-18T12:40:20.551+0000] {dagbag.py:588} INFO - Filling up the DagBag from /opt/airflow/dags/dag.py
[2026-06-18T12:40:20.578+0000] {processor.py:925} INFO - DAG(s) 'f1_medallion_pipeline' retrieved from /opt/airflow/dags/dag.py
[2026-06-18T12:40:20.604+0000] {logging_mixin.py:190} INFO - [2026-06-18T12:40:20.603+0000] {dag.py:3239} INFO - Sync 1 DAGs
[2026-06-18T12:40:20.613+0000] {logging_mixin.py:190} INFO - [2026-06-18T12:40:20.613+0000] {dag.py:4180} INFO - Setting next_dagrun for f1_medallion_pipeline to None, run_after=None
[2026-06-18T12:40:20.625+0000] {processor.py:208} INFO - Processing /opt/airflow/dags/dag.py took 0.085 seconds
[2026-06-18T12:40:50.731+0000] {processor.py:186} INFO - Started process (PID=201) to work on /opt/airflow/dags/dag.py
[2026-06-18T12:40:50.731+0000] {processor.py:914} INFO - Processing file /opt/airflow/dags/dag.py for tasks to queue
[2026-06-18T12:40:50.732+0000] {logging_mixin.py:190} INFO - [2026-06-18T12:40:50.732+0000] {dagbag.py:588} INFO - Filling up the DagBag from /opt/airflow/dags/dag.py
[2026-06-18T12:40:50.753+0000] {processor.py:925} INFO - DAG(s) 'f1_medallion_pipeline' retrieved from /opt/airflow/dags/dag.py
[2026-06-18T12:40:50.775+0000] {logging_mixin.py:190} INFO - [2026-06-18T12:40:50.775+0000] {dag.py:3239} INFO - Sync 1 DAGs
[2026-06-18T12:40:50.785+0000] {logging_mixin.py:190} INFO - [2026-06-18T12:40:50.785+0000] {dag.py:4180} INFO - Setting next_dagrun for f1_medallion_pipeline to None, run_after=None
[2026-06-18T12:40:50.798+0000] {processor.py:208} INFO - Processing /opt/airflow/dags/dag.py took 0.077 seconds
[2026-06-18T12:41:20.949+0000] {processor.py:186} INFO - Started process (PID=209) to work on /opt/airflow/dags/dag.py
[2026-06-18T12:41:20.949+0000] {processor.py:914} INFO - Processing file /opt/airflow/dags/dag.py for tasks to queue
[2026-06-18T12:41:20.950+0000] {logging_mixin.py:190} INFO - [2026-06-18T12:41:20.950+0000] {dagbag.py:588} INFO - Filling up the DagBag from /opt/airflow/dags/dag.py
[2026-06-18T12:41:20.965+0000] {processor.py:925} INFO - DAG(s) 'f1_medallion_pipeline' retrieved from /opt/airflow/dags/dag.py
[2026-06-18T12:41:20.984+0000] {logging_mixin.py:190} INFO - [2026-06-18T12:41:20.984+0000] {dag.py:3239} INFO - Sync 1 DAGs
[2026-06-18T12:41:20.992+0000] {logging_mixin.py:190} INFO - [2026-06-18T12:41:20.992+0000] {dag.py:4180} INFO - Setting next_dagrun for f1_medallion_pipeline to None, run_after=None
[2026-06-18T12:41:21.003+0000] {processor.py:208} INFO - Processing /opt/airflow/dags/dag.py took 0.062 seconds
[2026-06-18T12:41:56.001+0000] {processor.py:186} INFO - Started process (PID=196) to work on /opt/airflow/dags/dag.py
[2026-06-18T12:41:56.002+0000] {processor.py:914} INFO - Processing file /opt/airflow/dags/dag.py for tasks to queue
[2026-06-18T12:41:56.003+0000] {logging_mixin.py:190} INFO - [2026-06-18T12:41:56.002+0000] {dagbag.py:588} INFO - Filling up the DagBag from /opt/airflow/dags/dag.py
[2026-06-18T12:41:56.025+0000] {processor.py:925} INFO - DAG(s) 'f1_medallion_pipeline' retrieved from /opt/airflow/dags/dag.py
[2026-06-18T12:41:56.055+0000] {logging_mixin.py:190} INFO - [2026-06-18T12:41:56.054+0000] {dag.py:3239} INFO - Sync 1 DAGs
[2026-06-18T12:41:56.065+0000] {logging_mixin.py:190} INFO - [2026-06-18T12:41:56.064+0000] {dag.py:4180} INFO - Setting next_dagrun for f1_medallion_pipeline to None, run_after=None
[2026-06-18T12:41:56.079+0000] {processor.py:208} INFO - Processing /opt/airflow/dags/dag.py took 0.088 seconds
[2026-06-18T12:42:26.181+0000] {processor.py:186} INFO - Started process (PID=201) to work on /opt/airflow/dags/dag.py
[2026-06-18T12:42:26.182+0000] {processor.py:914} INFO - Processing file /opt/airflow/dags/dag.py for tasks to queue
[2026-06-18T12:42:26.183+0000] {logging_mixin.py:190} INFO - [2026-06-18T12:42:26.182+0000] {dagbag.py:588} INFO - Filling up the DagBag from /opt/airflow/dags/dag.py
[2026-06-18T12:42:26.198+0000] {processor.py:925} INFO - DAG(s) 'f1_medallion_pipeline' retrieved from /opt/airflow/dags/dag.py
[2026-06-18T12:42:26.220+0000] {logging_mixin.py:190} INFO - [2026-06-18T12:42:26.220+0000] {dag.py:3239} INFO - Sync 1 DAGs
[2026-06-18T12:42:26.230+0000] {logging_mixin.py:190} INFO - [2026-06-18T12:42:26.230+0000] {dag.py:4180} INFO - Setting next_dagrun for f1_medallion_pipeline to None, run_after=None
[2026-06-18T12:42:26.243+0000] {processor.py:208} INFO - Processing /opt/airflow/dags/dag.py took 0.071 seconds
[2026-06-18T12:42:56.433+0000] {processor.py:186} INFO - Started process (PID=206) to work on /opt/airflow/dags/dag.py
[2026-06-18T12:42:56.434+0000] {processor.py:914} INFO - Processing file /opt/airflow/dags/dag.py for tasks to queue
[2026-06-18T12:42:56.435+0000] {logging_mixin.py:190} INFO - [2026-06-18T12:42:56.434+0000] {dagbag.py:588} INFO - Filling up the DagBag from /opt/airflow/dags/dag.py
[2026-06-18T12:42:56.453+0000] {processor.py:925} INFO - DAG(s) 'f1_medallion_pipeline' retrieved from /opt/airflow/dags/dag.py
[2026-06-18T12:42:56.473+0000] {logging_mixin.py:190} INFO - [2026-06-18T12:42:56.473+0000] {dag.py:3239} INFO - Sync 1 DAGs
[2026-06-18T12:42:56.481+0000] {logging_mixin.py:190} INFO - [2026-06-18T12:42:56.481+0000] {dag.py:4180} INFO - Setting next_dagrun for f1_medallion_pipeline to None, run_after=None
[2026-06-18T12:42:56.494+0000] {processor.py:208} INFO - Processing /opt/airflow/dags/dag.py took 0.070 seconds
[2026-06-18T12:43:26.608+0000] {processor.py:186} INFO - Started process (PID=214) to work on /opt/airflow/dags/dag.py
[2026-06-18T12:43:26.609+0000] {processor.py:914} INFO - Processing file /opt/airflow/dags/dag.py for tasks to queue
[2026-06-18T12:43:26.610+0000] {logging_mixin.py:190} INFO - [2026-06-18T12:43:26.610+0000] {dagbag.py:588} INFO - Filling up the DagBag from /opt/airflow/dags/dag.py
[2026-06-18T12:43:26.629+0000] {processor.py:925} INFO - DAG(s) 'f1_medallion_pipeline' retrieved from /opt/airflow/dags/dag.py
[2026-06-18T12:43:26.651+0000] {logging_mixin.py:190} INFO - [2026-06-18T12:43:26.651+0000] {dag.py:3239} INFO - Sync 1 DAGs
[2026-06-18T12:43:26.660+0000] {logging_mixin.py:190} INFO - [2026-06-18T12:43:26.660+0000] {dag.py:4180} INFO - Setting next_dagrun for f1_medallion_pipeline to None, run_after=None
[2026-06-18T12:43:26.675+0000] {processor.py:208} INFO - Processing /opt/airflow/dags/dag.py took 0.076 seconds
[2026-06-18T12:50:29.098+0000] {processor.py:186} INFO - Started process (PID=197) to work on /opt/airflow/dags/dag.py
[2026-06-18T12:50:29.099+0000] {processor.py:914} INFO - Processing file /opt/airflow/dags/dag.py for tasks to queue
[2026-06-18T12:50:29.100+0000] {logging_mixin.py:190} INFO - [2026-06-18T12:50:29.100+0000] {dagbag.py:588} INFO - Filling up the DagBag from /opt/airflow/dags/dag.py
[2026-06-18T12:50:29.134+0000] {processor.py:925} INFO - DAG(s) 'f1_medallion_pipeline' retrieved from /opt/airflow/dags/dag.py
[2026-06-18T12:50:29.174+0000] {logging_mixin.py:190} INFO - [2026-06-18T12:50:29.174+0000] {dag.py:3239} INFO - Sync 1 DAGs
[2026-06-18T12:50:29.188+0000] {logging_mixin.py:190} INFO - [2026-06-18T12:50:29.188+0000] {dag.py:4180} INFO - Setting next_dagrun for f1_medallion_pipeline to None, run_after=None
[2026-06-18T12:50:29.206+0000] {processor.py:208} INFO - Processing /opt/airflow/dags/dag.py took 0.118 seconds
[2026-06-18T12:50:59.285+0000] {processor.py:186} INFO - Started process (PID=206) to work on /opt/airflow/dags/dag.py
[2026-06-18T12:50:59.286+0000] {processor.py:914} INFO - Processing file /opt/airflow/dags/dag.py for tasks to queue
[2026-06-18T12:50:59.287+0000] {logging_mixin.py:190} INFO - [2026-06-18T12:50:59.287+0000] {dagbag.py:588} INFO - Filling up the DagBag from /opt/airflow/dags/dag.py
[2026-06-18T12:50:59.307+0000] {processor.py:925} INFO - DAG(s) 'f1_medallion_pipeline' retrieved from /opt/airflow/dags/dag.py
[2026-06-18T12:50:59.330+0000] {logging_mixin.py:190} INFO - [2026-06-18T12:50:59.330+0000] {dag.py:3239} INFO - Sync 1 DAGs
[2026-06-18T12:50:59.341+0000] {logging_mixin.py:190} INFO - [2026-06-18T12:50:59.341+0000] {dag.py:4180} INFO - Setting next_dagrun for f1_medallion_pipeline to None, run_after=None
[2026-06-18T12:50:59.357+0000] {processor.py:208} INFO - Processing /opt/airflow/dags/dag.py took 0.082 seconds
[2026-06-18T12:51:29.553+0000] {processor.py:186} INFO - Started process (PID=214) to work on /opt/airflow/dags/dag.py
[2026-06-18T12:51:29.554+0000] {processor.py:914} INFO - Processing file /opt/airflow/dags/dag.py for tasks to queue
[2026-06-18T12:51:29.555+0000] {logging_mixin.py:190} INFO - [2026-06-18T12:51:29.555+0000] {dagbag.py:588} INFO - Filling up the DagBag from /opt/airflow/dags/dag.py
[2026-06-18T12:51:29.577+0000] {processor.py:925} INFO - DAG(s) 'f1_medallion_pipeline' retrieved from /opt/airflow/dags/dag.py
[2026-06-18T12:51:29.597+0000] {logging_mixin.py:190} INFO - [2026-06-18T12:51:29.597+0000] {dag.py:3239} INFO - Sync 1 DAGs
[2026-06-18T12:51:29.605+0000] {logging_mixin.py:190} INFO - [2026-06-18T12:51:29.605+0000] {dag.py:4180} INFO - Setting next_dagrun for f1_medallion_pipeline to None, run_after=None
[2026-06-18T12:51:29.619+0000] {processor.py:208} INFO - Processing /opt/airflow/dags/dag.py took 0.074 seconds
[2026-06-18T12:51:59.731+0000] {processor.py:186} INFO - Started process (PID=219) to work on /opt/airflow/dags/dag.py
[2026-06-18T12:51:59.732+0000] {processor.py:914} INFO - Processing file /opt/airflow/dags/dag.py for tasks to queue
[2026-06-18T12:51:59.733+0000] {logging_mixin.py:190} INFO - [2026-06-18T12:51:59.733+0000] {dagbag.py:588} INFO - Filling up the DagBag from /opt/airflow/dags/dag.py
[2026-06-18T12:51:59.752+0000] {processor.py:925} INFO - DAG(s) 'f1_medallion_pipeline' retrieved from /opt/airflow/dags/dag.py
[2026-06-18T12:51:59.774+0000] {logging_mixin.py:190} INFO - [2026-06-18T12:51:59.774+0000] {dag.py:3239} INFO - Sync 1 DAGs
[2026-06-18T12:51:59.782+0000] {logging_mixin.py:190} INFO - [2026-06-18T12:51:59.782+0000] {dag.py:4180} INFO - Setting next_dagrun for f1_medallion_pipeline to None, run_after=None
[2026-06-18T12:51:59.797+0000] {processor.py:208} INFO - Processing /opt/airflow/dags/dag.py took 0.076 seconds
[2026-06-18T12:52:29.961+0000] {processor.py:186} INFO - Started process (PID=224) to work on /opt/airflow/dags/dag.py
[2026-06-18T12:52:29.961+0000] {processor.py:914} INFO - Processing file /opt/airflow/dags/dag.py for tasks to queue
[2026-06-18T12:52:29.962+0000] {logging_mixin.py:190} INFO - [2026-06-18T12:52:29.962+0000] {dagbag.py:588} INFO - Filling up the DagBag from /opt/airflow/dags/dag.py
[2026-06-18T12:52:29.985+0000] {processor.py:925} INFO - DAG(s) 'f1_medallion_pipeline' retrieved from /opt/airflow/dags/dag.py
[2026-06-18T12:52:30.008+0000] {logging_mixin.py:190} INFO - [2026-06-18T12:52:30.008+0000] {dag.py:3239} INFO - Sync 1 DAGs
[2026-06-18T12:52:30.016+0000] {logging_mixin.py:190} INFO - [2026-06-18T12:52:30.016+0000] {dag.py:4180} INFO - Setting next_dagrun for f1_medallion_pipeline to None, run_after=None
[2026-06-18T12:52:30.030+0000] {processor.py:208} INFO - Processing /opt/airflow/dags/dag.py took 0.078 seconds
[2026-06-18T12:53:00.140+0000] {processor.py:186} INFO - Started process (PID=229) to work on /opt/airflow/dags/dag.py
[2026-06-18T12:53:00.141+0000] {processor.py:914} INFO - Processing file /opt/airflow/dags/dag.py for tasks to queue
[2026-06-18T12:53:00.141+0000] {logging_mixin.py:190} INFO - [2026-06-18T12:53:00.141+0000] {dagbag.py:588} INFO - Filling up the DagBag from /opt/airflow/dags/dag.py
[2026-06-18T12:53:00.158+0000] {processor.py:925} INFO - DAG(s) 'f1_medallion_pipeline' retrieved from /opt/airflow/dags/dag.py
[2026-06-18T12:53:00.178+0000] {logging_mixin.py:190} INFO - [2026-06-18T12:53:00.177+0000] {dag.py:3239} INFO - Sync 1 DAGs
[2026-06-18T12:53:00.185+0000] {logging_mixin.py:190} INFO - [2026-06-18T12:53:00.185+0000] {dag.py:4180} INFO - Setting next_dagrun for f1_medallion_pipeline to None, run_after=None
[2026-06-18T12:53:00.197+0000] {processor.py:208} INFO - Processing /opt/airflow/dags/dag.py took 0.066 seconds
[2026-06-18T12:53:30.365+0000] {processor.py:186} INFO - Started process (PID=234) to work on /opt/airflow/dags/dag.py
[2026-06-18T12:53:30.365+0000] {processor.py:914} INFO - Processing file /opt/airflow/dags/dag.py for tasks to queue
[2026-06-18T12:53:30.367+0000] {logging_mixin.py:190} INFO - [2026-06-18T12:53:30.366+0000] {dagbag.py:588} INFO - Filling up the DagBag from /opt/airflow/dags/dag.py
[2026-06-18T12:53:30.383+0000] {processor.py:925} INFO - DAG(s) 'f1_medallion_pipeline' retrieved from /opt/airflow/dags/dag.py
[2026-06-18T12:53:30.401+0000] {logging_mixin.py:190} INFO - [2026-06-18T12:53:30.401+0000] {dag.py:3239} INFO - Sync 1 DAGs
[2026-06-18T12:53:30.409+0000] {logging_mixin.py:190} INFO - [2026-06-18T12:53:30.409+0000] {dag.py:4180} INFO - Setting next_dagrun for f1_medallion_pipeline to None, run_after=None
[2026-06-18T12:53:30.421+0000] {processor.py:208} INFO - Processing /opt/airflow/dags/dag.py took 0.066 seconds
[2026-06-18T12:54:29.780+0000] {processor.py:186} INFO - Started process (PID=195) to work on /opt/airflow/dags/dag.py
[2026-06-18T12:54:29.781+0000] {processor.py:914} INFO - Processing file /opt/airflow/dags/dag.py for tasks to queue
[2026-06-18T12:54:29.782+0000] {logging_mixin.py:190} INFO - [2026-06-18T12:54:29.782+0000] {dagbag.py:588} INFO - Filling up the DagBag from /opt/airflow/dags/dag.py
[2026-06-18T12:54:29.813+0000] {processor.py:925} INFO - DAG(s) 'f1_medallion_pipeline' retrieved from /opt/airflow/dags/dag.py
[2026-06-18T12:54:29.850+0000] {logging_mixin.py:190} INFO - [2026-06-18T12:54:29.850+0000] {dag.py:3239} INFO - Sync 1 DAGs
[2026-06-18T12:54:29.861+0000] {logging_mixin.py:190} INFO - [2026-06-18T12:54:29.861+0000] {dag.py:4180} INFO - Setting next_dagrun for f1_medallion_pipeline to None, run_after=None
[2026-06-18T12:54:29.876+0000] {processor.py:208} INFO - Processing /opt/airflow/dags/dag.py took 0.105 seconds
[2026-06-18T12:54:59.969+0000] {processor.py:186} INFO - Started process (PID=205) to work on /opt/airflow/dags/dag.py
[2026-06-18T12:54:59.970+0000] {processor.py:914} INFO - Processing file /opt/airflow/dags/dag.py for tasks to queue
[2026-06-18T12:54:59.971+0000] {logging_mixin.py:190} INFO - [2026-06-18T12:54:59.971+0000] {dagbag.py:588} INFO - Filling up the DagBag from /opt/airflow/dags/dag.py
[2026-06-18T12:54:59.988+0000] {processor.py:925} INFO - DAG(s) 'f1_medallion_pipeline' retrieved from /opt/airflow/dags/dag.py
[2026-06-18T12:55:00.011+0000] {logging_mixin.py:190} INFO - [2026-06-18T12:55:00.011+0000] {dag.py:3239} INFO - Sync 1 DAGs
[2026-06-18T12:55:00.024+0000] {logging_mixin.py:190} INFO - [2026-06-18T12:55:00.023+0000] {dag.py:4180} INFO - Setting next_dagrun for f1_medallion_pipeline to None, run_after=None
[2026-06-18T12:55:00.041+0000] {processor.py:208} INFO - Processing /opt/airflow/dags/dag.py took 0.080 seconds
[2026-06-18T12:55:30.213+0000] {processor.py:186} INFO - Started process (PID=210) to work on /opt/airflow/dags/dag.py
[2026-06-18T12:55:30.214+0000] {processor.py:914} INFO - Processing file /opt/airflow/dags/dag.py for tasks to queue
[2026-06-18T12:55:30.215+0000] {logging_mixin.py:190} INFO - [2026-06-18T12:55:30.214+0000] {dagbag.py:588} INFO - Filling up the DagBag from /opt/airflow/dags/dag.py
[2026-06-18T12:55:30.233+0000] {processor.py:925} INFO - DAG(s) 'f1_medallion_pipeline' retrieved from /opt/airflow/dags/dag.py
[2026-06-18T12:55:30.254+0000] {logging_mixin.py:190} INFO - [2026-06-18T12:55:30.254+0000] {dag.py:3239} INFO - Sync 1 DAGs
[2026-06-18T12:55:30.262+0000] {logging_mixin.py:190} INFO - [2026-06-18T12:55:30.262+0000] {dag.py:4180} INFO - Setting next_dagrun for f1_medallion_pipeline to None, run_after=None
[2026-06-18T12:55:30.274+0000] {processor.py:208} INFO - Processing /opt/airflow/dags/dag.py took 0.069 seconds
[2026-06-18T12:56:00.390+0000] {processor.py:186} INFO - Started process (PID=215) to work on /opt/airflow/dags/dag.py
[2026-06-18T12:56:00.391+0000] {processor.py:914} INFO - Processing file /opt/airflow/dags/dag.py for tasks to queue
[2026-06-18T12:56:00.392+0000] {logging_mixin.py:190} INFO - [2026-06-18T12:56:00.392+0000] {dagbag.py:588} INFO - Filling up the DagBag from /opt/airflow/dags/dag.py
[2026-06-18T12:56:00.411+0000] {processor.py:925} INFO - DAG(s) 'f1_medallion_pipeline' retrieved from /opt/airflow/dags/dag.py
[2026-06-18T12:56:00.431+0000] {logging_mixin.py:190} INFO - [2026-06-18T12:56:00.431+0000] {dag.py:3239} INFO - Sync 1 DAGs
[2026-06-18T12:56:00.439+0000] {logging_mixin.py:190} INFO - [2026-06-18T12:56:00.438+0000] {dag.py:4180} INFO - Setting next_dagrun for f1_medallion_pipeline to None, run_after=None
[2026-06-18T12:56:00.450+0000] {processor.py:208} INFO - Processing /opt/airflow/dags/dag.py took 0.067 seconds
[2026-06-18T12:56:30.616+0000] {processor.py:186} INFO - Started process (PID=224) to work on /opt/airflow/dags/dag.py
[2026-06-18T12:56:30.617+0000] {processor.py:914} INFO - Processing file /opt/airflow/dags/dag.py for tasks to queue
[2026-06-18T12:56:30.617+0000] {logging_mixin.py:190} INFO - [2026-06-18T12:56:30.617+0000] {dagbag.py:588} INFO - Filling up the DagBag from /opt/airflow/dags/dag.py
[2026-06-18T12:56:30.634+0000] {processor.py:925} INFO - DAG(s) 'f1_medallion_pipeline' retrieved from /opt/airflow/dags/dag.py
[2026-06-18T12:56:30.653+0000] {logging_mixin.py:190} INFO - [2026-06-18T12:56:30.652+0000] {dag.py:3239} INFO - Sync 1 DAGs
[2026-06-18T12:56:30.661+0000] {logging_mixin.py:190} INFO - [2026-06-18T12:56:30.661+0000] {dag.py:4180} INFO - Setting next_dagrun for f1_medallion_pipeline to None, run_after=None
[2026-06-18T12:56:30.673+0000] {processor.py:208} INFO - Processing /opt/airflow/dags/dag.py took 0.064 seconds
[2026-06-18T12:57:00.797+0000] {processor.py:186} INFO - Started process (PID=229) to work on /opt/airflow/dags/dag.py
[2026-06-18T12:57:00.798+0000] {processor.py:914} INFO - Processing file /opt/airflow/dags/dag.py for tasks to queue
[2026-06-18T12:57:00.799+0000] {logging_mixin.py:190} INFO - [2026-06-18T12:57:00.798+0000] {dagbag.py:588} INFO - Filling up the DagBag from /opt/airflow/dags/dag.py
[2026-06-18T12:57:00.815+0000] {processor.py:925} INFO - DAG(s) 'f1_medallion_pipeline' retrieved from /opt/airflow/dags/dag.py
[2026-06-18T12:57:00.833+0000] {logging_mixin.py:190} INFO - [2026-06-18T12:57:00.833+0000] {dag.py:3239} INFO - Sync 1 DAGs
[2026-06-18T12:57:00.841+0000] {logging_mixin.py:190} INFO - [2026-06-18T12:57:00.841+0000] {dag.py:4180} INFO - Setting next_dagrun for f1_medallion_pipeline to None, run_after=None
[2026-06-18T12:57:00.853+0000] {processor.py:208} INFO - Processing /opt/airflow/dags/dag.py took 0.068 seconds
[2026-06-18T12:57:29.726+0000] {processor.py:186} INFO - Started process (PID=197) to work on /opt/airflow/dags/dag.py
[2026-06-18T12:57:29.726+0000] {processor.py:914} INFO - Processing file /opt/airflow/dags/dag.py for tasks to queue
[2026-06-18T12:57:29.727+0000] {logging_mixin.py:190} INFO - [2026-06-18T12:57:29.727+0000] {dagbag.py:588} INFO - Filling up the DagBag from /opt/airflow/dags/dag.py
[2026-06-18T12:57:29.750+0000] {processor.py:925} INFO - DAG(s) 'f1_medallion_pipeline' retrieved from /opt/airflow/dags/dag.py
[2026-06-18T12:57:29.779+0000] {logging_mixin.py:190} INFO - [2026-06-18T12:57:29.779+0000] {dag.py:3239} INFO - Sync 1 DAGs
[2026-06-18T12:57:29.789+0000] {logging_mixin.py:190} INFO - [2026-06-18T12:57:29.789+0000] {dag.py:4180} INFO - Setting next_dagrun for f1_medallion_pipeline to None, run_after=None
[2026-06-18T12:57:29.803+0000] {processor.py:208} INFO - Processing /opt/airflow/dags/dag.py took 0.085 seconds
[2026-06-18T12:57:59.907+0000] {processor.py:186} INFO - Started process (PID=202) to work on /opt/airflow/dags/dag.py
[2026-06-18T12:57:59.907+0000] {processor.py:914} INFO - Processing file /opt/airflow/dags/dag.py for tasks to queue
[2026-06-18T12:57:59.908+0000] {logging_mixin.py:190} INFO - [2026-06-18T12:57:59.908+0000] {dagbag.py:588} INFO - Filling up the DagBag from /opt/airflow/dags/dag.py
[2026-06-18T12:57:59.925+0000] {processor.py:925} INFO - DAG(s) 'f1_medallion_pipeline' retrieved from /opt/airflow/dags/dag.py
[2026-06-18T12:57:59.945+0000] {logging_mixin.py:190} INFO - [2026-06-18T12:57:59.945+0000] {dag.py:3239} INFO - Sync 1 DAGs
[2026-06-18T12:57:59.955+0000] {logging_mixin.py:190} INFO - [2026-06-18T12:57:59.955+0000] {dag.py:4180} INFO - Setting next_dagrun for f1_medallion_pipeline to None, run_after=None
[2026-06-18T12:57:59.969+0000] {processor.py:208} INFO - Processing /opt/airflow/dags/dag.py took 0.069 seconds
[2026-06-18T12:58:30.145+0000] {processor.py:186} INFO - Started process (PID=210) to work on /opt/airflow/dags/dag.py
[2026-06-18T12:58:30.146+0000] {processor.py:914} INFO - Processing file /opt/airflow/dags/dag.py for tasks to queue
[2026-06-18T12:58:30.147+0000] {logging_mixin.py:190} INFO - [2026-06-18T12:58:30.147+0000] {dagbag.py:588} INFO - Filling up the DagBag from /opt/airflow/dags/dag.py
[2026-06-18T12:58:30.164+0000] {processor.py:925} INFO - DAG(s) 'f1_medallion_pipeline' retrieved from /opt/airflow/dags/dag.py
[2026-06-18T12:58:30.184+0000] {logging_mixin.py:190} INFO - [2026-06-18T12:58:30.184+0000] {dag.py:3239} INFO - Sync 1 DAGs
[2026-06-18T12:58:30.192+0000] {logging_mixin.py:190} INFO - [2026-06-18T12:58:30.192+0000] {dag.py:4180} INFO - Setting next_dagrun for f1_medallion_pipeline to None, run_after=None
[2026-06-18T12:58:30.205+0000] {processor.py:208} INFO - Processing /opt/airflow/dags/dag.py took 0.067 seconds
[2026-06-18T12:58:59.376+0000] {processor.py:186} INFO - Started process (PID=197) to work on /opt/airflow/dags/dag.py
[2026-06-18T12:58:59.377+0000] {processor.py:914} INFO - Processing file /opt/airflow/dags/dag.py for tasks to queue
[2026-06-18T12:58:59.378+0000] {logging_mixin.py:190} INFO - [2026-06-18T12:58:59.377+0000] {dagbag.py:588} INFO - Filling up the DagBag from /opt/airflow/dags/dag.py
[2026-06-18T12:58:59.403+0000] {processor.py:925} INFO - DAG(s) 'f1_medallion_pipeline' retrieved from /opt/airflow/dags/dag.py
[2026-06-18T12:58:59.434+0000] {logging_mixin.py:190} INFO - [2026-06-18T12:58:59.434+0000] {dag.py:3239} INFO - Sync 1 DAGs
[2026-06-18T12:58:59.442+0000] {logging_mixin.py:190} INFO - [2026-06-18T12:58:59.441+0000] {dag.py:4180} INFO - Setting next_dagrun for f1_medallion_pipeline to None, run_after=None
[2026-06-18T12:58:59.457+0000] {processor.py:208} INFO - Processing /opt/airflow/dags/dag.py took 0.089 seconds
[2026-06-18T12:59:29.558+0000] {processor.py:186} INFO - Started process (PID=206) to work on /opt/airflow/dags/dag.py
[2026-06-18T12:59:29.558+0000] {processor.py:914} INFO - Processing file /opt/airflow/dags/dag.py for tasks to queue
[2026-06-18T12:59:29.560+0000] {logging_mixin.py:190} INFO - [2026-06-18T12:59:29.559+0000] {dagbag.py:588} INFO - Filling up the DagBag from /opt/airflow/dags/dag.py
[2026-06-18T12:59:29.577+0000] {processor.py:925} INFO - DAG(s) 'f1_medallion_pipeline' retrieved from /opt/airflow/dags/dag.py
[2026-06-18T12:59:29.596+0000] {logging_mixin.py:190} INFO - [2026-06-18T12:59:29.596+0000] {dag.py:3239} INFO - Sync 1 DAGs
[2026-06-18T12:59:29.605+0000] {logging_mixin.py:190} INFO - [2026-06-18T12:59:29.605+0000] {dag.py:4180} INFO - Setting next_dagrun for f1_medallion_pipeline to None, run_after=None
[2026-06-18T12:59:29.617+0000] {processor.py:208} INFO - Processing /opt/airflow/dags/dag.py took 0.067 seconds
[2026-06-18T12:59:59.810+0000] {processor.py:186} INFO - Started process (PID=211) to work on /opt/airflow/dags/dag.py
[2026-06-18T12:59:59.811+0000] {processor.py:914} INFO - Processing file /opt/airflow/dags/dag.py for tasks to queue
[2026-06-18T12:59:59.812+0000] {logging_mixin.py:190} INFO - [2026-06-18T12:59:59.812+0000] {dagbag.py:588} INFO - Filling up the DagBag from /opt/airflow/dags/dag.py
[2026-06-18T12:59:59.829+0000] {processor.py:925} INFO - DAG(s) 'f1_medallion_pipeline' retrieved from /opt/airflow/dags/dag.py
[2026-06-18T12:59:59.850+0000] {logging_mixin.py:190} INFO - [2026-06-18T12:59:59.850+0000] {dag.py:3239} INFO - Sync 1 DAGs
[2026-06-18T12:59:59.859+0000] {logging_mixin.py:190} INFO - [2026-06-18T12:59:59.858+0000] {dag.py:4180} INFO - Setting next_dagrun for f1_medallion_pipeline to None, run_after=None
[2026-06-18T12:59:59.872+0000] {processor.py:208} INFO - Processing /opt/airflow/dags/dag.py took 0.071 seconds
[2026-06-18T13:00:30.000+0000] {processor.py:186} INFO - Started process (PID=220) to work on /opt/airflow/dags/dag.py
[2026-06-18T13:00:30.001+0000] {processor.py:914} INFO - Processing file /opt/airflow/dags/dag.py for tasks to queue
[2026-06-18T13:00:30.003+0000] {logging_mixin.py:190} INFO - [2026-06-18T13:00:30.002+0000] {dagbag.py:588} INFO - Filling up the DagBag from /opt/airflow/dags/dag.py
[2026-06-18T13:00:30.024+0000] {processor.py:925} INFO - DAG(s) 'f1_medallion_pipeline' retrieved from /opt/airflow/dags/dag.py
[2026-06-18T13:00:30.048+0000] {logging_mixin.py:190} INFO - [2026-06-18T13:00:30.048+0000] {dag.py:3239} INFO - Sync 1 DAGs
[2026-06-18T13:00:30.057+0000] {logging_mixin.py:190} INFO - [2026-06-18T13:00:30.057+0000] {dag.py:4180} INFO - Setting next_dagrun for f1_medallion_pipeline to None, run_after=None
[2026-06-18T13:00:30.074+0000] {processor.py:208} INFO - Processing /opt/airflow/dags/dag.py took 0.083 seconds
[2026-06-18T13:01:00.232+0000] {processor.py:186} INFO - Started process (PID=225) to work on /opt/airflow/dags/dag.py
[2026-06-18T13:01:00.232+0000] {processor.py:914} INFO - Processing file /opt/airflow/dags/dag.py for tasks to queue
[2026-06-18T13:01:00.233+0000] {logging_mixin.py:190} INFO - [2026-06-18T13:01:00.233+0000] {dagbag.py:588} INFO - Filling up the DagBag from /opt/airflow/dags/dag.py
[2026-06-18T13:01:00.250+0000] {processor.py:925} INFO - DAG(s) 'f1_medallion_pipeline' retrieved from /opt/airflow/dags/dag.py
[2026-06-18T13:01:00.268+0000] {logging_mixin.py:190} INFO - [2026-06-18T13:01:00.268+0000] {dag.py:3239} INFO - Sync 1 DAGs
[2026-06-18T13:01:00.276+0000] {logging_mixin.py:190} INFO - [2026-06-18T13:01:00.276+0000] {dag.py:4180} INFO - Setting next_dagrun for f1_medallion_pipeline to None, run_after=None
[2026-06-18T13:01:00.289+0000] {processor.py:208} INFO - Processing /opt/airflow/dags/dag.py took 0.064 seconds
[2026-06-18T13:01:30.419+0000] {processor.py:186} INFO - Started process (PID=230) to work on /opt/airflow/dags/dag.py
[2026-06-18T13:01:30.420+0000] {processor.py:914} INFO - Processing file /opt/airflow/dags/dag.py for tasks to queue
[2026-06-18T13:01:30.421+0000] {logging_mixin.py:190} INFO - [2026-06-18T13:01:30.421+0000] {dagbag.py:588} INFO - Filling up the DagBag from /opt/airflow/dags/dag.py
[2026-06-18T13:01:30.441+0000] {processor.py:925} INFO - DAG(s) 'f1_medallion_pipeline' retrieved from /opt/airflow/dags/dag.py
[2026-06-18T13:01:30.465+0000] {logging_mixin.py:190} INFO - [2026-06-18T13:01:30.465+0000] {dag.py:3239} INFO - Sync 1 DAGs
[2026-06-18T13:01:30.474+0000] {logging_mixin.py:190} INFO - [2026-06-18T13:01:30.474+0000] {dag.py:4180} INFO - Setting next_dagrun for f1_medallion_pipeline to None, run_after=None
[2026-06-18T13:01:30.489+0000] {processor.py:208} INFO - Processing /opt/airflow/dags/dag.py took 0.077 seconds
[2026-06-18T13:02:00.619+0000] {processor.py:186} INFO - Started process (PID=235) to work on /opt/airflow/dags/dag.py
[2026-06-18T13:02:00.620+0000] {processor.py:914} INFO - Processing file /opt/airflow/dags/dag.py for tasks to queue
[2026-06-18T13:02:00.620+0000] {logging_mixin.py:190} INFO - [2026-06-18T13:02:00.620+0000] {dagbag.py:588} INFO - Filling up the DagBag from /opt/airflow/dags/dag.py
[2026-06-18T13:02:00.636+0000] {processor.py:925} INFO - DAG(s) 'f1_medallion_pipeline' retrieved from /opt/airflow/dags/dag.py
[2026-06-18T13:02:00.653+0000] {logging_mixin.py:190} INFO - [2026-06-18T13:02:00.653+0000] {dag.py:3239} INFO - Sync 1 DAGs
[2026-06-18T13:02:00.661+0000] {logging_mixin.py:190} INFO - [2026-06-18T13:02:00.661+0000] {dag.py:4180} INFO - Setting next_dagrun for f1_medallion_pipeline to None, run_after=None
[2026-06-18T13:02:00.674+0000] {processor.py:208} INFO - Processing /opt/airflow/dags/dag.py took 0.062 seconds
[2026-06-18T13:02:30.814+0000] {processor.py:186} INFO - Started process (PID=240) to work on /opt/airflow/dags/dag.py
[2026-06-18T13:02:30.814+0000] {processor.py:914} INFO - Processing file /opt/airflow/dags/dag.py for tasks to queue
[2026-06-18T13:02:30.815+0000] {logging_mixin.py:190} INFO - [2026-06-18T13:02:30.815+0000] {dagbag.py:588} INFO - Filling up the DagBag from /opt/airflow/dags/dag.py
[2026-06-18T13:02:30.832+0000] {processor.py:925} INFO - DAG(s) 'f1_medallion_pipeline' retrieved from /opt/airflow/dags/dag.py
[2026-06-18T13:02:30.850+0000] {logging_mixin.py:190} INFO - [2026-06-18T13:02:30.850+0000] {dag.py:3239} INFO - Sync 1 DAGs
[2026-06-18T13:02:30.858+0000] {logging_mixin.py:190} INFO - [2026-06-18T13:02:30.858+0000] {dag.py:4180} INFO - Setting next_dagrun for f1_medallion_pipeline to None, run_after=None
[2026-06-18T13:02:30.870+0000] {processor.py:208} INFO - Processing /opt/airflow/dags/dag.py took 0.063 seconds
[2026-06-18T13:03:00.996+0000] {processor.py:186} INFO - Started process (PID=245) to work on /opt/airflow/dags/dag.py
[2026-06-18T13:03:00.997+0000] {processor.py:914} INFO - Processing file /opt/airflow/dags/dag.py for tasks to queue
[2026-06-18T13:03:00.997+0000] {logging_mixin.py:190} INFO - [2026-06-18T13:03:00.997+0000] {dagbag.py:588} INFO - Filling up the DagBag from /opt/airflow/dags/dag.py
[2026-06-18T13:03:01.015+0000] {processor.py:925} INFO - DAG(s) 'f1_medallion_pipeline' retrieved from /opt/airflow/dags/dag.py
[2026-06-18T13:03:01.036+0000] {logging_mixin.py:190} INFO - [2026-06-18T13:03:01.036+0000] {dag.py:3239} INFO - Sync 1 DAGs
[2026-06-18T13:03:01.044+0000] {logging_mixin.py:190} INFO - [2026-06-18T13:03:01.044+0000] {dag.py:4180} INFO - Setting next_dagrun for f1_medallion_pipeline to None, run_after=None
[2026-06-18T13:03:01.058+0000] {processor.py:208} INFO - Processing /opt/airflow/dags/dag.py took 0.070 seconds
[2026-06-18T13:03:31.216+0000] {processor.py:186} INFO - Started process (PID=254) to work on /opt/airflow/dags/dag.py
[2026-06-18T13:03:31.217+0000] {processor.py:914} INFO - Processing file /opt/airflow/dags/dag.py for tasks to queue
[2026-06-18T13:03:31.218+0000] {logging_mixin.py:190} INFO - [2026-06-18T13:03:31.218+0000] {dagbag.py:588} INFO - Filling up the DagBag from /opt/airflow/dags/dag.py
[2026-06-18T13:03:31.234+0000] {processor.py:925} INFO - DAG(s) 'f1_medallion_pipeline' retrieved from /opt/airflow/dags/dag.py
[2026-06-18T13:03:31.252+0000] {logging_mixin.py:190} INFO - [2026-06-18T13:03:31.252+0000] {dag.py:3239} INFO - Sync 1 DAGs
[2026-06-18T13:03:31.261+0000] {logging_mixin.py:190} INFO - [2026-06-18T13:03:31.261+0000] {dag.py:4180} INFO - Setting next_dagrun for f1_medallion_pipeline to None, run_after=None
[2026-06-18T13:03:31.273+0000] {processor.py:208} INFO - Processing /opt/airflow/dags/dag.py took 0.064 seconds
[2026-06-18T13:04:01.452+0000] {processor.py:186} INFO - Started process (PID=259) to work on /opt/airflow/dags/dag.py
[2026-06-18T13:04:01.452+0000] {processor.py:914} INFO - Processing file /opt/airflow/dags/dag.py for tasks to queue
[2026-06-18T13:04:01.453+0000] {logging_mixin.py:190} INFO - [2026-06-18T13:04:01.453+0000] {dagbag.py:588} INFO - Filling up the DagBag from /opt/airflow/dags/dag.py
[2026-06-18T13:04:01.471+0000] {processor.py:925} INFO - DAG(s) 'f1_medallion_pipeline' retrieved from /opt/airflow/dags/dag.py
[2026-06-18T13:04:01.494+0000] {logging_mixin.py:190} INFO - [2026-06-18T13:04:01.494+0000] {dag.py:3239} INFO - Sync 1 DAGs
[2026-06-18T13:04:01.503+0000] {logging_mixin.py:190} INFO - [2026-06-18T13:04:01.503+0000] {dag.py:4180} INFO - Setting next_dagrun for f1_medallion_pipeline to None, run_after=None
[2026-06-18T13:04:01.520+0000] {processor.py:208} INFO - Processing /opt/airflow/dags/dag.py took 0.078 seconds
[2026-06-18T13:04:31.627+0000] {processor.py:186} INFO - Started process (PID=264) to work on /opt/airflow/dags/dag.py
[2026-06-18T13:04:31.628+0000] {processor.py:914} INFO - Processing file /opt/airflow/dags/dag.py for tasks to queue
[2026-06-18T13:04:31.629+0000] {logging_mixin.py:190} INFO - [2026-06-18T13:04:31.629+0000] {dagbag.py:588} INFO - Filling up the DagBag from /opt/airflow/dags/dag.py
[2026-06-18T13:04:31.650+0000] {processor.py:925} INFO - DAG(s) 'f1_medallion_pipeline' retrieved from /opt/airflow/dags/dag.py
[2026-06-18T13:04:31.678+0000] {logging_mixin.py:190} INFO - [2026-06-18T13:04:31.677+0000] {dag.py:3239} INFO - Sync 1 DAGs
[2026-06-18T13:04:31.687+0000] {logging_mixin.py:190} INFO - [2026-06-18T13:04:31.687+0000] {dag.py:4180} INFO - Setting next_dagrun for f1_medallion_pipeline to None, run_after=None
[2026-06-18T13:04:31.705+0000] {processor.py:208} INFO - Processing /opt/airflow/dags/dag.py took 0.088 seconds
[2026-06-18T13:05:24.231+0000] {processor.py:186} INFO - Started process (PID=198) to work on /opt/airflow/dags/dag.py
[2026-06-18T13:05:24.232+0000] {processor.py:914} INFO - Processing file /opt/airflow/dags/dag.py for tasks to queue
[2026-06-18T13:05:24.232+0000] {logging_mixin.py:190} INFO - [2026-06-18T13:05:24.232+0000] {dagbag.py:588} INFO - Filling up the DagBag from /opt/airflow/dags/dag.py
[2026-06-18T13:05:24.267+0000] {processor.py:925} INFO - DAG(s) 'f1_medallion_pipeline' retrieved from /opt/airflow/dags/dag.py
[2026-06-18T13:05:24.300+0000] {logging_mixin.py:190} INFO - [2026-06-18T13:05:24.300+0000] {dag.py:3239} INFO - Sync 1 DAGs
[2026-06-18T13:05:24.309+0000] {logging_mixin.py:190} INFO - [2026-06-18T13:05:24.309+0000] {dag.py:4180} INFO - Setting next_dagrun for f1_medallion_pipeline to None, run_after=None
[2026-06-18T13:05:24.323+0000] {processor.py:208} INFO - Processing /opt/airflow/dags/dag.py took 0.100 seconds
[2026-06-18T13:05:54.442+0000] {processor.py:186} INFO - Started process (PID=210) to work on /opt/airflow/dags/dag.py
[2026-06-18T13:05:54.444+0000] {processor.py:914} INFO - Processing file /opt/airflow/dags/dag.py for tasks to queue
[2026-06-18T13:05:54.445+0000] {logging_mixin.py:190} INFO - [2026-06-18T13:05:54.444+0000] {dagbag.py:588} INFO - Filling up the DagBag from /opt/airflow/dags/dag.py
[2026-06-18T13:05:54.467+0000] {processor.py:925} INFO - DAG(s) 'f1_medallion_pipeline' retrieved from /opt/airflow/dags/dag.py
[2026-06-18T13:05:54.494+0000] {logging_mixin.py:190} INFO - [2026-06-18T13:05:54.494+0000] {dag.py:3239} INFO - Sync 1 DAGs
[2026-06-18T13:05:54.507+0000] {logging_mixin.py:190} INFO - [2026-06-18T13:05:54.506+0000] {dag.py:4180} INFO - Setting next_dagrun for f1_medallion_pipeline to None, run_after=None
[2026-06-18T13:05:54.520+0000] {processor.py:208} INFO - Processing /opt/airflow/dags/dag.py took 0.088 seconds
[2026-06-18T13:06:24.684+0000] {processor.py:186} INFO - Started process (PID=215) to work on /opt/airflow/dags/dag.py
[2026-06-18T13:06:24.685+0000] {processor.py:914} INFO - Processing file /opt/airflow/dags/dag.py for tasks to queue
[2026-06-18T13:06:24.686+0000] {logging_mixin.py:190} INFO - [2026-06-18T13:06:24.686+0000] {dagbag.py:588} INFO - Filling up the DagBag from /opt/airflow/dags/dag.py
[2026-06-18T13:06:24.706+0000] {processor.py:925} INFO - DAG(s) 'f1_medallion_pipeline' retrieved from /opt/airflow/dags/dag.py
[2026-06-18T13:06:24.729+0000] {logging_mixin.py:190} INFO - [2026-06-18T13:06:24.729+0000] {dag.py:3239} INFO - Sync 1 DAGs
[2026-06-18T13:06:24.738+0000] {logging_mixin.py:190} INFO - [2026-06-18T13:06:24.738+0000] {dag.py:4180} INFO - Setting next_dagrun for f1_medallion_pipeline to None, run_after=None
[2026-06-18T13:06:24.751+0000] {processor.py:208} INFO - Processing /opt/airflow/dags/dag.py took 0.076 seconds
[2026-06-18T13:06:54.885+0000] {processor.py:186} INFO - Started process (PID=224) to work on /opt/airflow/dags/dag.py
[2026-06-18T13:06:54.886+0000] {processor.py:914} INFO - Processing file /opt/airflow/dags/dag.py for tasks to queue
[2026-06-18T13:06:54.887+0000] {logging_mixin.py:190} INFO - [2026-06-18T13:06:54.887+0000] {dagbag.py:588} INFO - Filling up the DagBag from /opt/airflow/dags/dag.py
[2026-06-18T13:06:54.908+0000] {processor.py:925} INFO - DAG(s) 'f1_medallion_pipeline' retrieved from /opt/airflow/dags/dag.py
[2026-06-18T13:06:54.930+0000] {logging_mixin.py:190} INFO - [2026-06-18T13:06:54.930+0000] {dag.py:3239} INFO - Sync 1 DAGs
[2026-06-18T13:06:54.941+0000] {logging_mixin.py:190} INFO - [2026-06-18T13:06:54.941+0000] {dag.py:4180} INFO - Setting next_dagrun for f1_medallion_pipeline to None, run_after=None
[2026-06-18T13:06:54.956+0000] {processor.py:208} INFO - Processing /opt/airflow/dags/dag.py took 0.079 seconds
[2026-06-18T13:07:25.205+0000] {processor.py:186} INFO - Started process (PID=229) to work on /opt/airflow/dags/dag.py
[2026-06-18T13:07:25.207+0000] {processor.py:914} INFO - Processing file /opt/airflow/dags/dag.py for tasks to queue
[2026-06-18T13:07:25.215+0000] {logging_mixin.py:190} INFO - [2026-06-18T13:07:25.214+0000] {dagbag.py:588} INFO - Filling up the DagBag from /opt/airflow/dags/dag.py
[2026-06-18T13:07:25.338+0000] {processor.py:925} INFO - DAG(s) 'f1_medallion_pipeline' retrieved from /opt/airflow/dags/dag.py
[2026-06-18T13:07:25.449+0000] {logging_mixin.py:190} INFO - [2026-06-18T13:07:25.449+0000] {dag.py:3239} INFO - Sync 1 DAGs
[2026-06-18T13:07:25.536+0000] {logging_mixin.py:190} INFO - [2026-06-18T13:07:25.536+0000] {dag.py:4180} INFO - Setting next_dagrun for f1_medallion_pipeline to None, run_after=None
[2026-06-18T13:07:25.610+0000] {processor.py:208} INFO - Processing /opt/airflow/dags/dag.py took 0.454 seconds
[2026-06-18T13:07:56.286+0000] {processor.py:186} INFO - Started process (PID=234) to work on /opt/airflow/dags/dag.py
[2026-06-18T13:07:56.291+0000] {processor.py:914} INFO - Processing file /opt/airflow/dags/dag.py for tasks to queue
[2026-06-18T13:07:56.303+0000] {logging_mixin.py:190} INFO - [2026-06-18T13:07:56.298+0000] {dagbag.py:588} INFO - Filling up the DagBag from /opt/airflow/dags/dag.py
[2026-06-18T13:07:56.449+0000] {processor.py:925} INFO - DAG(s) 'f1_medallion_pipeline' retrieved from /opt/airflow/dags/dag.py
[2026-06-18T13:07:56.621+0000] {logging_mixin.py:190} INFO - [2026-06-18T13:07:56.621+0000] {dag.py:3239} INFO - Sync 1 DAGs
[2026-06-18T13:07:56.675+0000] {logging_mixin.py:190} INFO - [2026-06-18T13:07:56.674+0000] {dag.py:4180} INFO - Setting next_dagrun for f1_medallion_pipeline to None, run_after=None
[2026-06-18T13:07:56.708+0000] {processor.py:208} INFO - Processing /opt/airflow/dags/dag.py took 0.502 seconds
[2026-06-18T13:08:26.944+0000] {processor.py:186} INFO - Started process (PID=239) to work on /opt/airflow/dags/dag.py
[2026-06-18T13:08:26.945+0000] {processor.py:914} INFO - Processing file /opt/airflow/dags/dag.py for tasks to queue
[2026-06-18T13:08:26.946+0000] {logging_mixin.py:190} INFO - [2026-06-18T13:08:26.946+0000] {dagbag.py:588} INFO - Filling up the DagBag from /opt/airflow/dags/dag.py
[2026-06-18T13:08:26.968+0000] {processor.py:925} INFO - DAG(s) 'f1_medallion_pipeline' retrieved from /opt/airflow/dags/dag.py
[2026-06-18T13:08:26.994+0000] {logging_mixin.py:190} INFO - [2026-06-18T13:08:26.994+0000] {dag.py:3239} INFO - Sync 1 DAGs
[2026-06-18T13:08:27.005+0000] {logging_mixin.py:190} INFO - [2026-06-18T13:08:27.005+0000] {dag.py:4180} INFO - Setting next_dagrun for f1_medallion_pipeline to None, run_after=None
[2026-06-18T13:08:27.020+0000] {processor.py:208} INFO - Processing /opt/airflow/dags/dag.py took 0.087 seconds
[2026-06-18T13:08:57.130+0000] {processor.py:186} INFO - Started process (PID=248) to work on /opt/airflow/dags/dag.py
[2026-06-18T13:08:57.131+0000] {processor.py:914} INFO - Processing file /opt/airflow/dags/dag.py for tasks to queue
[2026-06-18T13:08:57.132+0000] {logging_mixin.py:190} INFO - [2026-06-18T13:08:57.132+0000] {dagbag.py:588} INFO - Filling up the DagBag from /opt/airflow/dags/dag.py
[2026-06-18T13:08:57.154+0000] {processor.py:925} INFO - DAG(s) 'f1_medallion_pipeline' retrieved from /opt/airflow/dags/dag.py
[2026-06-18T13:08:57.179+0000] {logging_mixin.py:190} INFO - [2026-06-18T13:08:57.179+0000] {dag.py:3239} INFO - Sync 1 DAGs
[2026-06-18T13:08:57.189+0000] {logging_mixin.py:190} INFO - [2026-06-18T13:08:57.189+0000] {dag.py:4180} INFO - Setting next_dagrun for f1_medallion_pipeline to None, run_after=None
[2026-06-18T13:08:57.208+0000] {processor.py:208} INFO - Processing /opt/airflow/dags/dag.py took 0.087 seconds
[2026-06-18T13:09:27.416+0000] {processor.py:186} INFO - Started process (PID=253) to work on /opt/airflow/dags/dag.py
[2026-06-18T13:09:27.417+0000] {processor.py:914} INFO - Processing file /opt/airflow/dags/dag.py for tasks to queue
[2026-06-18T13:09:27.419+0000] {logging_mixin.py:190} INFO - [2026-06-18T13:09:27.418+0000] {dagbag.py:588} INFO - Filling up the DagBag from /opt/airflow/dags/dag.py
[2026-06-18T13:09:27.449+0000] {processor.py:925} INFO - DAG(s) 'f1_medallion_pipeline' retrieved from /opt/airflow/dags/dag.py
[2026-06-18T13:09:27.474+0000] {logging_mixin.py:190} INFO - [2026-06-18T13:09:27.474+0000] {dag.py:3239} INFO - Sync 1 DAGs
[2026-06-18T13:09:27.487+0000] {logging_mixin.py:190} INFO - [2026-06-18T13:09:27.486+0000] {dag.py:4180} INFO - Setting next_dagrun for f1_medallion_pipeline to None, run_after=None
[2026-06-18T13:09:27.503+0000] {processor.py:208} INFO - Processing /opt/airflow/dags/dag.py took 0.096 seconds
[2026-06-18T13:09:57.610+0000] {processor.py:186} INFO - Started process (PID=258) to work on /opt/airflow/dags/dag.py
[2026-06-18T13:09:57.610+0000] {processor.py:914} INFO - Processing file /opt/airflow/dags/dag.py for tasks to queue
[2026-06-18T13:09:57.611+0000] {logging_mixin.py:190} INFO - [2026-06-18T13:09:57.611+0000] {dagbag.py:588} INFO - Filling up the DagBag from /opt/airflow/dags/dag.py
[2026-06-18T13:09:57.632+0000] {processor.py:925} INFO - DAG(s) 'f1_medallion_pipeline' retrieved from /opt/airflow/dags/dag.py
[2026-06-18T13:09:57.656+0000] {logging_mixin.py:190} INFO - [2026-06-18T13:09:57.656+0000] {dag.py:3239} INFO - Sync 1 DAGs
[2026-06-18T13:09:57.667+0000] {logging_mixin.py:190} INFO - [2026-06-18T13:09:57.667+0000] {dag.py:4180} INFO - Setting next_dagrun for f1_medallion_pipeline to None, run_after=None
[2026-06-18T13:09:57.683+0000] {processor.py:208} INFO - Processing /opt/airflow/dags/dag.py took 0.082 seconds
[2026-06-18T13:10:27.909+0000] {processor.py:186} INFO - Started process (PID=263) to work on /opt/airflow/dags/dag.py
[2026-06-18T13:10:27.910+0000] {processor.py:914} INFO - Processing file /opt/airflow/dags/dag.py for tasks to queue
[2026-06-18T13:10:27.911+0000] {logging_mixin.py:190} INFO - [2026-06-18T13:10:27.910+0000] {dagbag.py:588} INFO - Filling up the DagBag from /opt/airflow/dags/dag.py
[2026-06-18T13:10:27.929+0000] {processor.py:925} INFO - DAG(s) 'f1_medallion_pipeline' retrieved from /opt/airflow/dags/dag.py
[2026-06-18T13:10:27.952+0000] {logging_mixin.py:190} INFO - [2026-06-18T13:10:27.952+0000] {dag.py:3239} INFO - Sync 1 DAGs
[2026-06-18T13:10:27.963+0000] {logging_mixin.py:190} INFO - [2026-06-18T13:10:27.963+0000] {dag.py:4180} INFO - Setting next_dagrun for f1_medallion_pipeline to None, run_after=None
[2026-06-18T13:10:27.978+0000] {processor.py:208} INFO - Processing /opt/airflow/dags/dag.py took 0.078 seconds
[2026-06-18T13:10:58.098+0000] {processor.py:186} INFO - Started process (PID=268) to work on /opt/airflow/dags/dag.py
[2026-06-18T13:10:58.099+0000] {processor.py:914} INFO - Processing file /opt/airflow/dags/dag.py for tasks to queue
[2026-06-18T13:10:58.100+0000] {logging_mixin.py:190} INFO - [2026-06-18T13:10:58.100+0000] {dagbag.py:588} INFO - Filling up the DagBag from /opt/airflow/dags/dag.py
[2026-06-18T13:10:58.122+0000] {processor.py:925} INFO - DAG(s) 'f1_medallion_pipeline' retrieved from /opt/airflow/dags/dag.py
[2026-06-18T13:10:58.149+0000] {logging_mixin.py:190} INFO - [2026-06-18T13:10:58.148+0000] {dag.py:3239} INFO - Sync 1 DAGs
[2026-06-18T13:10:58.160+0000] {logging_mixin.py:190} INFO - [2026-06-18T13:10:58.160+0000] {dag.py:4180} INFO - Setting next_dagrun for f1_medallion_pipeline to None, run_after=None
[2026-06-18T13:10:58.175+0000] {processor.py:208} INFO - Processing /opt/airflow/dags/dag.py took 0.088 seconds
[2026-06-18T13:11:28.328+0000] {processor.py:186} INFO - Started process (PID=273) to work on /opt/airflow/dags/dag.py
[2026-06-18T13:11:28.328+0000] {processor.py:914} INFO - Processing file /opt/airflow/dags/dag.py for tasks to queue
[2026-06-18T13:11:28.329+0000] {logging_mixin.py:190} INFO - [2026-06-18T13:11:28.329+0000] {dagbag.py:588} INFO - Filling up the DagBag from /opt/airflow/dags/dag.py
[2026-06-18T13:11:28.345+0000] {processor.py:925} INFO - DAG(s) 'f1_medallion_pipeline' retrieved from /opt/airflow/dags/dag.py
[2026-06-18T13:11:28.366+0000] {logging_mixin.py:190} INFO - [2026-06-18T13:11:28.366+0000] {dag.py:3239} INFO - Sync 1 DAGs
[2026-06-18T13:11:28.375+0000] {logging_mixin.py:190} INFO - [2026-06-18T13:11:28.374+0000] {dag.py:4180} INFO - Setting next_dagrun for f1_medallion_pipeline to None, run_after=None
[2026-06-18T13:11:28.387+0000] {processor.py:208} INFO - Processing /opt/airflow/dags/dag.py took 0.067 seconds
[2026-06-18T13:11:58.514+0000] {processor.py:186} INFO - Started process (PID=278) to work on /opt/airflow/dags/dag.py
[2026-06-18T13:11:58.514+0000] {processor.py:914} INFO - Processing file /opt/airflow/dags/dag.py for tasks to queue
[2026-06-18T13:11:58.515+0000] {logging_mixin.py:190} INFO - [2026-06-18T13:11:58.515+0000] {dagbag.py:588} INFO - Filling up the DagBag from /opt/airflow/dags/dag.py
[2026-06-18T13:11:58.533+0000] {processor.py:925} INFO - DAG(s) 'f1_medallion_pipeline' retrieved from /opt/airflow/dags/dag.py
[2026-06-18T13:11:58.558+0000] {logging_mixin.py:190} INFO - [2026-06-18T13:11:58.558+0000] {dag.py:3239} INFO - Sync 1 DAGs
[2026-06-18T13:11:58.568+0000] {logging_mixin.py:190} INFO - [2026-06-18T13:11:58.568+0000] {dag.py:4180} INFO - Setting next_dagrun for f1_medallion_pipeline to None, run_after=None
[2026-06-18T13:11:58.581+0000] {processor.py:208} INFO - Processing /opt/airflow/dags/dag.py took 0.076 seconds
[2026-06-18T13:12:28.732+0000] {processor.py:186} INFO - Started process (PID=283) to work on /opt/airflow/dags/dag.py
[2026-06-18T13:12:28.732+0000] {processor.py:914} INFO - Processing file /opt/airflow/dags/dag.py for tasks to queue
[2026-06-18T13:12:28.733+0000] {logging_mixin.py:190} INFO - [2026-06-18T13:12:28.733+0000] {dagbag.py:588} INFO - Filling up the DagBag from /opt/airflow/dags/dag.py
[2026-06-18T13:12:28.750+0000] {processor.py:925} INFO - DAG(s) 'f1_medallion_pipeline' retrieved from /opt/airflow/dags/dag.py
[2026-06-18T13:12:28.769+0000] {logging_mixin.py:190} INFO - [2026-06-18T13:12:28.769+0000] {dag.py:3239} INFO - Sync 1 DAGs
[2026-06-18T13:12:28.779+0000] {logging_mixin.py:190} INFO - [2026-06-18T13:12:28.779+0000] {dag.py:4180} INFO - Setting next_dagrun for f1_medallion_pipeline to None, run_after=None
[2026-06-18T13:12:28.790+0000] {processor.py:208} INFO - Processing /opt/airflow/dags/dag.py took 0.066 seconds
[2026-06-18T13:12:58.906+0000] {processor.py:186} INFO - Started process (PID=288) to work on /opt/airflow/dags/dag.py
[2026-06-18T13:12:58.907+0000] {processor.py:914} INFO - Processing file /opt/airflow/dags/dag.py for tasks to queue
[2026-06-18T13:12:58.908+0000] {logging_mixin.py:190} INFO - [2026-06-18T13:12:58.908+0000] {dagbag.py:588} INFO - Filling up the DagBag from /opt/airflow/dags/dag.py
[2026-06-18T13:12:58.924+0000] {processor.py:925} INFO - DAG(s) 'f1_medallion_pipeline' retrieved from /opt/airflow/dags/dag.py
[2026-06-18T13:12:58.943+0000] {logging_mixin.py:190} INFO - [2026-06-18T13:12:58.942+0000] {dag.py:3239} INFO - Sync 1 DAGs
[2026-06-18T13:12:58.951+0000] {logging_mixin.py:190} INFO - [2026-06-18T13:12:58.950+0000] {dag.py:4180} INFO - Setting next_dagrun for f1_medallion_pipeline to None, run_after=None
[2026-06-18T13:12:58.961+0000] {processor.py:208} INFO - Processing /opt/airflow/dags/dag.py took 0.062 seconds
[2026-06-18T13:13:29.112+0000] {processor.py:186} INFO - Started process (PID=293) to work on /opt/airflow/dags/dag.py
[2026-06-18T13:13:29.112+0000] {processor.py:914} INFO - Processing file /opt/airflow/dags/dag.py for tasks to queue
[2026-06-18T13:13:29.113+0000] {logging_mixin.py:190} INFO - [2026-06-18T13:13:29.113+0000] {dagbag.py:588} INFO - Filling up the DagBag from /opt/airflow/dags/dag.py
[2026-06-18T13:13:29.128+0000] {processor.py:925} INFO - DAG(s) 'f1_medallion_pipeline' retrieved from /opt/airflow/dags/dag.py
[2026-06-18T13:13:29.147+0000] {logging_mixin.py:190} INFO - [2026-06-18T13:13:29.147+0000] {dag.py:3239} INFO - Sync 1 DAGs
[2026-06-18T13:13:29.156+0000] {logging_mixin.py:190} INFO - [2026-06-18T13:13:29.155+0000] {dag.py:4180} INFO - Setting next_dagrun for f1_medallion_pipeline to None, run_after=None
[2026-06-18T13:13:29.168+0000] {processor.py:208} INFO - Processing /opt/airflow/dags/dag.py took 0.063 seconds
[2026-06-18T13:13:59.299+0000] {processor.py:186} INFO - Started process (PID=298) to work on /opt/airflow/dags/dag.py
[2026-06-18T13:13:59.300+0000] {processor.py:914} INFO - Processing file /opt/airflow/dags/dag.py for tasks to queue
[2026-06-18T13:13:59.301+0000] {logging_mixin.py:190} INFO - [2026-06-18T13:13:59.301+0000] {dagbag.py:588} INFO - Filling up the DagBag from /opt/airflow/dags/dag.py
[2026-06-18T13:13:59.317+0000] {processor.py:925} INFO - DAG(s) 'f1_medallion_pipeline' retrieved from /opt/airflow/dags/dag.py
[2026-06-18T13:13:59.336+0000] {logging_mixin.py:190} INFO - [2026-06-18T13:13:59.336+0000] {dag.py:3239} INFO - Sync 1 DAGs
[2026-06-18T13:13:59.346+0000] {logging_mixin.py:190} INFO - [2026-06-18T13:13:59.346+0000] {dag.py:4180} INFO - Setting next_dagrun for f1_medallion_pipeline to None, run_after=None
[2026-06-18T13:13:59.358+0000] {processor.py:208} INFO - Processing /opt/airflow/dags/dag.py took 0.067 seconds
[2026-06-18T13:14:29.519+0000] {processor.py:186} INFO - Started process (PID=303) to work on /opt/airflow/dags/dag.py
[2026-06-18T13:14:29.520+0000] {processor.py:914} INFO - Processing file /opt/airflow/dags/dag.py for tasks to queue
[2026-06-18T13:14:29.520+0000] {logging_mixin.py:190} INFO - [2026-06-18T13:14:29.520+0000] {dagbag.py:588} INFO - Filling up the DagBag from /opt/airflow/dags/dag.py
[2026-06-18T13:14:29.536+0000] {processor.py:925} INFO - DAG(s) 'f1_medallion_pipeline' retrieved from /opt/airflow/dags/dag.py
[2026-06-18T13:14:29.557+0000] {logging_mixin.py:190} INFO - [2026-06-18T13:14:29.557+0000] {dag.py:3239} INFO - Sync 1 DAGs
[2026-06-18T13:14:29.566+0000] {logging_mixin.py:190} INFO - [2026-06-18T13:14:29.566+0000] {dag.py:4180} INFO - Setting next_dagrun for f1_medallion_pipeline to None, run_after=None
[2026-06-18T13:14:29.579+0000] {processor.py:208} INFO - Processing /opt/airflow/dags/dag.py took 0.067 seconds
[2026-06-18T13:14:59.703+0000] {processor.py:186} INFO - Started process (PID=308) to work on /opt/airflow/dags/dag.py
[2026-06-18T13:14:59.704+0000] {processor.py:914} INFO - Processing file /opt/airflow/dags/dag.py for tasks to queue
[2026-06-18T13:14:59.704+0000] {logging_mixin.py:190} INFO - [2026-06-18T13:14:59.704+0000] {dagbag.py:588} INFO - Filling up the DagBag from /opt/airflow/dags/dag.py
[2026-06-18T13:14:59.724+0000] {processor.py:925} INFO - DAG(s) 'f1_medallion_pipeline' retrieved from /opt/airflow/dags/dag.py
[2026-06-18T13:14:59.744+0000] {logging_mixin.py:190} INFO - [2026-06-18T13:14:59.744+0000] {dag.py:3239} INFO - Sync 1 DAGs
[2026-06-18T13:14:59.753+0000] {logging_mixin.py:190} INFO - [2026-06-18T13:14:59.752+0000] {dag.py:4180} INFO - Setting next_dagrun for f1_medallion_pipeline to None, run_after=None
[2026-06-18T13:14:59.765+0000] {processor.py:208} INFO - Processing /opt/airflow/dags/dag.py took 0.072 seconds
[2026-06-18T13:15:29.955+0000] {processor.py:186} INFO - Started process (PID=313) to work on /opt/airflow/dags/dag.py
[2026-06-18T13:15:29.955+0000] {processor.py:914} INFO - Processing file /opt/airflow/dags/dag.py for tasks to queue
[2026-06-18T13:15:29.956+0000] {logging_mixin.py:190} INFO - [2026-06-18T13:15:29.956+0000] {dagbag.py:588} INFO - Filling up the DagBag from /opt/airflow/dags/dag.py
[2026-06-18T13:15:29.972+0000] {processor.py:925} INFO - DAG(s) 'f1_medallion_pipeline' retrieved from /opt/airflow/dags/dag.py
[2026-06-18T13:15:29.992+0000] {logging_mixin.py:190} INFO - [2026-06-18T13:15:29.992+0000] {dag.py:3239} INFO - Sync 1 DAGs
[2026-06-18T13:15:30.001+0000] {logging_mixin.py:190} INFO - [2026-06-18T13:15:30.000+0000] {dag.py:4180} INFO - Setting next_dagrun for f1_medallion_pipeline to None, run_after=None
[2026-06-18T13:15:30.012+0000] {processor.py:208} INFO - Processing /opt/airflow/dags/dag.py took 0.066 seconds
[2026-06-18T13:16:00.138+0000] {processor.py:186} INFO - Started process (PID=318) to work on /opt/airflow/dags/dag.py
[2026-06-18T13:16:00.139+0000] {processor.py:914} INFO - Processing file /opt/airflow/dags/dag.py for tasks to queue
[2026-06-18T13:16:00.140+0000] {logging_mixin.py:190} INFO - [2026-06-18T13:16:00.140+0000] {dagbag.py:588} INFO - Filling up the DagBag from /opt/airflow/dags/dag.py
[2026-06-18T13:16:00.156+0000] {processor.py:925} INFO - DAG(s) 'f1_medallion_pipeline' retrieved from /opt/airflow/dags/dag.py
[2026-06-18T13:16:00.175+0000] {logging_mixin.py:190} INFO - [2026-06-18T13:16:00.175+0000] {dag.py:3239} INFO - Sync 1 DAGs
[2026-06-18T13:16:00.184+0000] {logging_mixin.py:190} INFO - [2026-06-18T13:16:00.184+0000] {dag.py:4180} INFO - Setting next_dagrun for f1_medallion_pipeline to None, run_after=None
[2026-06-18T13:16:00.197+0000] {processor.py:208} INFO - Processing /opt/airflow/dags/dag.py took 0.068 seconds
[2026-06-18T13:16:30.344+0000] {processor.py:186} INFO - Started process (PID=323) to work on /opt/airflow/dags/dag.py
[2026-06-18T13:16:30.345+0000] {processor.py:914} INFO - Processing file /opt/airflow/dags/dag.py for tasks to queue
[2026-06-18T13:16:30.347+0000] {logging_mixin.py:190} INFO - [2026-06-18T13:16:30.346+0000] {dagbag.py:588} INFO - Filling up the DagBag from /opt/airflow/dags/dag.py
[2026-06-18T13:16:30.363+0000] {processor.py:925} INFO - DAG(s) 'f1_medallion_pipeline' retrieved from /opt/airflow/dags/dag.py
[2026-06-18T13:16:30.383+0000] {logging_mixin.py:190} INFO - [2026-06-18T13:16:30.383+0000] {dag.py:3239} INFO - Sync 1 DAGs
[2026-06-18T13:16:30.392+0000] {logging_mixin.py:190} INFO - [2026-06-18T13:16:30.392+0000] {dag.py:4180} INFO - Setting next_dagrun for f1_medallion_pipeline to None, run_after=None
[2026-06-18T13:16:30.406+0000] {processor.py:208} INFO - Processing /opt/airflow/dags/dag.py took 0.070 seconds
[2026-06-18T13:17:00.536+0000] {processor.py:186} INFO - Started process (PID=328) to work on /opt/airflow/dags/dag.py
[2026-06-18T13:17:00.536+0000] {processor.py:914} INFO - Processing file /opt/airflow/dags/dag.py for tasks to queue
[2026-06-18T13:17:00.538+0000] {logging_mixin.py:190} INFO - [2026-06-18T13:17:00.537+0000] {dagbag.py:588} INFO - Filling up the DagBag from /opt/airflow/dags/dag.py
[2026-06-18T13:17:00.554+0000] {processor.py:925} INFO - DAG(s) 'f1_medallion_pipeline' retrieved from /opt/airflow/dags/dag.py
[2026-06-18T13:17:00.573+0000] {logging_mixin.py:190} INFO - [2026-06-18T13:17:00.573+0000] {dag.py:3239} INFO - Sync 1 DAGs
[2026-06-18T13:17:00.582+0000] {logging_mixin.py:190} INFO - [2026-06-18T13:17:00.582+0000] {dag.py:4180} INFO - Setting next_dagrun for f1_medallion_pipeline to None, run_after=None
[2026-06-18T13:17:00.594+0000] {processor.py:208} INFO - Processing /opt/airflow/dags/dag.py took 0.066 seconds
[2026-06-18T13:17:30.750+0000] {processor.py:186} INFO - Started process (PID=333) to work on /opt/airflow/dags/dag.py
[2026-06-18T13:17:30.750+0000] {processor.py:914} INFO - Processing file /opt/airflow/dags/dag.py for tasks to queue
[2026-06-18T13:17:30.751+0000] {logging_mixin.py:190} INFO - [2026-06-18T13:17:30.751+0000] {dagbag.py:588} INFO - Filling up the DagBag from /opt/airflow/dags/dag.py
[2026-06-18T13:17:30.770+0000] {processor.py:925} INFO - DAG(s) 'f1_medallion_pipeline' retrieved from /opt/airflow/dags/dag.py
[2026-06-18T13:17:30.789+0000] {logging_mixin.py:190} INFO - [2026-06-18T13:17:30.789+0000] {dag.py:3239} INFO - Sync 1 DAGs
[2026-06-18T13:17:30.799+0000] {logging_mixin.py:190} INFO - [2026-06-18T13:17:30.798+0000] {dag.py:4180} INFO - Setting next_dagrun for f1_medallion_pipeline to None, run_after=None
[2026-06-18T13:17:30.812+0000] {processor.py:208} INFO - Processing /opt/airflow/dags/dag.py took 0.069 seconds
[2026-06-18T13:18:00.918+0000] {processor.py:186} INFO - Started process (PID=338) to work on /opt/airflow/dags/dag.py
[2026-06-18T13:18:00.918+0000] {processor.py:914} INFO - Processing file /opt/airflow/dags/dag.py for tasks to queue
[2026-06-18T13:18:00.919+0000] {logging_mixin.py:190} INFO - [2026-06-18T13:18:00.919+0000] {dagbag.py:588} INFO - Filling up the DagBag from /opt/airflow/dags/dag.py
[2026-06-18T13:18:00.940+0000] {processor.py:925} INFO - DAG(s) 'f1_medallion_pipeline' retrieved from /opt/airflow/dags/dag.py
[2026-06-18T13:18:00.964+0000] {logging_mixin.py:190} INFO - [2026-06-18T13:18:00.964+0000] {dag.py:3239} INFO - Sync 1 DAGs
[2026-06-18T13:18:00.974+0000] {logging_mixin.py:190} INFO - [2026-06-18T13:18:00.973+0000] {dag.py:4180} INFO - Setting next_dagrun for f1_medallion_pipeline to None, run_after=None
[2026-06-18T13:18:00.986+0000] {processor.py:208} INFO - Processing /opt/airflow/dags/dag.py took 0.076 seconds
[2026-06-18T13:18:31.144+0000] {processor.py:186} INFO - Started process (PID=343) to work on /opt/airflow/dags/dag.py
[2026-06-18T13:18:31.145+0000] {processor.py:914} INFO - Processing file /opt/airflow/dags/dag.py for tasks to queue
[2026-06-18T13:18:31.146+0000] {logging_mixin.py:190} INFO - [2026-06-18T13:18:31.146+0000] {dagbag.py:588} INFO - Filling up the DagBag from /opt/airflow/dags/dag.py
[2026-06-18T13:18:31.164+0000] {processor.py:925} INFO - DAG(s) 'f1_medallion_pipeline' retrieved from /opt/airflow/dags/dag.py
[2026-06-18T13:18:31.183+0000] {logging_mixin.py:190} INFO - [2026-06-18T13:18:31.183+0000] {dag.py:3239} INFO - Sync 1 DAGs
[2026-06-18T13:18:31.191+0000] {logging_mixin.py:190} INFO - [2026-06-18T13:18:31.191+0000] {dag.py:4180} INFO - Setting next_dagrun for f1_medallion_pipeline to None, run_after=None
[2026-06-18T13:18:31.204+0000] {processor.py:208} INFO - Processing /opt/airflow/dags/dag.py took 0.067 seconds
[2026-06-18T13:19:01.325+0000] {processor.py:186} INFO - Started process (PID=348) to work on /opt/airflow/dags/dag.py
[2026-06-18T13:19:01.326+0000] {processor.py:914} INFO - Processing file /opt/airflow/dags/dag.py for tasks to queue
[2026-06-18T13:19:01.327+0000] {logging_mixin.py:190} INFO - [2026-06-18T13:19:01.327+0000] {dagbag.py:588} INFO - Filling up the DagBag from /opt/airflow/dags/dag.py
[2026-06-18T13:19:01.345+0000] {processor.py:925} INFO - DAG(s) 'f1_medallion_pipeline' retrieved from /opt/airflow/dags/dag.py
[2026-06-18T13:19:01.367+0000] {logging_mixin.py:190} INFO - [2026-06-18T13:19:01.366+0000] {dag.py:3239} INFO - Sync 1 DAGs
[2026-06-18T13:19:01.376+0000] {logging_mixin.py:190} INFO - [2026-06-18T13:19:01.376+0000] {dag.py:4180} INFO - Setting next_dagrun for f1_medallion_pipeline to None, run_after=None
[2026-06-18T13:19:01.391+0000] {processor.py:208} INFO - Processing /opt/airflow/dags/dag.py took 0.074 seconds
[2026-06-18T13:19:31.533+0000] {processor.py:186} INFO - Started process (PID=353) to work on /opt/airflow/dags/dag.py
[2026-06-18T13:19:31.534+0000] {processor.py:914} INFO - Processing file /opt/airflow/dags/dag.py for tasks to queue
[2026-06-18T13:19:31.535+0000] {logging_mixin.py:190} INFO - [2026-06-18T13:19:31.535+0000] {dagbag.py:588} INFO - Filling up the DagBag from /opt/airflow/dags/dag.py
[2026-06-18T13:19:31.553+0000] {processor.py:925} INFO - DAG(s) 'f1_medallion_pipeline' retrieved from /opt/airflow/dags/dag.py
[2026-06-18T13:19:31.576+0000] {logging_mixin.py:190} INFO - [2026-06-18T13:19:31.576+0000] {dag.py:3239} INFO - Sync 1 DAGs
[2026-06-18T13:19:31.585+0000] {logging_mixin.py:190} INFO - [2026-06-18T13:19:31.585+0000] {dag.py:4180} INFO - Setting next_dagrun for f1_medallion_pipeline to None, run_after=None
[2026-06-18T13:19:31.597+0000] {processor.py:208} INFO - Processing /opt/airflow/dags/dag.py took 0.072 seconds
[2026-06-18T13:20:01.725+0000] {processor.py:186} INFO - Started process (PID=358) to work on /opt/airflow/dags/dag.py
[2026-06-18T13:20:01.726+0000] {processor.py:914} INFO - Processing file /opt/airflow/dags/dag.py for tasks to queue
[2026-06-18T13:20:01.727+0000] {logging_mixin.py:190} INFO - [2026-06-18T13:20:01.726+0000] {dagbag.py:588} INFO - Filling up the DagBag from /opt/airflow/dags/dag.py
[2026-06-18T13:20:01.746+0000] {processor.py:925} INFO - DAG(s) 'f1_medallion_pipeline' retrieved from /opt/airflow/dags/dag.py
[2026-06-18T13:20:01.765+0000] {logging_mixin.py:190} INFO - [2026-06-18T13:20:01.765+0000] {dag.py:3239} INFO - Sync 1 DAGs
[2026-06-18T13:20:01.774+0000] {logging_mixin.py:190} INFO - [2026-06-18T13:20:01.774+0000] {dag.py:4180} INFO - Setting next_dagrun for f1_medallion_pipeline to None, run_after=None
[2026-06-18T13:20:01.785+0000] {processor.py:208} INFO - Processing /opt/airflow/dags/dag.py took 0.067 seconds
[2026-06-18T13:20:31.961+0000] {processor.py:186} INFO - Started process (PID=363) to work on /opt/airflow/dags/dag.py
[2026-06-18T13:20:31.962+0000] {processor.py:914} INFO - Processing file /opt/airflow/dags/dag.py for tasks to queue
[2026-06-18T13:20:31.963+0000] {logging_mixin.py:190} INFO - [2026-06-18T13:20:31.963+0000] {dagbag.py:588} INFO - Filling up the DagBag from /opt/airflow/dags/dag.py
[2026-06-18T13:20:31.979+0000] {processor.py:925} INFO - DAG(s) 'f1_medallion_pipeline' retrieved from /opt/airflow/dags/dag.py
[2026-06-18T13:20:31.999+0000] {logging_mixin.py:190} INFO - [2026-06-18T13:20:31.999+0000] {dag.py:3239} INFO - Sync 1 DAGs
[2026-06-18T13:20:32.008+0000] {logging_mixin.py:190} INFO - [2026-06-18T13:20:32.008+0000] {dag.py:4180} INFO - Setting next_dagrun for f1_medallion_pipeline to None, run_after=None
[2026-06-18T13:20:32.021+0000] {processor.py:208} INFO - Processing /opt/airflow/dags/dag.py took 0.066 seconds
[2026-06-18T13:21:02.148+0000] {processor.py:186} INFO - Started process (PID=368) to work on /opt/airflow/dags/dag.py
[2026-06-18T13:21:02.148+0000] {processor.py:914} INFO - Processing file /opt/airflow/dags/dag.py for tasks to queue
[2026-06-18T13:21:02.149+0000] {logging_mixin.py:190} INFO - [2026-06-18T13:21:02.149+0000] {dagbag.py:588} INFO - Filling up the DagBag from /opt/airflow/dags/dag.py
[2026-06-18T13:21:02.165+0000] {processor.py:925} INFO - DAG(s) 'f1_medallion_pipeline' retrieved from /opt/airflow/dags/dag.py
[2026-06-18T13:21:02.184+0000] {logging_mixin.py:190} INFO - [2026-06-18T13:21:02.184+0000] {dag.py:3239} INFO - Sync 1 DAGs
[2026-06-18T13:21:02.193+0000] {logging_mixin.py:190} INFO - [2026-06-18T13:21:02.193+0000] {dag.py:4180} INFO - Setting next_dagrun for f1_medallion_pipeline to None, run_after=None
[2026-06-18T13:21:02.206+0000] {processor.py:208} INFO - Processing /opt/airflow/dags/dag.py took 0.068 seconds
[2026-06-18T13:21:32.370+0000] {processor.py:186} INFO - Started process (PID=373) to work on /opt/airflow/dags/dag.py
[2026-06-18T13:21:32.371+0000] {processor.py:914} INFO - Processing file /opt/airflow/dags/dag.py for tasks to queue
[2026-06-18T13:21:32.372+0000] {logging_mixin.py:190} INFO - [2026-06-18T13:21:32.371+0000] {dagbag.py:588} INFO - Filling up the DagBag from /opt/airflow/dags/dag.py
[2026-06-18T13:21:32.391+0000] {processor.py:925} INFO - DAG(s) 'f1_medallion_pipeline' retrieved from /opt/airflow/dags/dag.py
[2026-06-18T13:21:32.413+0000] {logging_mixin.py:190} INFO - [2026-06-18T13:21:32.413+0000] {dag.py:3239} INFO - Sync 1 DAGs
[2026-06-18T13:21:32.423+0000] {logging_mixin.py:190} INFO - [2026-06-18T13:21:32.423+0000] {dag.py:4180} INFO - Setting next_dagrun for f1_medallion_pipeline to None, run_after=None
[2026-06-18T13:21:32.438+0000] {processor.py:208} INFO - Processing /opt/airflow/dags/dag.py took 0.078 seconds
[2026-06-18T13:22:02.552+0000] {processor.py:186} INFO - Started process (PID=378) to work on /opt/airflow/dags/dag.py
[2026-06-18T13:22:02.553+0000] {processor.py:914} INFO - Processing file /opt/airflow/dags/dag.py for tasks to queue
[2026-06-18T13:22:02.554+0000] {logging_mixin.py:190} INFO - [2026-06-18T13:22:02.554+0000] {dagbag.py:588} INFO - Filling up the DagBag from /opt/airflow/dags/dag.py
[2026-06-18T13:22:02.573+0000] {processor.py:925} INFO - DAG(s) 'f1_medallion_pipeline' retrieved from /opt/airflow/dags/dag.py
[2026-06-18T13:22:02.594+0000] {logging_mixin.py:190} INFO - [2026-06-18T13:22:02.594+0000] {dag.py:3239} INFO - Sync 1 DAGs
[2026-06-18T13:22:02.603+0000] {logging_mixin.py:190} INFO - [2026-06-18T13:22:02.603+0000] {dag.py:4180} INFO - Setting next_dagrun for f1_medallion_pipeline to None, run_after=None
[2026-06-18T13:22:02.619+0000] {processor.py:208} INFO - Processing /opt/airflow/dags/dag.py took 0.075 seconds
[2026-06-18T13:22:32.785+0000] {processor.py:186} INFO - Started process (PID=383) to work on /opt/airflow/dags/dag.py
[2026-06-18T13:22:32.786+0000] {processor.py:914} INFO - Processing file /opt/airflow/dags/dag.py for tasks to queue
[2026-06-18T13:22:32.787+0000] {logging_mixin.py:190} INFO - [2026-06-18T13:22:32.787+0000] {dagbag.py:588} INFO - Filling up the DagBag from /opt/airflow/dags/dag.py
[2026-06-18T13:22:32.804+0000] {processor.py:925} INFO - DAG(s) 'f1_medallion_pipeline' retrieved from /opt/airflow/dags/dag.py
[2026-06-18T13:22:32.825+0000] {logging_mixin.py:190} INFO - [2026-06-18T13:22:32.825+0000] {dag.py:3239} INFO - Sync 1 DAGs
[2026-06-18T13:22:32.834+0000] {logging_mixin.py:190} INFO - [2026-06-18T13:22:32.834+0000] {dag.py:4180} INFO - Setting next_dagrun for f1_medallion_pipeline to None, run_after=None
[2026-06-18T13:22:32.849+0000] {processor.py:208} INFO - Processing /opt/airflow/dags/dag.py took 0.071 seconds
[2026-06-18T13:23:02.962+0000] {processor.py:186} INFO - Started process (PID=388) to work on /opt/airflow/dags/dag.py
[2026-06-18T13:23:02.962+0000] {processor.py:914} INFO - Processing file /opt/airflow/dags/dag.py for tasks to queue
[2026-06-18T13:23:02.963+0000] {logging_mixin.py:190} INFO - [2026-06-18T13:23:02.963+0000] {dagbag.py:588} INFO - Filling up the DagBag from /opt/airflow/dags/dag.py
[2026-06-18T13:23:02.982+0000] {processor.py:925} INFO - DAG(s) 'f1_medallion_pipeline' retrieved from /opt/airflow/dags/dag.py
[2026-06-18T13:23:03.004+0000] {logging_mixin.py:190} INFO - [2026-06-18T13:23:03.004+0000] {dag.py:3239} INFO - Sync 1 DAGs
[2026-06-18T13:23:03.013+0000] {logging_mixin.py:190} INFO - [2026-06-18T13:23:03.013+0000] {dag.py:4180} INFO - Setting next_dagrun for f1_medallion_pipeline to None, run_after=None
[2026-06-18T13:23:03.026+0000] {processor.py:208} INFO - Processing /opt/airflow/dags/dag.py took 0.073 seconds
[2026-06-18T13:23:33.192+0000] {processor.py:186} INFO - Started process (PID=393) to work on /opt/airflow/dags/dag.py
[2026-06-18T13:23:33.192+0000] {processor.py:914} INFO - Processing file /opt/airflow/dags/dag.py for tasks to queue
[2026-06-18T13:23:33.193+0000] {logging_mixin.py:190} INFO - [2026-06-18T13:23:33.193+0000] {dagbag.py:588} INFO - Filling up the DagBag from /opt/airflow/dags/dag.py
[2026-06-18T13:23:33.210+0000] {processor.py:925} INFO - DAG(s) 'f1_medallion_pipeline' retrieved from /opt/airflow/dags/dag.py
[2026-06-18T13:23:33.230+0000] {logging_mixin.py:190} INFO - [2026-06-18T13:23:33.230+0000] {dag.py:3239} INFO - Sync 1 DAGs
[2026-06-18T13:23:33.239+0000] {logging_mixin.py:190} INFO - [2026-06-18T13:23:33.239+0000] {dag.py:4180} INFO - Setting next_dagrun for f1_medallion_pipeline to None, run_after=None
[2026-06-18T13:23:33.255+0000] {processor.py:208} INFO - Processing /opt/airflow/dags/dag.py took 0.071 seconds
[2026-06-18T13:24:03.370+0000] {processor.py:186} INFO - Started process (PID=398) to work on /opt/airflow/dags/dag.py
[2026-06-18T13:24:03.371+0000] {processor.py:914} INFO - Processing file /opt/airflow/dags/dag.py for tasks to queue
[2026-06-18T13:24:03.371+0000] {logging_mixin.py:190} INFO - [2026-06-18T13:24:03.371+0000] {dagbag.py:588} INFO - Filling up the DagBag from /opt/airflow/dags/dag.py
[2026-06-18T13:24:03.390+0000] {processor.py:925} INFO - DAG(s) 'f1_medallion_pipeline' retrieved from /opt/airflow/dags/dag.py
[2026-06-18T13:24:03.412+0000] {logging_mixin.py:190} INFO - [2026-06-18T13:24:03.412+0000] {dag.py:3239} INFO - Sync 1 DAGs
[2026-06-18T13:24:03.421+0000] {logging_mixin.py:190} INFO - [2026-06-18T13:24:03.421+0000] {dag.py:4180} INFO - Setting next_dagrun for f1_medallion_pipeline to None, run_after=None
[2026-06-18T13:24:03.435+0000] {processor.py:208} INFO - Processing /opt/airflow/dags/dag.py took 0.073 seconds
[2026-06-18T13:24:33.610+0000] {processor.py:186} INFO - Started process (PID=403) to work on /opt/airflow/dags/dag.py
[2026-06-18T13:24:33.611+0000] {processor.py:914} INFO - Processing file /opt/airflow/dags/dag.py for tasks to queue
[2026-06-18T13:24:33.612+0000] {logging_mixin.py:190} INFO - [2026-06-18T13:24:33.612+0000] {dagbag.py:588} INFO - Filling up the DagBag from /opt/airflow/dags/dag.py
[2026-06-18T13:24:33.632+0000] {processor.py:925} INFO - DAG(s) 'f1_medallion_pipeline' retrieved from /opt/airflow/dags/dag.py
[2026-06-18T13:24:33.656+0000] {logging_mixin.py:190} INFO - [2026-06-18T13:24:33.655+0000] {dag.py:3239} INFO - Sync 1 DAGs
[2026-06-18T13:24:33.667+0000] {logging_mixin.py:190} INFO - [2026-06-18T13:24:33.667+0000] {dag.py:4180} INFO - Setting next_dagrun for f1_medallion_pipeline to None, run_after=None
[2026-06-18T13:24:33.684+0000] {processor.py:208} INFO - Processing /opt/airflow/dags/dag.py took 0.083 seconds
[2026-06-18T13:25:03.786+0000] {processor.py:186} INFO - Started process (PID=408) to work on /opt/airflow/dags/dag.py
[2026-06-18T13:25:03.787+0000] {processor.py:914} INFO - Processing file /opt/airflow/dags/dag.py for tasks to queue
[2026-06-18T13:25:03.789+0000] {logging_mixin.py:190} INFO - [2026-06-18T13:25:03.789+0000] {dagbag.py:588} INFO - Filling up the DagBag from /opt/airflow/dags/dag.py
[2026-06-18T13:25:03.809+0000] {processor.py:925} INFO - DAG(s) 'f1_medallion_pipeline' retrieved from /opt/airflow/dags/dag.py
[2026-06-18T13:25:03.832+0000] {logging_mixin.py:190} INFO - [2026-06-18T13:25:03.832+0000] {dag.py:3239} INFO - Sync 1 DAGs
[2026-06-18T13:25:03.841+0000] {logging_mixin.py:190} INFO - [2026-06-18T13:25:03.841+0000] {dag.py:4180} INFO - Setting next_dagrun for f1_medallion_pipeline to None, run_after=None
[2026-06-18T13:25:03.855+0000] {processor.py:208} INFO - Processing /opt/airflow/dags/dag.py took 0.077 seconds
[2026-06-18T13:25:34.042+0000] {processor.py:186} INFO - Started process (PID=413) to work on /opt/airflow/dags/dag.py
[2026-06-18T13:25:34.042+0000] {processor.py:914} INFO - Processing file /opt/airflow/dags/dag.py for tasks to queue
[2026-06-18T13:25:34.043+0000] {logging_mixin.py:190} INFO - [2026-06-18T13:25:34.043+0000] {dagbag.py:588} INFO - Filling up the DagBag from /opt/airflow/dags/dag.py
[2026-06-18T13:25:34.059+0000] {processor.py:925} INFO - DAG(s) 'f1_medallion_pipeline' retrieved from /opt/airflow/dags/dag.py
[2026-06-18T13:25:34.080+0000] {logging_mixin.py:190} INFO - [2026-06-18T13:25:34.080+0000] {dag.py:3239} INFO - Sync 1 DAGs
[2026-06-18T13:25:34.088+0000] {logging_mixin.py:190} INFO - [2026-06-18T13:25:34.088+0000] {dag.py:4180} INFO - Setting next_dagrun for f1_medallion_pipeline to None, run_after=None
[2026-06-18T13:25:34.101+0000] {processor.py:208} INFO - Processing /opt/airflow/dags/dag.py took 0.067 seconds
[2026-06-18T13:26:04.222+0000] {processor.py:186} INFO - Started process (PID=418) to work on /opt/airflow/dags/dag.py
[2026-06-18T13:26:04.223+0000] {processor.py:914} INFO - Processing file /opt/airflow/dags/dag.py for tasks to queue
[2026-06-18T13:26:04.224+0000] {logging_mixin.py:190} INFO - [2026-06-18T13:26:04.223+0000] {dagbag.py:588} INFO - Filling up the DagBag from /opt/airflow/dags/dag.py
[2026-06-18T13:26:04.243+0000] {processor.py:925} INFO - DAG(s) 'f1_medallion_pipeline' retrieved from /opt/airflow/dags/dag.py
[2026-06-18T13:26:04.264+0000] {logging_mixin.py:190} INFO - [2026-06-18T13:26:04.263+0000] {dag.py:3239} INFO - Sync 1 DAGs
[2026-06-18T13:26:04.272+0000] {logging_mixin.py:190} INFO - [2026-06-18T13:26:04.272+0000] {dag.py:4180} INFO - Setting next_dagrun for f1_medallion_pipeline to None, run_after=None
[2026-06-18T13:26:04.286+0000] {processor.py:208} INFO - Processing /opt/airflow/dags/dag.py took 0.073 seconds
[2026-06-18T13:26:34.444+0000] {processor.py:186} INFO - Started process (PID=423) to work on /opt/airflow/dags/dag.py
[2026-06-18T13:26:34.445+0000] {processor.py:914} INFO - Processing file /opt/airflow/dags/dag.py for tasks to queue
[2026-06-18T13:26:34.446+0000] {logging_mixin.py:190} INFO - [2026-06-18T13:26:34.446+0000] {dagbag.py:588} INFO - Filling up the DagBag from /opt/airflow/dags/dag.py
[2026-06-18T13:26:34.463+0000] {processor.py:925} INFO - DAG(s) 'f1_medallion_pipeline' retrieved from /opt/airflow/dags/dag.py
[2026-06-18T13:26:34.482+0000] {logging_mixin.py:190} INFO - [2026-06-18T13:26:34.482+0000] {dag.py:3239} INFO - Sync 1 DAGs
[2026-06-18T13:26:34.491+0000] {logging_mixin.py:190} INFO - [2026-06-18T13:26:34.491+0000] {dag.py:4180} INFO - Setting next_dagrun for f1_medallion_pipeline to None, run_after=None
[2026-06-18T13:26:34.504+0000] {processor.py:208} INFO - Processing /opt/airflow/dags/dag.py took 0.068 seconds
[2026-06-18T13:27:04.636+0000] {processor.py:186} INFO - Started process (PID=428) to work on /opt/airflow/dags/dag.py
[2026-06-18T13:27:04.636+0000] {processor.py:914} INFO - Processing file /opt/airflow/dags/dag.py for tasks to queue
[2026-06-18T13:27:04.637+0000] {logging_mixin.py:190} INFO - [2026-06-18T13:27:04.637+0000] {dagbag.py:588} INFO - Filling up the DagBag from /opt/airflow/dags/dag.py
[2026-06-18T13:27:04.656+0000] {processor.py:925} INFO - DAG(s) 'f1_medallion_pipeline' retrieved from /opt/airflow/dags/dag.py
[2026-06-18T13:27:04.676+0000] {logging_mixin.py:190} INFO - [2026-06-18T13:27:04.676+0000] {dag.py:3239} INFO - Sync 1 DAGs
[2026-06-18T13:27:04.685+0000] {logging_mixin.py:190} INFO - [2026-06-18T13:27:04.685+0000] {dag.py:4180} INFO - Setting next_dagrun for f1_medallion_pipeline to None, run_after=None
[2026-06-18T13:27:04.698+0000] {processor.py:208} INFO - Processing /opt/airflow/dags/dag.py took 0.071 seconds
[2026-06-18T13:27:34.847+0000] {processor.py:186} INFO - Started process (PID=433) to work on /opt/airflow/dags/dag.py
[2026-06-18T13:27:34.847+0000] {processor.py:914} INFO - Processing file /opt/airflow/dags/dag.py for tasks to queue
[2026-06-18T13:27:34.848+0000] {logging_mixin.py:190} INFO - [2026-06-18T13:27:34.848+0000] {dagbag.py:588} INFO - Filling up the DagBag from /opt/airflow/dags/dag.py
[2026-06-18T13:27:34.866+0000] {processor.py:925} INFO - DAG(s) 'f1_medallion_pipeline' retrieved from /opt/airflow/dags/dag.py
[2026-06-18T13:27:34.887+0000] {logging_mixin.py:190} INFO - [2026-06-18T13:27:34.887+0000] {dag.py:3239} INFO - Sync 1 DAGs
[2026-06-18T13:27:34.896+0000] {logging_mixin.py:190} INFO - [2026-06-18T13:27:34.896+0000] {dag.py:4180} INFO - Setting next_dagrun for f1_medallion_pipeline to None, run_after=None
[2026-06-18T13:27:34.910+0000] {processor.py:208} INFO - Processing /opt/airflow/dags/dag.py took 0.070 seconds
[2026-06-18T13:28:05.022+0000] {processor.py:186} INFO - Started process (PID=438) to work on /opt/airflow/dags/dag.py
[2026-06-18T13:28:05.022+0000] {processor.py:914} INFO - Processing file /opt/airflow/dags/dag.py for tasks to queue
[2026-06-18T13:28:05.023+0000] {logging_mixin.py:190} INFO - [2026-06-18T13:28:05.023+0000] {dagbag.py:588} INFO - Filling up the DagBag from /opt/airflow/dags/dag.py
[2026-06-18T13:28:05.041+0000] {processor.py:925} INFO - DAG(s) 'f1_medallion_pipeline' retrieved from /opt/airflow/dags/dag.py
[2026-06-18T13:28:05.061+0000] {logging_mixin.py:190} INFO - [2026-06-18T13:28:05.061+0000] {dag.py:3239} INFO - Sync 1 DAGs
[2026-06-18T13:28:05.070+0000] {logging_mixin.py:190} INFO - [2026-06-18T13:28:05.070+0000] {dag.py:4180} INFO - Setting next_dagrun for f1_medallion_pipeline to None, run_after=None
[2026-06-18T13:28:05.083+0000] {processor.py:208} INFO - Processing /opt/airflow/dags/dag.py took 0.070 seconds
[2026-06-18T13:28:35.265+0000] {processor.py:186} INFO - Started process (PID=443) to work on /opt/airflow/dags/dag.py
[2026-06-18T13:28:35.265+0000] {processor.py:914} INFO - Processing file /opt/airflow/dags/dag.py for tasks to queue
[2026-06-18T13:28:35.266+0000] {logging_mixin.py:190} INFO - [2026-06-18T13:28:35.266+0000] {dagbag.py:588} INFO - Filling up the DagBag from /opt/airflow/dags/dag.py
[2026-06-18T13:28:35.285+0000] {processor.py:925} INFO - DAG(s) 'f1_medallion_pipeline' retrieved from /opt/airflow/dags/dag.py
[2026-06-18T13:28:35.307+0000] {logging_mixin.py:190} INFO - [2026-06-18T13:28:35.306+0000] {dag.py:3239} INFO - Sync 1 DAGs
[2026-06-18T13:28:35.317+0000] {logging_mixin.py:190} INFO - [2026-06-18T13:28:35.317+0000] {dag.py:4180} INFO - Setting next_dagrun for f1_medallion_pipeline to None, run_after=None
[2026-06-18T13:28:35.332+0000] {processor.py:208} INFO - Processing /opt/airflow/dags/dag.py took 0.077 seconds
[2026-06-18T13:29:05.451+0000] {processor.py:186} INFO - Started process (PID=448) to work on /opt/airflow/dags/dag.py
[2026-06-18T13:29:05.451+0000] {processor.py:914} INFO - Processing file /opt/airflow/dags/dag.py for tasks to queue
[2026-06-18T13:29:05.452+0000] {logging_mixin.py:190} INFO - [2026-06-18T13:29:05.452+0000] {dagbag.py:588} INFO - Filling up the DagBag from /opt/airflow/dags/dag.py
[2026-06-18T13:29:05.471+0000] {processor.py:925} INFO - DAG(s) 'f1_medallion_pipeline' retrieved from /opt/airflow/dags/dag.py
[2026-06-18T13:29:05.492+0000] {logging_mixin.py:190} INFO - [2026-06-18T13:29:05.492+0000] {dag.py:3239} INFO - Sync 1 DAGs
[2026-06-18T13:29:05.502+0000] {logging_mixin.py:190} INFO - [2026-06-18T13:29:05.501+0000] {dag.py:4180} INFO - Setting next_dagrun for f1_medallion_pipeline to None, run_after=None
[2026-06-18T13:29:05.516+0000] {processor.py:208} INFO - Processing /opt/airflow/dags/dag.py took 0.076 seconds
[2026-06-18T13:29:35.690+0000] {processor.py:186} INFO - Started process (PID=453) to work on /opt/airflow/dags/dag.py
[2026-06-18T13:29:35.690+0000] {processor.py:914} INFO - Processing file /opt/airflow/dags/dag.py for tasks to queue
[2026-06-18T13:29:35.691+0000] {logging_mixin.py:190} INFO - [2026-06-18T13:29:35.691+0000] {dagbag.py:588} INFO - Filling up the DagBag from /opt/airflow/dags/dag.py
[2026-06-18T13:29:35.713+0000] {processor.py:925} INFO - DAG(s) 'f1_medallion_pipeline' retrieved from /opt/airflow/dags/dag.py
[2026-06-18T13:29:35.742+0000] {logging_mixin.py:190} INFO - [2026-06-18T13:29:35.742+0000] {dag.py:3239} INFO - Sync 1 DAGs
[2026-06-18T13:29:35.753+0000] {logging_mixin.py:190} INFO - [2026-06-18T13:29:35.753+0000] {dag.py:4180} INFO - Setting next_dagrun for f1_medallion_pipeline to None, run_after=None
[2026-06-18T13:29:35.773+0000] {processor.py:208} INFO - Processing /opt/airflow/dags/dag.py took 0.092 seconds
[2026-06-18T13:30:05.871+0000] {processor.py:186} INFO - Started process (PID=458) to work on /opt/airflow/dags/dag.py
[2026-06-18T13:30:05.871+0000] {processor.py:914} INFO - Processing file /opt/airflow/dags/dag.py for tasks to queue
[2026-06-18T13:30:05.872+0000] {logging_mixin.py:190} INFO - [2026-06-18T13:30:05.872+0000] {dagbag.py:588} INFO - Filling up the DagBag from /opt/airflow/dags/dag.py
[2026-06-18T13:30:05.889+0000] {processor.py:925} INFO - DAG(s) 'f1_medallion_pipeline' retrieved from /opt/airflow/dags/dag.py
[2026-06-18T13:30:05.908+0000] {logging_mixin.py:190} INFO - [2026-06-18T13:30:05.908+0000] {dag.py:3239} INFO - Sync 1 DAGs
[2026-06-18T13:30:05.916+0000] {logging_mixin.py:190} INFO - [2026-06-18T13:30:05.916+0000] {dag.py:4180} INFO - Setting next_dagrun for f1_medallion_pipeline to None, run_after=None
[2026-06-18T13:30:05.929+0000] {processor.py:208} INFO - Processing /opt/airflow/dags/dag.py took 0.069 seconds
[2026-06-18T13:30:36.137+0000] {processor.py:186} INFO - Started process (PID=463) to work on /opt/airflow/dags/dag.py
[2026-06-18T13:30:36.137+0000] {processor.py:914} INFO - Processing file /opt/airflow/dags/dag.py for tasks to queue
[2026-06-18T13:30:36.138+0000] {logging_mixin.py:190} INFO - [2026-06-18T13:30:36.138+0000] {dagbag.py:588} INFO - Filling up the DagBag from /opt/airflow/dags/dag.py
[2026-06-18T13:30:36.154+0000] {processor.py:925} INFO - DAG(s) 'f1_medallion_pipeline' retrieved from /opt/airflow/dags/dag.py
[2026-06-18T13:30:36.179+0000] {logging_mixin.py:190} INFO - [2026-06-18T13:30:36.179+0000] {dag.py:3239} INFO - Sync 1 DAGs
[2026-06-18T13:30:36.189+0000] {logging_mixin.py:190} INFO - [2026-06-18T13:30:36.188+0000] {dag.py:4180} INFO - Setting next_dagrun for f1_medallion_pipeline to None, run_after=None
[2026-06-18T13:30:36.207+0000] {processor.py:208} INFO - Processing /opt/airflow/dags/dag.py took 0.079 seconds
[2026-06-18T13:31:06.315+0000] {processor.py:186} INFO - Started process (PID=468) to work on /opt/airflow/dags/dag.py
[2026-06-18T13:31:06.315+0000] {processor.py:914} INFO - Processing file /opt/airflow/dags/dag.py for tasks to queue
[2026-06-18T13:31:06.316+0000] {logging_mixin.py:190} INFO - [2026-06-18T13:31:06.316+0000] {dagbag.py:588} INFO - Filling up the DagBag from /opt/airflow/dags/dag.py
[2026-06-18T13:31:06.337+0000] {processor.py:925} INFO - DAG(s) 'f1_medallion_pipeline' retrieved from /opt/airflow/dags/dag.py
[2026-06-18T13:31:06.360+0000] {logging_mixin.py:190} INFO - [2026-06-18T13:31:06.359+0000] {dag.py:3239} INFO - Sync 1 DAGs
[2026-06-18T13:31:06.369+0000] {logging_mixin.py:190} INFO - [2026-06-18T13:31:06.368+0000] {dag.py:4180} INFO - Setting next_dagrun for f1_medallion_pipeline to None, run_after=None
[2026-06-18T13:31:06.381+0000] {processor.py:208} INFO - Processing /opt/airflow/dags/dag.py took 0.075 seconds
[2026-06-18T13:31:36.549+0000] {processor.py:186} INFO - Started process (PID=473) to work on /opt/airflow/dags/dag.py
[2026-06-18T13:31:36.550+0000] {processor.py:914} INFO - Processing file /opt/airflow/dags/dag.py for tasks to queue
[2026-06-18T13:31:36.550+0000] {logging_mixin.py:190} INFO - [2026-06-18T13:31:36.550+0000] {dagbag.py:588} INFO - Filling up the DagBag from /opt/airflow/dags/dag.py
[2026-06-18T13:31:36.567+0000] {processor.py:925} INFO - DAG(s) 'f1_medallion_pipeline' retrieved from /opt/airflow/dags/dag.py
[2026-06-18T13:31:36.585+0000] {logging_mixin.py:190} INFO - [2026-06-18T13:31:36.585+0000] {dag.py:3239} INFO - Sync 1 DAGs
[2026-06-18T13:31:36.594+0000] {logging_mixin.py:190} INFO - [2026-06-18T13:31:36.594+0000] {dag.py:4180} INFO - Setting next_dagrun for f1_medallion_pipeline to None, run_after=None
[2026-06-18T13:31:36.607+0000] {processor.py:208} INFO - Processing /opt/airflow/dags/dag.py took 0.065 seconds
[2026-06-18T13:32:06.763+0000] {processor.py:186} INFO - Started process (PID=478) to work on /opt/airflow/dags/dag.py
[2026-06-18T13:32:06.763+0000] {processor.py:914} INFO - Processing file /opt/airflow/dags/dag.py for tasks to queue
[2026-06-18T13:32:06.764+0000] {logging_mixin.py:190} INFO - [2026-06-18T13:32:06.764+0000] {dagbag.py:588} INFO - Filling up the DagBag from /opt/airflow/dags/dag.py
[2026-06-18T13:32:06.786+0000] {processor.py:925} INFO - DAG(s) 'f1_medallion_pipeline' retrieved from /opt/airflow/dags/dag.py
[2026-06-18T13:32:06.810+0000] {logging_mixin.py:190} INFO - [2026-06-18T13:32:06.810+0000] {dag.py:3239} INFO - Sync 1 DAGs
[2026-06-18T13:32:06.821+0000] {logging_mixin.py:190} INFO - [2026-06-18T13:32:06.821+0000] {dag.py:4180} INFO - Setting next_dagrun for f1_medallion_pipeline to None, run_after=None
[2026-06-18T13:32:06.836+0000] {processor.py:208} INFO - Processing /opt/airflow/dags/dag.py took 0.083 seconds
[2026-06-18T13:32:37.021+0000] {processor.py:186} INFO - Started process (PID=483) to work on /opt/airflow/dags/dag.py
[2026-06-18T13:32:37.021+0000] {processor.py:914} INFO - Processing file /opt/airflow/dags/dag.py for tasks to queue
[2026-06-18T13:32:37.023+0000] {logging_mixin.py:190} INFO - [2026-06-18T13:32:37.023+0000] {dagbag.py:588} INFO - Filling up the DagBag from /opt/airflow/dags/dag.py
[2026-06-18T13:32:37.058+0000] {processor.py:925} INFO - DAG(s) 'f1_medallion_pipeline' retrieved from /opt/airflow/dags/dag.py
[2026-06-18T13:32:37.085+0000] {logging_mixin.py:190} INFO - [2026-06-18T13:32:37.084+0000] {dag.py:3239} INFO - Sync 1 DAGs
[2026-06-18T13:32:37.096+0000] {logging_mixin.py:190} INFO - [2026-06-18T13:32:37.096+0000] {dag.py:4180} INFO - Setting next_dagrun for f1_medallion_pipeline to None, run_after=None
[2026-06-18T13:32:37.113+0000] {processor.py:208} INFO - Processing /opt/airflow/dags/dag.py took 0.108 seconds
[2026-06-18T13:33:07.265+0000] {processor.py:186} INFO - Started process (PID=488) to work on /opt/airflow/dags/dag.py
[2026-06-18T13:33:07.266+0000] {processor.py:914} INFO - Processing file /opt/airflow/dags/dag.py for tasks to queue
[2026-06-18T13:33:07.267+0000] {logging_mixin.py:190} INFO - [2026-06-18T13:33:07.266+0000] {dagbag.py:588} INFO - Filling up the DagBag from /opt/airflow/dags/dag.py
[2026-06-18T13:33:07.290+0000] {processor.py:925} INFO - DAG(s) 'f1_medallion_pipeline' retrieved from /opt/airflow/dags/dag.py
[2026-06-18T13:33:07.315+0000] {logging_mixin.py:190} INFO - [2026-06-18T13:33:07.315+0000] {dag.py:3239} INFO - Sync 1 DAGs
[2026-06-18T13:33:07.326+0000] {logging_mixin.py:190} INFO - [2026-06-18T13:33:07.326+0000] {dag.py:4180} INFO - Setting next_dagrun for f1_medallion_pipeline to None, run_after=None
[2026-06-18T13:33:07.340+0000] {processor.py:208} INFO - Processing /opt/airflow/dags/dag.py took 0.087 seconds
[2026-06-18T13:33:37.506+0000] {processor.py:186} INFO - Started process (PID=493) to work on /opt/airflow/dags/dag.py
[2026-06-18T13:33:37.506+0000] {processor.py:914} INFO - Processing file /opt/airflow/dags/dag.py for tasks to queue
[2026-06-18T13:33:37.507+0000] {logging_mixin.py:190} INFO - [2026-06-18T13:33:37.507+0000] {dagbag.py:588} INFO - Filling up the DagBag from /opt/airflow/dags/dag.py
[2026-06-18T13:33:37.526+0000] {processor.py:925} INFO - DAG(s) 'f1_medallion_pipeline' retrieved from /opt/airflow/dags/dag.py
[2026-06-18T13:33:37.546+0000] {logging_mixin.py:190} INFO - [2026-06-18T13:33:37.545+0000] {dag.py:3239} INFO - Sync 1 DAGs
[2026-06-18T13:33:37.555+0000] {logging_mixin.py:190} INFO - [2026-06-18T13:33:37.554+0000] {dag.py:4180} INFO - Setting next_dagrun for f1_medallion_pipeline to None, run_after=None
[2026-06-18T13:33:37.568+0000] {processor.py:208} INFO - Processing /opt/airflow/dags/dag.py took 0.070 seconds
[2026-06-18T13:34:07.685+0000] {processor.py:186} INFO - Started process (PID=498) to work on /opt/airflow/dags/dag.py
[2026-06-18T13:34:07.685+0000] {processor.py:914} INFO - Processing file /opt/airflow/dags/dag.py for tasks to queue
[2026-06-18T13:34:07.686+0000] {logging_mixin.py:190} INFO - [2026-06-18T13:34:07.686+0000] {dagbag.py:588} INFO - Filling up the DagBag from /opt/airflow/dags/dag.py
[2026-06-18T13:34:07.705+0000] {processor.py:925} INFO - DAG(s) 'f1_medallion_pipeline' retrieved from /opt/airflow/dags/dag.py
[2026-06-18T13:34:07.726+0000] {logging_mixin.py:190} INFO - [2026-06-18T13:34:07.725+0000] {dag.py:3239} INFO - Sync 1 DAGs
[2026-06-18T13:34:07.734+0000] {logging_mixin.py:190} INFO - [2026-06-18T13:34:07.734+0000] {dag.py:4180} INFO - Setting next_dagrun for f1_medallion_pipeline to None, run_after=None
[2026-06-18T13:34:07.746+0000] {processor.py:208} INFO - Processing /opt/airflow/dags/dag.py took 0.069 seconds
[2026-06-18T13:34:37.915+0000] {processor.py:186} INFO - Started process (PID=503) to work on /opt/airflow/dags/dag.py
[2026-06-18T13:34:37.915+0000] {processor.py:914} INFO - Processing file /opt/airflow/dags/dag.py for tasks to queue
[2026-06-18T13:34:37.916+0000] {logging_mixin.py:190} INFO - [2026-06-18T13:34:37.916+0000] {dagbag.py:588} INFO - Filling up the DagBag from /opt/airflow/dags/dag.py
[2026-06-18T13:34:37.933+0000] {processor.py:925} INFO - DAG(s) 'f1_medallion_pipeline' retrieved from /opt/airflow/dags/dag.py
[2026-06-18T13:34:37.954+0000] {logging_mixin.py:190} INFO - [2026-06-18T13:34:37.954+0000] {dag.py:3239} INFO - Sync 1 DAGs
[2026-06-18T13:34:37.963+0000] {logging_mixin.py:190} INFO - [2026-06-18T13:34:37.963+0000] {dag.py:4180} INFO - Setting next_dagrun for f1_medallion_pipeline to None, run_after=None
[2026-06-18T13:34:37.976+0000] {processor.py:208} INFO - Processing /opt/airflow/dags/dag.py took 0.069 seconds
[2026-06-18T13:35:08.103+0000] {processor.py:186} INFO - Started process (PID=508) to work on /opt/airflow/dags/dag.py
[2026-06-18T13:35:08.104+0000] {processor.py:914} INFO - Processing file /opt/airflow/dags/dag.py for tasks to queue
[2026-06-18T13:35:08.105+0000] {logging_mixin.py:190} INFO - [2026-06-18T13:35:08.104+0000] {dagbag.py:588} INFO - Filling up the DagBag from /opt/airflow/dags/dag.py
[2026-06-18T13:35:08.137+0000] {processor.py:925} INFO - DAG(s) 'f1_medallion_pipeline' retrieved from /opt/airflow/dags/dag.py
[2026-06-18T13:35:08.161+0000] {logging_mixin.py:190} INFO - [2026-06-18T13:35:08.161+0000] {dag.py:3239} INFO - Sync 1 DAGs
[2026-06-18T13:35:08.172+0000] {logging_mixin.py:190} INFO - [2026-06-18T13:35:08.172+0000] {dag.py:4180} INFO - Setting next_dagrun for f1_medallion_pipeline to None, run_after=None
[2026-06-18T13:35:08.191+0000] {processor.py:208} INFO - Processing /opt/airflow/dags/dag.py took 0.099 seconds
[2026-06-18T13:35:38.364+0000] {processor.py:186} INFO - Started process (PID=513) to work on /opt/airflow/dags/dag.py
[2026-06-18T13:35:38.364+0000] {processor.py:914} INFO - Processing file /opt/airflow/dags/dag.py for tasks to queue
[2026-06-18T13:35:38.365+0000] {logging_mixin.py:190} INFO - [2026-06-18T13:35:38.365+0000] {dagbag.py:588} INFO - Filling up the DagBag from /opt/airflow/dags/dag.py
[2026-06-18T13:35:38.385+0000] {processor.py:925} INFO - DAG(s) 'f1_medallion_pipeline' retrieved from /opt/airflow/dags/dag.py
[2026-06-18T13:35:38.407+0000] {logging_mixin.py:190} INFO - [2026-06-18T13:35:38.407+0000] {dag.py:3239} INFO - Sync 1 DAGs
[2026-06-18T13:35:38.417+0000] {logging_mixin.py:190} INFO - [2026-06-18T13:35:38.416+0000] {dag.py:4180} INFO - Setting next_dagrun for f1_medallion_pipeline to None, run_after=None
[2026-06-18T13:35:38.431+0000] {processor.py:208} INFO - Processing /opt/airflow/dags/dag.py took 0.077 seconds
[2026-06-18T13:36:08.555+0000] {processor.py:186} INFO - Started process (PID=518) to work on /opt/airflow/dags/dag.py
[2026-06-18T13:36:08.556+0000] {processor.py:914} INFO - Processing file /opt/airflow/dags/dag.py for tasks to queue
[2026-06-18T13:36:08.557+0000] {logging_mixin.py:190} INFO - [2026-06-18T13:36:08.557+0000] {dagbag.py:588} INFO - Filling up the DagBag from /opt/airflow/dags/dag.py
[2026-06-18T13:36:08.576+0000] {processor.py:925} INFO - DAG(s) 'f1_medallion_pipeline' retrieved from /opt/airflow/dags/dag.py
[2026-06-18T13:36:08.598+0000] {logging_mixin.py:190} INFO - [2026-06-18T13:36:08.598+0000] {dag.py:3239} INFO - Sync 1 DAGs
[2026-06-18T13:36:08.608+0000] {logging_mixin.py:190} INFO - [2026-06-18T13:36:08.608+0000] {dag.py:4180} INFO - Setting next_dagrun for f1_medallion_pipeline to None, run_after=None
[2026-06-18T13:36:08.626+0000] {processor.py:208} INFO - Processing /opt/airflow/dags/dag.py took 0.081 seconds
[2026-06-18T13:36:38.774+0000] {processor.py:186} INFO - Started process (PID=523) to work on /opt/airflow/dags/dag.py
[2026-06-18T13:36:38.774+0000] {processor.py:914} INFO - Processing file /opt/airflow/dags/dag.py for tasks to queue
[2026-06-18T13:36:38.775+0000] {logging_mixin.py:190} INFO - [2026-06-18T13:36:38.775+0000] {dagbag.py:588} INFO - Filling up the DagBag from /opt/airflow/dags/dag.py
[2026-06-18T13:36:38.793+0000] {processor.py:925} INFO - DAG(s) 'f1_medallion_pipeline' retrieved from /opt/airflow/dags/dag.py
[2026-06-18T13:36:38.813+0000] {logging_mixin.py:190} INFO - [2026-06-18T13:36:38.813+0000] {dag.py:3239} INFO - Sync 1 DAGs
[2026-06-18T13:36:38.822+0000] {logging_mixin.py:190} INFO - [2026-06-18T13:36:38.821+0000] {dag.py:4180} INFO - Setting next_dagrun for f1_medallion_pipeline to None, run_after=None
[2026-06-18T13:36:38.835+0000] {processor.py:208} INFO - Processing /opt/airflow/dags/dag.py took 0.072 seconds
[2026-06-18T13:37:08.955+0000] {processor.py:186} INFO - Started process (PID=528) to work on /opt/airflow/dags/dag.py
[2026-06-18T13:37:08.956+0000] {processor.py:914} INFO - Processing file /opt/airflow/dags/dag.py for tasks to queue
[2026-06-18T13:37:08.957+0000] {logging_mixin.py:190} INFO - [2026-06-18T13:37:08.957+0000] {dagbag.py:588} INFO - Filling up the DagBag from /opt/airflow/dags/dag.py
[2026-06-18T13:37:08.974+0000] {processor.py:925} INFO - DAG(s) 'f1_medallion_pipeline' retrieved from /opt/airflow/dags/dag.py
[2026-06-18T13:37:08.995+0000] {logging_mixin.py:190} INFO - [2026-06-18T13:37:08.995+0000] {dag.py:3239} INFO - Sync 1 DAGs
[2026-06-18T13:37:09.003+0000] {logging_mixin.py:190} INFO - [2026-06-18T13:37:09.003+0000] {dag.py:4180} INFO - Setting next_dagrun for f1_medallion_pipeline to None, run_after=None
[2026-06-18T13:37:09.016+0000] {processor.py:208} INFO - Processing /opt/airflow/dags/dag.py took 0.069 seconds
[2026-06-18T13:37:39.176+0000] {processor.py:186} INFO - Started process (PID=533) to work on /opt/airflow/dags/dag.py
[2026-06-18T13:37:39.177+0000] {processor.py:914} INFO - Processing file /opt/airflow/dags/dag.py for tasks to queue
[2026-06-18T13:37:39.178+0000] {logging_mixin.py:190} INFO - [2026-06-18T13:37:39.177+0000] {dagbag.py:588} INFO - Filling up the DagBag from /opt/airflow/dags/dag.py
[2026-06-18T13:37:39.198+0000] {processor.py:925} INFO - DAG(s) 'f1_medallion_pipeline' retrieved from /opt/airflow/dags/dag.py
[2026-06-18T13:37:39.221+0000] {logging_mixin.py:190} INFO - [2026-06-18T13:37:39.221+0000] {dag.py:3239} INFO - Sync 1 DAGs
[2026-06-18T13:37:39.231+0000] {logging_mixin.py:190} INFO - [2026-06-18T13:37:39.231+0000] {dag.py:4180} INFO - Setting next_dagrun for f1_medallion_pipeline to None, run_after=None
[2026-06-18T13:37:39.248+0000] {processor.py:208} INFO - Processing /opt/airflow/dags/dag.py took 0.081 seconds
[2026-06-18T13:38:09.381+0000] {processor.py:186} INFO - Started process (PID=538) to work on /opt/airflow/dags/dag.py
[2026-06-18T13:38:09.381+0000] {processor.py:914} INFO - Processing file /opt/airflow/dags/dag.py for tasks to queue
[2026-06-18T13:38:09.383+0000] {logging_mixin.py:190} INFO - [2026-06-18T13:38:09.382+0000] {dagbag.py:588} INFO - Filling up the DagBag from /opt/airflow/dags/dag.py
[2026-06-18T13:38:09.413+0000] {processor.py:925} INFO - DAG(s) 'f1_medallion_pipeline' retrieved from /opt/airflow/dags/dag.py
[2026-06-18T13:38:09.432+0000] {logging_mixin.py:190} INFO - [2026-06-18T13:38:09.432+0000] {dag.py:3239} INFO - Sync 1 DAGs
[2026-06-18T13:38:09.442+0000] {logging_mixin.py:190} INFO - [2026-06-18T13:38:09.441+0000] {dag.py:4180} INFO - Setting next_dagrun for f1_medallion_pipeline to None, run_after=None
[2026-06-18T13:38:09.458+0000] {processor.py:208} INFO - Processing /opt/airflow/dags/dag.py took 0.086 seconds
[2026-06-18T13:38:39.601+0000] {processor.py:186} INFO - Started process (PID=543) to work on /opt/airflow/dags/dag.py
[2026-06-18T13:38:39.602+0000] {processor.py:914} INFO - Processing file /opt/airflow/dags/dag.py for tasks to queue
[2026-06-18T13:38:39.603+0000] {logging_mixin.py:190} INFO - [2026-06-18T13:38:39.602+0000] {dagbag.py:588} INFO - Filling up the DagBag from /opt/airflow/dags/dag.py
[2026-06-18T13:38:39.619+0000] {processor.py:925} INFO - DAG(s) 'f1_medallion_pipeline' retrieved from /opt/airflow/dags/dag.py
[2026-06-18T13:38:39.638+0000] {logging_mixin.py:190} INFO - [2026-06-18T13:38:39.638+0000] {dag.py:3239} INFO - Sync 1 DAGs
[2026-06-18T13:38:39.648+0000] {logging_mixin.py:190} INFO - [2026-06-18T13:38:39.648+0000] {dag.py:4180} INFO - Setting next_dagrun for f1_medallion_pipeline to None, run_after=None
[2026-06-18T13:38:39.661+0000] {processor.py:208} INFO - Processing /opt/airflow/dags/dag.py took 0.068 seconds
[2026-06-18T13:39:09.802+0000] {processor.py:186} INFO - Started process (PID=548) to work on /opt/airflow/dags/dag.py
[2026-06-18T13:39:09.803+0000] {processor.py:914} INFO - Processing file /opt/airflow/dags/dag.py for tasks to queue
[2026-06-18T13:39:09.804+0000] {logging_mixin.py:190} INFO - [2026-06-18T13:39:09.804+0000] {dagbag.py:588} INFO - Filling up the DagBag from /opt/airflow/dags/dag.py
[2026-06-18T13:39:09.824+0000] {processor.py:925} INFO - DAG(s) 'f1_medallion_pipeline' retrieved from /opt/airflow/dags/dag.py
[2026-06-18T13:39:09.844+0000] {logging_mixin.py:190} INFO - [2026-06-18T13:39:09.844+0000] {dag.py:3239} INFO - Sync 1 DAGs
[2026-06-18T13:39:09.853+0000] {logging_mixin.py:190} INFO - [2026-06-18T13:39:09.852+0000] {dag.py:4180} INFO - Setting next_dagrun for f1_medallion_pipeline to None, run_after=None
[2026-06-18T13:39:09.866+0000] {processor.py:208} INFO - Processing /opt/airflow/dags/dag.py took 0.072 seconds
[2026-06-18T13:39:39.990+0000] {processor.py:186} INFO - Started process (PID=553) to work on /opt/airflow/dags/dag.py
[2026-06-18T13:39:39.991+0000] {processor.py:914} INFO - Processing file /opt/airflow/dags/dag.py for tasks to queue
[2026-06-18T13:39:39.992+0000] {logging_mixin.py:190} INFO - [2026-06-18T13:39:39.992+0000] {dagbag.py:588} INFO - Filling up the DagBag from /opt/airflow/dags/dag.py
[2026-06-18T13:39:40.012+0000] {processor.py:925} INFO - DAG(s) 'f1_medallion_pipeline' retrieved from /opt/airflow/dags/dag.py
[2026-06-18T13:39:40.034+0000] {logging_mixin.py:190} INFO - [2026-06-18T13:39:40.034+0000] {dag.py:3239} INFO - Sync 1 DAGs
[2026-06-18T13:39:40.043+0000] {logging_mixin.py:190} INFO - [2026-06-18T13:39:40.043+0000] {dag.py:4180} INFO - Setting next_dagrun for f1_medallion_pipeline to None, run_after=None
[2026-06-18T13:39:40.055+0000] {processor.py:208} INFO - Processing /opt/airflow/dags/dag.py took 0.072 seconds
[2026-06-18T13:40:10.219+0000] {processor.py:186} INFO - Started process (PID=558) to work on /opt/airflow/dags/dag.py
[2026-06-18T13:40:10.220+0000] {processor.py:914} INFO - Processing file /opt/airflow/dags/dag.py for tasks to queue
[2026-06-18T13:40:10.221+0000] {logging_mixin.py:190} INFO - [2026-06-18T13:40:10.221+0000] {dagbag.py:588} INFO - Filling up the DagBag from /opt/airflow/dags/dag.py
[2026-06-18T13:40:10.236+0000] {processor.py:925} INFO - DAG(s) 'f1_medallion_pipeline' retrieved from /opt/airflow/dags/dag.py
[2026-06-18T13:40:10.256+0000] {logging_mixin.py:190} INFO - [2026-06-18T13:40:10.256+0000] {dag.py:3239} INFO - Sync 1 DAGs
[2026-06-18T13:40:10.265+0000] {logging_mixin.py:190} INFO - [2026-06-18T13:40:10.265+0000] {dag.py:4180} INFO - Setting next_dagrun for f1_medallion_pipeline to None, run_after=None
[2026-06-18T13:40:10.279+0000] {processor.py:208} INFO - Processing /opt/airflow/dags/dag.py took 0.067 seconds
[2026-06-18T13:40:40.408+0000] {processor.py:186} INFO - Started process (PID=563) to work on /opt/airflow/dags/dag.py
[2026-06-18T13:40:40.408+0000] {processor.py:914} INFO - Processing file /opt/airflow/dags/dag.py for tasks to queue
[2026-06-18T13:40:40.409+0000] {logging_mixin.py:190} INFO - [2026-06-18T13:40:40.409+0000] {dagbag.py:588} INFO - Filling up the DagBag from /opt/airflow/dags/dag.py
[2026-06-18T13:40:40.428+0000] {processor.py:925} INFO - DAG(s) 'f1_medallion_pipeline' retrieved from /opt/airflow/dags/dag.py
[2026-06-18T13:40:40.448+0000] {logging_mixin.py:190} INFO - [2026-06-18T13:40:40.447+0000] {dag.py:3239} INFO - Sync 1 DAGs
[2026-06-18T13:40:40.456+0000] {logging_mixin.py:190} INFO - [2026-06-18T13:40:40.456+0000] {dag.py:4180} INFO - Setting next_dagrun for f1_medallion_pipeline to None, run_after=None
[2026-06-18T13:40:40.471+0000] {processor.py:208} INFO - Processing /opt/airflow/dags/dag.py took 0.071 seconds
[2026-06-18T13:41:10.611+0000] {processor.py:186} INFO - Started process (PID=568) to work on /opt/airflow/dags/dag.py
[2026-06-18T13:41:10.612+0000] {processor.py:914} INFO - Processing file /opt/airflow/dags/dag.py for tasks to queue
[2026-06-18T13:41:10.613+0000] {logging_mixin.py:190} INFO - [2026-06-18T13:41:10.613+0000] {dagbag.py:588} INFO - Filling up the DagBag from /opt/airflow/dags/dag.py
[2026-06-18T13:41:10.628+0000] {processor.py:925} INFO - DAG(s) 'f1_medallion_pipeline' retrieved from /opt/airflow/dags/dag.py
[2026-06-18T13:41:10.647+0000] {logging_mixin.py:190} INFO - [2026-06-18T13:41:10.647+0000] {dag.py:3239} INFO - Sync 1 DAGs
[2026-06-18T13:41:10.656+0000] {logging_mixin.py:190} INFO - [2026-06-18T13:41:10.656+0000] {dag.py:4180} INFO - Setting next_dagrun for f1_medallion_pipeline to None, run_after=None
[2026-06-18T13:41:10.669+0000] {processor.py:208} INFO - Processing /opt/airflow/dags/dag.py took 0.066 seconds
[2026-06-18T13:41:40.815+0000] {processor.py:186} INFO - Started process (PID=573) to work on /opt/airflow/dags/dag.py
[2026-06-18T13:41:40.816+0000] {processor.py:914} INFO - Processing file /opt/airflow/dags/dag.py for tasks to queue
[2026-06-18T13:41:40.817+0000] {logging_mixin.py:190} INFO - [2026-06-18T13:41:40.816+0000] {dagbag.py:588} INFO - Filling up the DagBag from /opt/airflow/dags/dag.py
[2026-06-18T13:41:40.834+0000] {processor.py:925} INFO - DAG(s) 'f1_medallion_pipeline' retrieved from /opt/airflow/dags/dag.py
[2026-06-18T13:41:40.854+0000] {logging_mixin.py:190} INFO - [2026-06-18T13:41:40.854+0000] {dag.py:3239} INFO - Sync 1 DAGs
[2026-06-18T13:41:40.863+0000] {logging_mixin.py:190} INFO - [2026-06-18T13:41:40.863+0000] {dag.py:4180} INFO - Setting next_dagrun for f1_medallion_pipeline to None, run_after=None
[2026-06-18T13:41:40.877+0000] {processor.py:208} INFO - Processing /opt/airflow/dags/dag.py took 0.073 seconds
[2026-06-18T13:42:10.988+0000] {processor.py:186} INFO - Started process (PID=578) to work on /opt/airflow/dags/dag.py
[2026-06-18T13:42:10.989+0000] {processor.py:914} INFO - Processing file /opt/airflow/dags/dag.py for tasks to queue
[2026-06-18T13:42:10.989+0000] {logging_mixin.py:190} INFO - [2026-06-18T13:42:10.989+0000] {dagbag.py:588} INFO - Filling up the DagBag from /opt/airflow/dags/dag.py
[2026-06-18T13:42:11.007+0000] {processor.py:925} INFO - DAG(s) 'f1_medallion_pipeline' retrieved from /opt/airflow/dags/dag.py
[2026-06-18T13:42:11.027+0000] {logging_mixin.py:190} INFO - [2026-06-18T13:42:11.027+0000] {dag.py:3239} INFO - Sync 1 DAGs
[2026-06-18T13:42:11.035+0000] {logging_mixin.py:190} INFO - [2026-06-18T13:42:11.035+0000] {dag.py:4180} INFO - Setting next_dagrun for f1_medallion_pipeline to None, run_after=None
[2026-06-18T13:42:11.048+0000] {processor.py:208} INFO - Processing /opt/airflow/dags/dag.py took 0.067 seconds
[2026-06-18T13:42:41.200+0000] {processor.py:186} INFO - Started process (PID=583) to work on /opt/airflow/dags/dag.py
[2026-06-18T13:42:41.200+0000] {processor.py:914} INFO - Processing file /opt/airflow/dags/dag.py for tasks to queue
[2026-06-18T13:42:41.201+0000] {logging_mixin.py:190} INFO - [2026-06-18T13:42:41.201+0000] {dagbag.py:588} INFO - Filling up the DagBag from /opt/airflow/dags/dag.py
[2026-06-18T13:42:41.219+0000] {processor.py:925} INFO - DAG(s) 'f1_medallion_pipeline' retrieved from /opt/airflow/dags/dag.py
[2026-06-18T13:42:41.238+0000] {logging_mixin.py:190} INFO - [2026-06-18T13:42:41.238+0000] {dag.py:3239} INFO - Sync 1 DAGs
[2026-06-18T13:42:41.247+0000] {logging_mixin.py:190} INFO - [2026-06-18T13:42:41.247+0000] {dag.py:4180} INFO - Setting next_dagrun for f1_medallion_pipeline to None, run_after=None
[2026-06-18T13:42:41.261+0000] {processor.py:208} INFO - Processing /opt/airflow/dags/dag.py took 0.068 seconds
[2026-06-18T13:43:11.381+0000] {processor.py:186} INFO - Started process (PID=588) to work on /opt/airflow/dags/dag.py
[2026-06-18T13:43:11.381+0000] {processor.py:914} INFO - Processing file /opt/airflow/dags/dag.py for tasks to queue
[2026-06-18T13:43:11.382+0000] {logging_mixin.py:190} INFO - [2026-06-18T13:43:11.382+0000] {dagbag.py:588} INFO - Filling up the DagBag from /opt/airflow/dags/dag.py
[2026-06-18T13:43:11.397+0000] {processor.py:925} INFO - DAG(s) 'f1_medallion_pipeline' retrieved from /opt/airflow/dags/dag.py
[2026-06-18T13:43:11.416+0000] {logging_mixin.py:190} INFO - [2026-06-18T13:43:11.416+0000] {dag.py:3239} INFO - Sync 1 DAGs
[2026-06-18T13:43:11.425+0000] {logging_mixin.py:190} INFO - [2026-06-18T13:43:11.425+0000] {dag.py:4180} INFO - Setting next_dagrun for f1_medallion_pipeline to None, run_after=None
[2026-06-18T13:43:11.438+0000] {processor.py:208} INFO - Processing /opt/airflow/dags/dag.py took 0.065 seconds
[2026-06-18T13:43:41.593+0000] {processor.py:186} INFO - Started process (PID=593) to work on /opt/airflow/dags/dag.py
[2026-06-18T13:43:41.594+0000] {processor.py:914} INFO - Processing file /opt/airflow/dags/dag.py for tasks to queue
[2026-06-18T13:43:41.595+0000] {logging_mixin.py:190} INFO - [2026-06-18T13:43:41.595+0000] {dagbag.py:588} INFO - Filling up the DagBag from /opt/airflow/dags/dag.py
[2026-06-18T13:43:41.623+0000] {processor.py:925} INFO - DAG(s) 'f1_medallion_pipeline' retrieved from /opt/airflow/dags/dag.py
[2026-06-18T13:43:41.646+0000] {logging_mixin.py:190} INFO - [2026-06-18T13:43:41.646+0000] {dag.py:3239} INFO - Sync 1 DAGs
[2026-06-18T13:43:41.657+0000] {logging_mixin.py:190} INFO - [2026-06-18T13:43:41.657+0000] {dag.py:4180} INFO - Setting next_dagrun for f1_medallion_pipeline to None, run_after=None
[2026-06-18T13:43:41.674+0000] {processor.py:208} INFO - Processing /opt/airflow/dags/dag.py took 0.090 seconds
[2026-06-18T13:44:11.762+0000] {processor.py:186} INFO - Started process (PID=598) to work on /opt/airflow/dags/dag.py
[2026-06-18T13:44:11.763+0000] {processor.py:914} INFO - Processing file /opt/airflow/dags/dag.py for tasks to queue
[2026-06-18T13:44:11.763+0000] {logging_mixin.py:190} INFO - [2026-06-18T13:44:11.763+0000] {dagbag.py:588} INFO - Filling up the DagBag from /opt/airflow/dags/dag.py
[2026-06-18T13:44:11.779+0000] {processor.py:925} INFO - DAG(s) 'f1_medallion_pipeline' retrieved from /opt/airflow/dags/dag.py
[2026-06-18T13:44:11.799+0000] {logging_mixin.py:190} INFO - [2026-06-18T13:44:11.799+0000] {dag.py:3239} INFO - Sync 1 DAGs
[2026-06-18T13:44:11.808+0000] {logging_mixin.py:190} INFO - [2026-06-18T13:44:11.807+0000] {dag.py:4180} INFO - Setting next_dagrun for f1_medallion_pipeline to None, run_after=None
[2026-06-18T13:44:11.822+0000] {processor.py:208} INFO - Processing /opt/airflow/dags/dag.py took 0.067 seconds
[2026-06-18T13:44:41.989+0000] {processor.py:186} INFO - Started process (PID=603) to work on /opt/airflow/dags/dag.py
[2026-06-18T13:44:41.990+0000] {processor.py:914} INFO - Processing file /opt/airflow/dags/dag.py for tasks to queue
[2026-06-18T13:44:41.991+0000] {logging_mixin.py:190} INFO - [2026-06-18T13:44:41.990+0000] {dagbag.py:588} INFO - Filling up the DagBag from /opt/airflow/dags/dag.py
[2026-06-18T13:44:42.009+0000] {processor.py:925} INFO - DAG(s) 'f1_medallion_pipeline' retrieved from /opt/airflow/dags/dag.py
[2026-06-18T13:44:42.028+0000] {logging_mixin.py:190} INFO - [2026-06-18T13:44:42.027+0000] {dag.py:3239} INFO - Sync 1 DAGs
[2026-06-18T13:44:42.037+0000] {logging_mixin.py:190} INFO - [2026-06-18T13:44:42.037+0000] {dag.py:4180} INFO - Setting next_dagrun for f1_medallion_pipeline to None, run_after=None
[2026-06-18T13:44:42.050+0000] {processor.py:208} INFO - Processing /opt/airflow/dags/dag.py took 0.070 seconds
[2026-06-18T13:45:12.152+0000] {processor.py:186} INFO - Started process (PID=608) to work on /opt/airflow/dags/dag.py
[2026-06-18T13:45:12.153+0000] {processor.py:914} INFO - Processing file /opt/airflow/dags/dag.py for tasks to queue
[2026-06-18T13:45:12.154+0000] {logging_mixin.py:190} INFO - [2026-06-18T13:45:12.154+0000] {dagbag.py:588} INFO - Filling up the DagBag from /opt/airflow/dags/dag.py
[2026-06-18T13:45:12.171+0000] {processor.py:925} INFO - DAG(s) 'f1_medallion_pipeline' retrieved from /opt/airflow/dags/dag.py
[2026-06-18T13:45:12.191+0000] {logging_mixin.py:190} INFO - [2026-06-18T13:45:12.191+0000] {dag.py:3239} INFO - Sync 1 DAGs
[2026-06-18T13:45:12.199+0000] {logging_mixin.py:190} INFO - [2026-06-18T13:45:12.199+0000] {dag.py:4180} INFO - Setting next_dagrun for f1_medallion_pipeline to None, run_after=None
[2026-06-18T13:45:12.212+0000] {processor.py:208} INFO - Processing /opt/airflow/dags/dag.py took 0.067 seconds
[2026-06-18T13:45:42.384+0000] {processor.py:186} INFO - Started process (PID=613) to work on /opt/airflow/dags/dag.py
[2026-06-18T13:45:42.384+0000] {processor.py:914} INFO - Processing file /opt/airflow/dags/dag.py for tasks to queue
[2026-06-18T13:45:42.385+0000] {logging_mixin.py:190} INFO - [2026-06-18T13:45:42.385+0000] {dagbag.py:588} INFO - Filling up the DagBag from /opt/airflow/dags/dag.py
[2026-06-18T13:45:42.400+0000] {processor.py:925} INFO - DAG(s) 'f1_medallion_pipeline' retrieved from /opt/airflow/dags/dag.py
[2026-06-18T13:45:42.421+0000] {logging_mixin.py:190} INFO - [2026-06-18T13:45:42.421+0000] {dag.py:3239} INFO - Sync 1 DAGs
[2026-06-18T13:45:42.429+0000] {logging_mixin.py:190} INFO - [2026-06-18T13:45:42.429+0000] {dag.py:4180} INFO - Setting next_dagrun for f1_medallion_pipeline to None, run_after=None
[2026-06-18T13:45:42.443+0000] {processor.py:208} INFO - Processing /opt/airflow/dags/dag.py took 0.067 seconds
[2026-06-18T13:46:12.546+0000] {processor.py:186} INFO - Started process (PID=618) to work on /opt/airflow/dags/dag.py
[2026-06-18T13:46:12.546+0000] {processor.py:914} INFO - Processing file /opt/airflow/dags/dag.py for tasks to queue
[2026-06-18T13:46:12.547+0000] {logging_mixin.py:190} INFO - [2026-06-18T13:46:12.547+0000] {dagbag.py:588} INFO - Filling up the DagBag from /opt/airflow/dags/dag.py
[2026-06-18T13:46:12.564+0000] {processor.py:925} INFO - DAG(s) 'f1_medallion_pipeline' retrieved from /opt/airflow/dags/dag.py
[2026-06-18T13:46:12.586+0000] {logging_mixin.py:190} INFO - [2026-06-18T13:46:12.585+0000] {dag.py:3239} INFO - Sync 1 DAGs
[2026-06-18T13:46:12.594+0000] {logging_mixin.py:190} INFO - [2026-06-18T13:46:12.594+0000] {dag.py:4180} INFO - Setting next_dagrun for f1_medallion_pipeline to None, run_after=None
[2026-06-18T13:46:12.609+0000] {processor.py:208} INFO - Processing /opt/airflow/dags/dag.py took 0.074 seconds
[2026-06-18T13:46:42.759+0000] {processor.py:186} INFO - Started process (PID=623) to work on /opt/airflow/dags/dag.py
[2026-06-18T13:46:42.759+0000] {processor.py:914} INFO - Processing file /opt/airflow/dags/dag.py for tasks to queue
[2026-06-18T13:46:42.760+0000] {logging_mixin.py:190} INFO - [2026-06-18T13:46:42.760+0000] {dagbag.py:588} INFO - Filling up the DagBag from /opt/airflow/dags/dag.py
[2026-06-18T13:46:42.778+0000] {processor.py:925} INFO - DAG(s) 'f1_medallion_pipeline' retrieved from /opt/airflow/dags/dag.py
[2026-06-18T13:46:42.799+0000] {logging_mixin.py:190} INFO - [2026-06-18T13:46:42.799+0000] {dag.py:3239} INFO - Sync 1 DAGs
[2026-06-18T13:46:42.807+0000] {logging_mixin.py:190} INFO - [2026-06-18T13:46:42.807+0000] {dag.py:4180} INFO - Setting next_dagrun for f1_medallion_pipeline to None, run_after=None
[2026-06-18T13:46:42.821+0000] {processor.py:208} INFO - Processing /opt/airflow/dags/dag.py took 0.070 seconds
[2026-06-18T13:47:12.934+0000] {processor.py:186} INFO - Started process (PID=628) to work on /opt/airflow/dags/dag.py
[2026-06-18T13:47:12.935+0000] {processor.py:914} INFO - Processing file /opt/airflow/dags/dag.py for tasks to queue
[2026-06-18T13:47:12.936+0000] {logging_mixin.py:190} INFO - [2026-06-18T13:47:12.935+0000] {dagbag.py:588} INFO - Filling up the DagBag from /opt/airflow/dags/dag.py
[2026-06-18T13:47:12.955+0000] {processor.py:925} INFO - DAG(s) 'f1_medallion_pipeline' retrieved from /opt/airflow/dags/dag.py
[2026-06-18T13:47:12.977+0000] {logging_mixin.py:190} INFO - [2026-06-18T13:47:12.977+0000] {dag.py:3239} INFO - Sync 1 DAGs
[2026-06-18T13:47:12.986+0000] {logging_mixin.py:190} INFO - [2026-06-18T13:47:12.986+0000] {dag.py:4180} INFO - Setting next_dagrun for f1_medallion_pipeline to None, run_after=None
[2026-06-18T13:47:13.000+0000] {processor.py:208} INFO - Processing /opt/airflow/dags/dag.py took 0.074 seconds
[2026-06-18T13:47:43.160+0000] {processor.py:186} INFO - Started process (PID=633) to work on /opt/airflow/dags/dag.py
[2026-06-18T13:47:43.160+0000] {processor.py:914} INFO - Processing file /opt/airflow/dags/dag.py for tasks to queue
[2026-06-18T13:47:43.161+0000] {logging_mixin.py:190} INFO - [2026-06-18T13:47:43.161+0000] {dagbag.py:588} INFO - Filling up the DagBag from /opt/airflow/dags/dag.py
[2026-06-18T13:47:43.179+0000] {processor.py:925} INFO - DAG(s) 'f1_medallion_pipeline' retrieved from /opt/airflow/dags/dag.py
[2026-06-18T13:47:43.201+0000] {logging_mixin.py:190} INFO - [2026-06-18T13:47:43.201+0000] {dag.py:3239} INFO - Sync 1 DAGs
[2026-06-18T13:47:43.210+0000] {logging_mixin.py:190} INFO - [2026-06-18T13:47:43.210+0000] {dag.py:4180} INFO - Setting next_dagrun for f1_medallion_pipeline to None, run_after=None
[2026-06-18T13:47:43.222+0000] {processor.py:208} INFO - Processing /opt/airflow/dags/dag.py took 0.072 seconds
[2026-06-18T13:48:13.328+0000] {processor.py:186} INFO - Started process (PID=638) to work on /opt/airflow/dags/dag.py
[2026-06-18T13:48:13.329+0000] {processor.py:914} INFO - Processing file /opt/airflow/dags/dag.py for tasks to queue
[2026-06-18T13:48:13.330+0000] {logging_mixin.py:190} INFO - [2026-06-18T13:48:13.330+0000] {dagbag.py:588} INFO - Filling up the DagBag from /opt/airflow/dags/dag.py
[2026-06-18T13:48:13.346+0000] {processor.py:925} INFO - DAG(s) 'f1_medallion_pipeline' retrieved from /opt/airflow/dags/dag.py
[2026-06-18T13:48:13.367+0000] {logging_mixin.py:190} INFO - [2026-06-18T13:48:13.367+0000] {dag.py:3239} INFO - Sync 1 DAGs
[2026-06-18T13:48:13.376+0000] {logging_mixin.py:190} INFO - [2026-06-18T13:48:13.376+0000] {dag.py:4180} INFO - Setting next_dagrun for f1_medallion_pipeline to None, run_after=None
[2026-06-18T13:48:13.390+0000] {processor.py:208} INFO - Processing /opt/airflow/dags/dag.py took 0.069 seconds
[2026-06-18T13:48:43.544+0000] {processor.py:186} INFO - Started process (PID=643) to work on /opt/airflow/dags/dag.py
[2026-06-18T13:48:43.544+0000] {processor.py:914} INFO - Processing file /opt/airflow/dags/dag.py for tasks to queue
[2026-06-18T13:48:43.545+0000] {logging_mixin.py:190} INFO - [2026-06-18T13:48:43.545+0000] {dagbag.py:588} INFO - Filling up the DagBag from /opt/airflow/dags/dag.py
[2026-06-18T13:48:43.561+0000] {processor.py:925} INFO - DAG(s) 'f1_medallion_pipeline' retrieved from /opt/airflow/dags/dag.py
[2026-06-18T13:48:43.582+0000] {logging_mixin.py:190} INFO - [2026-06-18T13:48:43.582+0000] {dag.py:3239} INFO - Sync 1 DAGs
[2026-06-18T13:48:43.591+0000] {logging_mixin.py:190} INFO - [2026-06-18T13:48:43.591+0000] {dag.py:4180} INFO - Setting next_dagrun for f1_medallion_pipeline to None, run_after=None
[2026-06-18T13:48:43.605+0000] {processor.py:208} INFO - Processing /opt/airflow/dags/dag.py took 0.070 seconds
[2026-06-18T13:49:13.722+0000] {processor.py:186} INFO - Started process (PID=648) to work on /opt/airflow/dags/dag.py
[2026-06-18T13:49:13.723+0000] {processor.py:914} INFO - Processing file /opt/airflow/dags/dag.py for tasks to queue
[2026-06-18T13:49:13.724+0000] {logging_mixin.py:190} INFO - [2026-06-18T13:49:13.724+0000] {dagbag.py:588} INFO - Filling up the DagBag from /opt/airflow/dags/dag.py
[2026-06-18T13:49:13.740+0000] {processor.py:925} INFO - DAG(s) 'f1_medallion_pipeline' retrieved from /opt/airflow/dags/dag.py
[2026-06-18T13:49:13.760+0000] {logging_mixin.py:190} INFO - [2026-06-18T13:49:13.760+0000] {dag.py:3239} INFO - Sync 1 DAGs
[2026-06-18T13:49:13.769+0000] {logging_mixin.py:190} INFO - [2026-06-18T13:49:13.769+0000] {dag.py:4180} INFO - Setting next_dagrun for f1_medallion_pipeline to None, run_after=None
[2026-06-18T13:49:13.780+0000] {processor.py:208} INFO - Processing /opt/airflow/dags/dag.py took 0.065 seconds
[2026-06-18T13:49:43.938+0000] {processor.py:186} INFO - Started process (PID=653) to work on /opt/airflow/dags/dag.py
[2026-06-18T13:49:43.939+0000] {processor.py:914} INFO - Processing file /opt/airflow/dags/dag.py for tasks to queue
[2026-06-18T13:49:43.940+0000] {logging_mixin.py:190} INFO - [2026-06-18T13:49:43.939+0000] {dagbag.py:588} INFO - Filling up the DagBag from /opt/airflow/dags/dag.py
[2026-06-18T13:49:43.958+0000] {processor.py:925} INFO - DAG(s) 'f1_medallion_pipeline' retrieved from /opt/airflow/dags/dag.py
[2026-06-18T13:49:43.979+0000] {logging_mixin.py:190} INFO - [2026-06-18T13:49:43.979+0000] {dag.py:3239} INFO - Sync 1 DAGs
[2026-06-18T13:49:43.988+0000] {logging_mixin.py:190} INFO - [2026-06-18T13:49:43.988+0000] {dag.py:4180} INFO - Setting next_dagrun for f1_medallion_pipeline to None, run_after=None
[2026-06-18T13:49:43.999+0000] {processor.py:208} INFO - Processing /opt/airflow/dags/dag.py took 0.069 seconds
[2026-06-18T13:50:14.115+0000] {processor.py:186} INFO - Started process (PID=658) to work on /opt/airflow/dags/dag.py
[2026-06-18T13:50:14.116+0000] {processor.py:914} INFO - Processing file /opt/airflow/dags/dag.py for tasks to queue
[2026-06-18T13:50:14.117+0000] {logging_mixin.py:190} INFO - [2026-06-18T13:50:14.116+0000] {dagbag.py:588} INFO - Filling up the DagBag from /opt/airflow/dags/dag.py
[2026-06-18T13:50:14.133+0000] {processor.py:925} INFO - DAG(s) 'f1_medallion_pipeline' retrieved from /opt/airflow/dags/dag.py
[2026-06-18T13:50:14.155+0000] {logging_mixin.py:190} INFO - [2026-06-18T13:50:14.155+0000] {dag.py:3239} INFO - Sync 1 DAGs
[2026-06-18T13:50:14.165+0000] {logging_mixin.py:190} INFO - [2026-06-18T13:50:14.164+0000] {dag.py:4180} INFO - Setting next_dagrun for f1_medallion_pipeline to None, run_after=None
[2026-06-18T13:50:14.178+0000] {processor.py:208} INFO - Processing /opt/airflow/dags/dag.py took 0.074 seconds
[2026-06-18T13:50:44.354+0000] {processor.py:186} INFO - Started process (PID=663) to work on /opt/airflow/dags/dag.py
[2026-06-18T13:50:44.354+0000] {processor.py:914} INFO - Processing file /opt/airflow/dags/dag.py for tasks to queue
[2026-06-18T13:50:44.355+0000] {logging_mixin.py:190} INFO - [2026-06-18T13:50:44.355+0000] {dagbag.py:588} INFO - Filling up the DagBag from /opt/airflow/dags/dag.py
[2026-06-18T13:50:44.373+0000] {processor.py:925} INFO - DAG(s) 'f1_medallion_pipeline' retrieved from /opt/airflow/dags/dag.py
[2026-06-18T13:50:44.393+0000] {logging_mixin.py:190} INFO - [2026-06-18T13:50:44.393+0000] {dag.py:3239} INFO - Sync 1 DAGs
[2026-06-18T13:50:44.404+0000] {logging_mixin.py:190} INFO - [2026-06-18T13:50:44.403+0000] {dag.py:4180} INFO - Setting next_dagrun for f1_medallion_pipeline to None, run_after=None
[2026-06-18T13:50:44.417+0000] {processor.py:208} INFO - Processing /opt/airflow/dags/dag.py took 0.072 seconds
[2026-06-18T13:51:14.531+0000] {processor.py:186} INFO - Started process (PID=668) to work on /opt/airflow/dags/dag.py
[2026-06-18T13:51:14.531+0000] {processor.py:914} INFO - Processing file /opt/airflow/dags/dag.py for tasks to queue
[2026-06-18T13:51:14.532+0000] {logging_mixin.py:190} INFO - [2026-06-18T13:51:14.532+0000] {dagbag.py:588} INFO - Filling up the DagBag from /opt/airflow/dags/dag.py
[2026-06-18T13:51:14.549+0000] {processor.py:925} INFO - DAG(s) 'f1_medallion_pipeline' retrieved from /opt/airflow/dags/dag.py
[2026-06-18T13:51:14.571+0000] {logging_mixin.py:190} INFO - [2026-06-18T13:51:14.571+0000] {dag.py:3239} INFO - Sync 1 DAGs
[2026-06-18T13:51:14.580+0000] {logging_mixin.py:190} INFO - [2026-06-18T13:51:14.580+0000] {dag.py:4180} INFO - Setting next_dagrun for f1_medallion_pipeline to None, run_after=None
[2026-06-18T13:51:14.593+0000] {processor.py:208} INFO - Processing /opt/airflow/dags/dag.py took 0.070 seconds
[2026-06-18T13:51:44.740+0000] {processor.py:186} INFO - Started process (PID=673) to work on /opt/airflow/dags/dag.py
[2026-06-18T13:51:44.741+0000] {processor.py:914} INFO - Processing file /opt/airflow/dags/dag.py for tasks to queue
[2026-06-18T13:51:44.743+0000] {logging_mixin.py:190} INFO - [2026-06-18T13:51:44.742+0000] {dagbag.py:588} INFO - Filling up the DagBag from /opt/airflow/dags/dag.py
[2026-06-18T13:51:44.765+0000] {processor.py:925} INFO - DAG(s) 'f1_medallion_pipeline' retrieved from /opt/airflow/dags/dag.py
[2026-06-18T13:51:44.787+0000] {logging_mixin.py:190} INFO - [2026-06-18T13:51:44.786+0000] {dag.py:3239} INFO - Sync 1 DAGs
[2026-06-18T13:51:44.798+0000] {logging_mixin.py:190} INFO - [2026-06-18T13:51:44.798+0000] {dag.py:4180} INFO - Setting next_dagrun for f1_medallion_pipeline to None, run_after=None
[2026-06-18T13:51:44.811+0000] {processor.py:208} INFO - Processing /opt/airflow/dags/dag.py took 0.083 seconds
[2026-06-18T13:52:14.920+0000] {processor.py:186} INFO - Started process (PID=678) to work on /opt/airflow/dags/dag.py
[2026-06-18T13:52:14.921+0000] {processor.py:914} INFO - Processing file /opt/airflow/dags/dag.py for tasks to queue
[2026-06-18T13:52:14.922+0000] {logging_mixin.py:190} INFO - [2026-06-18T13:52:14.921+0000] {dagbag.py:588} INFO - Filling up the DagBag from /opt/airflow/dags/dag.py
[2026-06-18T13:52:14.937+0000] {processor.py:925} INFO - DAG(s) 'f1_medallion_pipeline' retrieved from /opt/airflow/dags/dag.py
[2026-06-18T13:52:14.958+0000] {logging_mixin.py:190} INFO - [2026-06-18T13:52:14.958+0000] {dag.py:3239} INFO - Sync 1 DAGs
[2026-06-18T13:52:14.967+0000] {logging_mixin.py:190} INFO - [2026-06-18T13:52:14.966+0000] {dag.py:4180} INFO - Setting next_dagrun for f1_medallion_pipeline to None, run_after=None
[2026-06-18T13:52:14.980+0000] {processor.py:208} INFO - Processing /opt/airflow/dags/dag.py took 0.068 seconds
[2026-06-18T13:52:45.205+0000] {processor.py:186} INFO - Started process (PID=683) to work on /opt/airflow/dags/dag.py
[2026-06-18T13:52:45.205+0000] {processor.py:914} INFO - Processing file /opt/airflow/dags/dag.py for tasks to queue
[2026-06-18T13:52:45.206+0000] {logging_mixin.py:190} INFO - [2026-06-18T13:52:45.206+0000] {dagbag.py:588} INFO - Filling up the DagBag from /opt/airflow/dags/dag.py
[2026-06-18T13:52:45.222+0000] {processor.py:925} INFO - DAG(s) 'f1_medallion_pipeline' retrieved from /opt/airflow/dags/dag.py
[2026-06-18T13:52:45.244+0000] {logging_mixin.py:190} INFO - [2026-06-18T13:52:45.244+0000] {dag.py:3239} INFO - Sync 1 DAGs
[2026-06-18T13:52:45.254+0000] {logging_mixin.py:190} INFO - [2026-06-18T13:52:45.254+0000] {dag.py:4180} INFO - Setting next_dagrun for f1_medallion_pipeline to None, run_after=None
[2026-06-18T13:52:45.272+0000] {processor.py:208} INFO - Processing /opt/airflow/dags/dag.py took 0.076 seconds
[2026-06-18T13:53:15.387+0000] {processor.py:186} INFO - Started process (PID=688) to work on /opt/airflow/dags/dag.py
[2026-06-18T13:53:15.388+0000] {processor.py:914} INFO - Processing file /opt/airflow/dags/dag.py for tasks to queue
[2026-06-18T13:53:15.389+0000] {logging_mixin.py:190} INFO - [2026-06-18T13:53:15.388+0000] {dagbag.py:588} INFO - Filling up the DagBag from /opt/airflow/dags/dag.py
[2026-06-18T13:53:15.404+0000] {processor.py:925} INFO - DAG(s) 'f1_medallion_pipeline' retrieved from /opt/airflow/dags/dag.py
[2026-06-18T13:53:15.427+0000] {logging_mixin.py:190} INFO - [2026-06-18T13:53:15.427+0000] {dag.py:3239} INFO - Sync 1 DAGs
[2026-06-18T13:53:15.436+0000] {logging_mixin.py:190} INFO - [2026-06-18T13:53:15.436+0000] {dag.py:4180} INFO - Setting next_dagrun for f1_medallion_pipeline to None, run_after=None
[2026-06-18T13:53:15.448+0000] {processor.py:208} INFO - Processing /opt/airflow/dags/dag.py took 0.071 seconds
[2026-06-18T13:53:45.632+0000] {processor.py:186} INFO - Started process (PID=693) to work on /opt/airflow/dags/dag.py
[2026-06-18T13:53:45.633+0000] {processor.py:914} INFO - Processing file /opt/airflow/dags/dag.py for tasks to queue
[2026-06-18T13:53:45.634+0000] {logging_mixin.py:190} INFO - [2026-06-18T13:53:45.634+0000] {dagbag.py:588} INFO - Filling up the DagBag from /opt/airflow/dags/dag.py
[2026-06-18T13:53:45.652+0000] {processor.py:925} INFO - DAG(s) 'f1_medallion_pipeline' retrieved from /opt/airflow/dags/dag.py
[2026-06-18T13:53:45.678+0000] {logging_mixin.py:190} INFO - [2026-06-18T13:53:45.678+0000] {dag.py:3239} INFO - Sync 1 DAGs
[2026-06-18T13:53:45.688+0000] {logging_mixin.py:190} INFO - [2026-06-18T13:53:45.688+0000] {dag.py:4180} INFO - Setting next_dagrun for f1_medallion_pipeline to None, run_after=None
[2026-06-18T13:53:45.702+0000] {processor.py:208} INFO - Processing /opt/airflow/dags/dag.py took 0.078 seconds
[2026-06-18T13:54:15.800+0000] {processor.py:186} INFO - Started process (PID=698) to work on /opt/airflow/dags/dag.py
[2026-06-18T13:54:15.801+0000] {processor.py:914} INFO - Processing file /opt/airflow/dags/dag.py for tasks to queue
[2026-06-18T13:54:15.802+0000] {logging_mixin.py:190} INFO - [2026-06-18T13:54:15.802+0000] {dagbag.py:588} INFO - Filling up the DagBag from /opt/airflow/dags/dag.py
[2026-06-18T13:54:15.819+0000] {processor.py:925} INFO - DAG(s) 'f1_medallion_pipeline' retrieved from /opt/airflow/dags/dag.py
[2026-06-18T13:54:15.840+0000] {logging_mixin.py:190} INFO - [2026-06-18T13:54:15.840+0000] {dag.py:3239} INFO - Sync 1 DAGs
[2026-06-18T13:54:15.849+0000] {logging_mixin.py:190} INFO - [2026-06-18T13:54:15.848+0000] {dag.py:4180} INFO - Setting next_dagrun for f1_medallion_pipeline to None, run_after=None
[2026-06-18T13:54:15.861+0000] {processor.py:208} INFO - Processing /opt/airflow/dags/dag.py took 0.069 seconds
[2026-06-18T13:54:46.046+0000] {processor.py:186} INFO - Started process (PID=703) to work on /opt/airflow/dags/dag.py
[2026-06-18T13:54:46.047+0000] {processor.py:914} INFO - Processing file /opt/airflow/dags/dag.py for tasks to queue
[2026-06-18T13:54:46.048+0000] {logging_mixin.py:190} INFO - [2026-06-18T13:54:46.048+0000] {dagbag.py:588} INFO - Filling up the DagBag from /opt/airflow/dags/dag.py
[2026-06-18T13:54:46.065+0000] {processor.py:925} INFO - DAG(s) 'f1_medallion_pipeline' retrieved from /opt/airflow/dags/dag.py
[2026-06-18T13:54:46.090+0000] {logging_mixin.py:190} INFO - [2026-06-18T13:54:46.089+0000] {dag.py:3239} INFO - Sync 1 DAGs
[2026-06-18T13:54:46.100+0000] {logging_mixin.py:190} INFO - [2026-06-18T13:54:46.100+0000] {dag.py:4180} INFO - Setting next_dagrun for f1_medallion_pipeline to None, run_after=None
[2026-06-18T13:54:46.115+0000] {processor.py:208} INFO - Processing /opt/airflow/dags/dag.py took 0.076 seconds
[2026-06-18T13:55:16.215+0000] {processor.py:186} INFO - Started process (PID=708) to work on /opt/airflow/dags/dag.py
[2026-06-18T13:55:16.215+0000] {processor.py:914} INFO - Processing file /opt/airflow/dags/dag.py for tasks to queue
[2026-06-18T13:55:16.216+0000] {logging_mixin.py:190} INFO - [2026-06-18T13:55:16.216+0000] {dagbag.py:588} INFO - Filling up the DagBag from /opt/airflow/dags/dag.py
[2026-06-18T13:55:16.231+0000] {processor.py:925} INFO - DAG(s) 'f1_medallion_pipeline' retrieved from /opt/airflow/dags/dag.py
[2026-06-18T13:55:16.251+0000] {logging_mixin.py:190} INFO - [2026-06-18T13:55:16.251+0000] {dag.py:3239} INFO - Sync 1 DAGs
[2026-06-18T13:55:16.260+0000] {logging_mixin.py:190} INFO - [2026-06-18T13:55:16.260+0000] {dag.py:4180} INFO - Setting next_dagrun for f1_medallion_pipeline to None, run_after=None
[2026-06-18T13:55:16.273+0000] {processor.py:208} INFO - Processing /opt/airflow/dags/dag.py took 0.066 seconds
[2026-06-18T13:55:46.459+0000] {processor.py:186} INFO - Started process (PID=713) to work on /opt/airflow/dags/dag.py
[2026-06-18T13:55:46.460+0000] {processor.py:914} INFO - Processing file /opt/airflow/dags/dag.py for tasks to queue
[2026-06-18T13:55:46.461+0000] {logging_mixin.py:190} INFO - [2026-06-18T13:55:46.460+0000] {dagbag.py:588} INFO - Filling up the DagBag from /opt/airflow/dags/dag.py
[2026-06-18T13:55:46.475+0000] {processor.py:925} INFO - DAG(s) 'f1_medallion_pipeline' retrieved from /opt/airflow/dags/dag.py
[2026-06-18T13:55:46.499+0000] {logging_mixin.py:190} INFO - [2026-06-18T13:55:46.499+0000] {dag.py:3239} INFO - Sync 1 DAGs
[2026-06-18T13:55:46.508+0000] {logging_mixin.py:190} INFO - [2026-06-18T13:55:46.508+0000] {dag.py:4180} INFO - Setting next_dagrun for f1_medallion_pipeline to None, run_after=None
[2026-06-18T13:55:46.521+0000] {processor.py:208} INFO - Processing /opt/airflow/dags/dag.py took 0.068 seconds
[2026-06-18T13:56:16.629+0000] {processor.py:186} INFO - Started process (PID=718) to work on /opt/airflow/dags/dag.py
[2026-06-18T13:56:16.630+0000] {processor.py:914} INFO - Processing file /opt/airflow/dags/dag.py for tasks to queue
[2026-06-18T13:56:16.631+0000] {logging_mixin.py:190} INFO - [2026-06-18T13:56:16.630+0000] {dagbag.py:588} INFO - Filling up the DagBag from /opt/airflow/dags/dag.py
[2026-06-18T13:56:16.646+0000] {processor.py:925} INFO - DAG(s) 'f1_medallion_pipeline' retrieved from /opt/airflow/dags/dag.py
[2026-06-18T13:56:16.667+0000] {logging_mixin.py:190} INFO - [2026-06-18T13:56:16.666+0000] {dag.py:3239} INFO - Sync 1 DAGs
[2026-06-18T13:56:16.675+0000] {logging_mixin.py:190} INFO - [2026-06-18T13:56:16.675+0000] {dag.py:4180} INFO - Setting next_dagrun for f1_medallion_pipeline to None, run_after=None
[2026-06-18T13:56:16.688+0000] {processor.py:208} INFO - Processing /opt/airflow/dags/dag.py took 0.066 seconds
[2026-06-18T13:56:46.845+0000] {processor.py:186} INFO - Started process (PID=723) to work on /opt/airflow/dags/dag.py
[2026-06-18T13:56:46.845+0000] {processor.py:914} INFO - Processing file /opt/airflow/dags/dag.py for tasks to queue
[2026-06-18T13:56:46.846+0000] {logging_mixin.py:190} INFO - [2026-06-18T13:56:46.846+0000] {dagbag.py:588} INFO - Filling up the DagBag from /opt/airflow/dags/dag.py
[2026-06-18T13:56:46.863+0000] {processor.py:925} INFO - DAG(s) 'f1_medallion_pipeline' retrieved from /opt/airflow/dags/dag.py
[2026-06-18T13:56:46.883+0000] {logging_mixin.py:190} INFO - [2026-06-18T13:56:46.883+0000] {dag.py:3239} INFO - Sync 1 DAGs
[2026-06-18T13:56:46.893+0000] {logging_mixin.py:190} INFO - [2026-06-18T13:56:46.892+0000] {dag.py:4180} INFO - Setting next_dagrun for f1_medallion_pipeline to None, run_after=None
[2026-06-18T13:56:46.906+0000] {processor.py:208} INFO - Processing /opt/airflow/dags/dag.py took 0.069 seconds
[2026-06-18T13:57:17.021+0000] {processor.py:186} INFO - Started process (PID=728) to work on /opt/airflow/dags/dag.py
[2026-06-18T13:57:17.022+0000] {processor.py:914} INFO - Processing file /opt/airflow/dags/dag.py for tasks to queue
[2026-06-18T13:57:17.024+0000] {logging_mixin.py:190} INFO - [2026-06-18T13:57:17.023+0000] {dagbag.py:588} INFO - Filling up the DagBag from /opt/airflow/dags/dag.py
[2026-06-18T13:57:17.040+0000] {processor.py:925} INFO - DAG(s) 'f1_medallion_pipeline' retrieved from /opt/airflow/dags/dag.py
[2026-06-18T13:57:17.060+0000] {logging_mixin.py:190} INFO - [2026-06-18T13:57:17.060+0000] {dag.py:3239} INFO - Sync 1 DAGs
[2026-06-18T13:57:17.068+0000] {logging_mixin.py:190} INFO - [2026-06-18T13:57:17.068+0000] {dag.py:4180} INFO - Setting next_dagrun for f1_medallion_pipeline to None, run_after=None
[2026-06-18T13:57:17.080+0000] {processor.py:208} INFO - Processing /opt/airflow/dags/dag.py took 0.066 seconds
[2026-06-18T13:57:47.234+0000] {processor.py:186} INFO - Started process (PID=733) to work on /opt/airflow/dags/dag.py
[2026-06-18T13:57:47.235+0000] {processor.py:914} INFO - Processing file /opt/airflow/dags/dag.py for tasks to queue
[2026-06-18T13:57:47.235+0000] {logging_mixin.py:190} INFO - [2026-06-18T13:57:47.235+0000] {dagbag.py:588} INFO - Filling up the DagBag from /opt/airflow/dags/dag.py
[2026-06-18T13:57:47.254+0000] {processor.py:925} INFO - DAG(s) 'f1_medallion_pipeline' retrieved from /opt/airflow/dags/dag.py
[2026-06-18T13:57:47.277+0000] {logging_mixin.py:190} INFO - [2026-06-18T13:57:47.277+0000] {dag.py:3239} INFO - Sync 1 DAGs
[2026-06-18T13:57:47.286+0000] {logging_mixin.py:190} INFO - [2026-06-18T13:57:47.286+0000] {dag.py:4180} INFO - Setting next_dagrun for f1_medallion_pipeline to None, run_after=None
[2026-06-18T13:57:47.301+0000] {processor.py:208} INFO - Processing /opt/airflow/dags/dag.py took 0.074 seconds
[2026-06-18T13:58:17.402+0000] {processor.py:186} INFO - Started process (PID=738) to work on /opt/airflow/dags/dag.py
[2026-06-18T13:58:17.403+0000] {processor.py:914} INFO - Processing file /opt/airflow/dags/dag.py for tasks to queue
[2026-06-18T13:58:17.403+0000] {logging_mixin.py:190} INFO - [2026-06-18T13:58:17.403+0000] {dagbag.py:588} INFO - Filling up the DagBag from /opt/airflow/dags/dag.py
[2026-06-18T13:58:17.421+0000] {processor.py:925} INFO - DAG(s) 'f1_medallion_pipeline' retrieved from /opt/airflow/dags/dag.py
[2026-06-18T13:58:17.441+0000] {logging_mixin.py:190} INFO - [2026-06-18T13:58:17.441+0000] {dag.py:3239} INFO - Sync 1 DAGs
[2026-06-18T13:58:17.450+0000] {logging_mixin.py:190} INFO - [2026-06-18T13:58:17.450+0000] {dag.py:4180} INFO - Setting next_dagrun for f1_medallion_pipeline to None, run_after=None
[2026-06-18T13:58:17.463+0000] {processor.py:208} INFO - Processing /opt/airflow/dags/dag.py took 0.068 seconds
[2026-06-18T13:58:47.633+0000] {processor.py:186} INFO - Started process (PID=743) to work on /opt/airflow/dags/dag.py
[2026-06-18T13:58:47.633+0000] {processor.py:914} INFO - Processing file /opt/airflow/dags/dag.py for tasks to queue
[2026-06-18T13:58:47.634+0000] {logging_mixin.py:190} INFO - [2026-06-18T13:58:47.634+0000] {dagbag.py:588} INFO - Filling up the DagBag from /opt/airflow/dags/dag.py
[2026-06-18T13:58:47.648+0000] {processor.py:925} INFO - DAG(s) 'f1_medallion_pipeline' retrieved from /opt/airflow/dags/dag.py
[2026-06-18T13:58:47.667+0000] {logging_mixin.py:190} INFO - [2026-06-18T13:58:47.667+0000] {dag.py:3239} INFO - Sync 1 DAGs
[2026-06-18T13:58:47.675+0000] {logging_mixin.py:190} INFO - [2026-06-18T13:58:47.675+0000] {dag.py:4180} INFO - Setting next_dagrun for f1_medallion_pipeline to None, run_after=None
[2026-06-18T13:58:47.687+0000] {processor.py:208} INFO - Processing /opt/airflow/dags/dag.py took 0.061 seconds
[2026-06-18T13:59:17.823+0000] {processor.py:186} INFO - Started process (PID=748) to work on /opt/airflow/dags/dag.py
[2026-06-18T13:59:17.823+0000] {processor.py:914} INFO - Processing file /opt/airflow/dags/dag.py for tasks to queue
[2026-06-18T13:59:17.824+0000] {logging_mixin.py:190} INFO - [2026-06-18T13:59:17.824+0000] {dagbag.py:588} INFO - Filling up the DagBag from /opt/airflow/dags/dag.py
[2026-06-18T13:59:17.846+0000] {processor.py:925} INFO - DAG(s) 'f1_medallion_pipeline' retrieved from /opt/airflow/dags/dag.py
[2026-06-18T13:59:17.867+0000] {logging_mixin.py:190} INFO - [2026-06-18T13:59:17.867+0000] {dag.py:3239} INFO - Sync 1 DAGs
[2026-06-18T13:59:17.878+0000] {logging_mixin.py:190} INFO - [2026-06-18T13:59:17.878+0000] {dag.py:4180} INFO - Setting next_dagrun for f1_medallion_pipeline to None, run_after=None
[2026-06-18T13:59:17.893+0000] {processor.py:208} INFO - Processing /opt/airflow/dags/dag.py took 0.079 seconds
[2026-06-18T13:59:48.023+0000] {processor.py:186} INFO - Started process (PID=753) to work on /opt/airflow/dags/dag.py
[2026-06-18T13:59:48.023+0000] {processor.py:914} INFO - Processing file /opt/airflow/dags/dag.py for tasks to queue
[2026-06-18T13:59:48.024+0000] {logging_mixin.py:190} INFO - [2026-06-18T13:59:48.024+0000] {dagbag.py:588} INFO - Filling up the DagBag from /opt/airflow/dags/dag.py
[2026-06-18T13:59:48.039+0000] {processor.py:925} INFO - DAG(s) 'f1_medallion_pipeline' retrieved from /opt/airflow/dags/dag.py
[2026-06-18T13:59:48.058+0000] {logging_mixin.py:190} INFO - [2026-06-18T13:59:48.058+0000] {dag.py:3239} INFO - Sync 1 DAGs
[2026-06-18T13:59:48.068+0000] {logging_mixin.py:190} INFO - [2026-06-18T13:59:48.067+0000] {dag.py:4180} INFO - Setting next_dagrun for f1_medallion_pipeline to None, run_after=None
[2026-06-18T13:59:48.078+0000] {processor.py:208} INFO - Processing /opt/airflow/dags/dag.py took 0.063 seconds
[2026-06-18T14:00:18.229+0000] {processor.py:186} INFO - Started process (PID=758) to work on /opt/airflow/dags/dag.py
[2026-06-18T14:00:18.229+0000] {processor.py:914} INFO - Processing file /opt/airflow/dags/dag.py for tasks to queue
[2026-06-18T14:00:18.230+0000] {logging_mixin.py:190} INFO - [2026-06-18T14:00:18.230+0000] {dagbag.py:588} INFO - Filling up the DagBag from /opt/airflow/dags/dag.py
[2026-06-18T14:00:18.245+0000] {processor.py:925} INFO - DAG(s) 'f1_medallion_pipeline' retrieved from /opt/airflow/dags/dag.py
[2026-06-18T14:00:18.265+0000] {logging_mixin.py:190} INFO - [2026-06-18T14:00:18.265+0000] {dag.py:3239} INFO - Sync 1 DAGs
[2026-06-18T14:00:18.274+0000] {logging_mixin.py:190} INFO - [2026-06-18T14:00:18.273+0000] {dag.py:4180} INFO - Setting next_dagrun for f1_medallion_pipeline to None, run_after=None
[2026-06-18T14:00:18.287+0000] {processor.py:208} INFO - Processing /opt/airflow/dags/dag.py took 0.064 seconds
[2026-06-18T14:00:48.400+0000] {processor.py:186} INFO - Started process (PID=763) to work on /opt/airflow/dags/dag.py
[2026-06-18T14:00:48.400+0000] {processor.py:914} INFO - Processing file /opt/airflow/dags/dag.py for tasks to queue
[2026-06-18T14:00:48.401+0000] {logging_mixin.py:190} INFO - [2026-06-18T14:00:48.401+0000] {dagbag.py:588} INFO - Filling up the DagBag from /opt/airflow/dags/dag.py
[2026-06-18T14:00:48.420+0000] {processor.py:925} INFO - DAG(s) 'f1_medallion_pipeline' retrieved from /opt/airflow/dags/dag.py
[2026-06-18T14:00:48.441+0000] {logging_mixin.py:190} INFO - [2026-06-18T14:00:48.440+0000] {dag.py:3239} INFO - Sync 1 DAGs
[2026-06-18T14:00:48.450+0000] {logging_mixin.py:190} INFO - [2026-06-18T14:00:48.450+0000] {dag.py:4180} INFO - Setting next_dagrun for f1_medallion_pipeline to None, run_after=None
[2026-06-18T14:00:48.463+0000] {processor.py:208} INFO - Processing /opt/airflow/dags/dag.py took 0.071 seconds
[2026-06-18T14:01:18.619+0000] {processor.py:186} INFO - Started process (PID=768) to work on /opt/airflow/dags/dag.py
[2026-06-18T14:01:18.620+0000] {processor.py:914} INFO - Processing file /opt/airflow/dags/dag.py for tasks to queue
[2026-06-18T14:01:18.621+0000] {logging_mixin.py:190} INFO - [2026-06-18T14:01:18.620+0000] {dagbag.py:588} INFO - Filling up the DagBag from /opt/airflow/dags/dag.py
[2026-06-18T14:01:18.636+0000] {processor.py:925} INFO - DAG(s) 'f1_medallion_pipeline' retrieved from /opt/airflow/dags/dag.py
[2026-06-18T14:01:18.657+0000] {logging_mixin.py:190} INFO - [2026-06-18T14:01:18.657+0000] {dag.py:3239} INFO - Sync 1 DAGs
[2026-06-18T14:01:18.666+0000] {logging_mixin.py:190} INFO - [2026-06-18T14:01:18.666+0000] {dag.py:4180} INFO - Setting next_dagrun for f1_medallion_pipeline to None, run_after=None
[2026-06-18T14:01:18.678+0000] {processor.py:208} INFO - Processing /opt/airflow/dags/dag.py took 0.067 seconds
[2026-06-18T14:01:48.794+0000] {processor.py:186} INFO - Started process (PID=773) to work on /opt/airflow/dags/dag.py
[2026-06-18T14:01:48.794+0000] {processor.py:914} INFO - Processing file /opt/airflow/dags/dag.py for tasks to queue
[2026-06-18T14:01:48.795+0000] {logging_mixin.py:190} INFO - [2026-06-18T14:01:48.795+0000] {dagbag.py:588} INFO - Filling up the DagBag from /opt/airflow/dags/dag.py
[2026-06-18T14:01:48.813+0000] {processor.py:925} INFO - DAG(s) 'f1_medallion_pipeline' retrieved from /opt/airflow/dags/dag.py
[2026-06-18T14:01:48.834+0000] {logging_mixin.py:190} INFO - [2026-06-18T14:01:48.833+0000] {dag.py:3239} INFO - Sync 1 DAGs
[2026-06-18T14:01:48.843+0000] {logging_mixin.py:190} INFO - [2026-06-18T14:01:48.843+0000] {dag.py:4180} INFO - Setting next_dagrun for f1_medallion_pipeline to None, run_after=None
[2026-06-18T14:01:48.856+0000] {processor.py:208} INFO - Processing /opt/airflow/dags/dag.py took 0.071 seconds
[2026-06-18T14:02:19.011+0000] {processor.py:186} INFO - Started process (PID=778) to work on /opt/airflow/dags/dag.py
[2026-06-18T14:02:19.011+0000] {processor.py:914} INFO - Processing file /opt/airflow/dags/dag.py for tasks to queue
[2026-06-18T14:02:19.012+0000] {logging_mixin.py:190} INFO - [2026-06-18T14:02:19.012+0000] {dagbag.py:588} INFO - Filling up the DagBag from /opt/airflow/dags/dag.py
[2026-06-18T14:02:19.027+0000] {processor.py:925} INFO - DAG(s) 'f1_medallion_pipeline' retrieved from /opt/airflow/dags/dag.py
[2026-06-18T14:02:19.047+0000] {logging_mixin.py:190} INFO - [2026-06-18T14:02:19.047+0000] {dag.py:3239} INFO - Sync 1 DAGs
[2026-06-18T14:02:19.056+0000] {logging_mixin.py:190} INFO - [2026-06-18T14:02:19.056+0000] {dag.py:4180} INFO - Setting next_dagrun for f1_medallion_pipeline to None, run_after=None
[2026-06-18T14:02:19.068+0000] {processor.py:208} INFO - Processing /opt/airflow/dags/dag.py took 0.065 seconds
[2026-06-18T14:02:49.186+0000] {processor.py:186} INFO - Started process (PID=783) to work on /opt/airflow/dags/dag.py
[2026-06-18T14:02:49.186+0000] {processor.py:914} INFO - Processing file /opt/airflow/dags/dag.py for tasks to queue
[2026-06-18T14:02:49.187+0000] {logging_mixin.py:190} INFO - [2026-06-18T14:02:49.187+0000] {dagbag.py:588} INFO - Filling up the DagBag from /opt/airflow/dags/dag.py
[2026-06-18T14:02:49.204+0000] {processor.py:925} INFO - DAG(s) 'f1_medallion_pipeline' retrieved from /opt/airflow/dags/dag.py
[2026-06-18T14:02:49.224+0000] {logging_mixin.py:190} INFO - [2026-06-18T14:02:49.224+0000] {dag.py:3239} INFO - Sync 1 DAGs
[2026-06-18T14:02:49.233+0000] {logging_mixin.py:190} INFO - [2026-06-18T14:02:49.233+0000] {dag.py:4180} INFO - Setting next_dagrun for f1_medallion_pipeline to None, run_after=None
[2026-06-18T14:02:49.247+0000] {processor.py:208} INFO - Processing /opt/airflow/dags/dag.py took 0.068 seconds
[2026-06-18T14:03:19.398+0000] {processor.py:186} INFO - Started process (PID=788) to work on /opt/airflow/dags/dag.py
[2026-06-18T14:03:19.398+0000] {processor.py:914} INFO - Processing file /opt/airflow/dags/dag.py for tasks to queue
[2026-06-18T14:03:19.399+0000] {logging_mixin.py:190} INFO - [2026-06-18T14:03:19.399+0000] {dagbag.py:588} INFO - Filling up the DagBag from /opt/airflow/dags/dag.py
[2026-06-18T14:03:19.415+0000] {processor.py:925} INFO - DAG(s) 'f1_medallion_pipeline' retrieved from /opt/airflow/dags/dag.py
[2026-06-18T14:03:19.433+0000] {logging_mixin.py:190} INFO - [2026-06-18T14:03:19.433+0000] {dag.py:3239} INFO - Sync 1 DAGs
[2026-06-18T14:03:19.442+0000] {logging_mixin.py:190} INFO - [2026-06-18T14:03:19.442+0000] {dag.py:4180} INFO - Setting next_dagrun for f1_medallion_pipeline to None, run_after=None
[2026-06-18T14:03:19.453+0000] {processor.py:208} INFO - Processing /opt/airflow/dags/dag.py took 0.062 seconds
[2026-06-18T14:03:49.570+0000] {processor.py:186} INFO - Started process (PID=793) to work on /opt/airflow/dags/dag.py
[2026-06-18T14:03:49.571+0000] {processor.py:914} INFO - Processing file /opt/airflow/dags/dag.py for tasks to queue
[2026-06-18T14:03:49.571+0000] {logging_mixin.py:190} INFO - [2026-06-18T14:03:49.571+0000] {dagbag.py:588} INFO - Filling up the DagBag from /opt/airflow/dags/dag.py
[2026-06-18T14:03:49.588+0000] {processor.py:925} INFO - DAG(s) 'f1_medallion_pipeline' retrieved from /opt/airflow/dags/dag.py
[2026-06-18T14:03:49.607+0000] {logging_mixin.py:190} INFO - [2026-06-18T14:03:49.606+0000] {dag.py:3239} INFO - Sync 1 DAGs
[2026-06-18T14:03:49.615+0000] {logging_mixin.py:190} INFO - [2026-06-18T14:03:49.615+0000] {dag.py:4180} INFO - Setting next_dagrun for f1_medallion_pipeline to None, run_after=None
[2026-06-18T14:03:49.627+0000] {processor.py:208} INFO - Processing /opt/airflow/dags/dag.py took 0.064 seconds
[2026-06-18T14:04:19.772+0000] {processor.py:186} INFO - Started process (PID=798) to work on /opt/airflow/dags/dag.py
[2026-06-18T14:04:19.772+0000] {processor.py:914} INFO - Processing file /opt/airflow/dags/dag.py for tasks to queue
[2026-06-18T14:04:19.773+0000] {logging_mixin.py:190} INFO - [2026-06-18T14:04:19.773+0000] {dagbag.py:588} INFO - Filling up the DagBag from /opt/airflow/dags/dag.py
[2026-06-18T14:04:19.789+0000] {processor.py:925} INFO - DAG(s) 'f1_medallion_pipeline' retrieved from /opt/airflow/dags/dag.py
[2026-06-18T14:04:19.808+0000] {logging_mixin.py:190} INFO - [2026-06-18T14:04:19.808+0000] {dag.py:3239} INFO - Sync 1 DAGs
[2026-06-18T14:04:19.817+0000] {logging_mixin.py:190} INFO - [2026-06-18T14:04:19.816+0000] {dag.py:4180} INFO - Setting next_dagrun for f1_medallion_pipeline to None, run_after=None
[2026-06-18T14:04:19.829+0000] {processor.py:208} INFO - Processing /opt/airflow/dags/dag.py took 0.067 seconds
[2026-06-18T14:04:49.950+0000] {processor.py:186} INFO - Started process (PID=803) to work on /opt/airflow/dags/dag.py
[2026-06-18T14:04:49.950+0000] {processor.py:914} INFO - Processing file /opt/airflow/dags/dag.py for tasks to queue
[2026-06-18T14:04:49.951+0000] {logging_mixin.py:190} INFO - [2026-06-18T14:04:49.951+0000] {dagbag.py:588} INFO - Filling up the DagBag from /opt/airflow/dags/dag.py
[2026-06-18T14:04:49.971+0000] {processor.py:925} INFO - DAG(s) 'f1_medallion_pipeline' retrieved from /opt/airflow/dags/dag.py
[2026-06-18T14:04:49.994+0000] {logging_mixin.py:190} INFO - [2026-06-18T14:04:49.993+0000] {dag.py:3239} INFO - Sync 1 DAGs
[2026-06-18T14:04:50.004+0000] {logging_mixin.py:190} INFO - [2026-06-18T14:04:50.003+0000] {dag.py:4180} INFO - Setting next_dagrun for f1_medallion_pipeline to None, run_after=None
[2026-06-18T14:04:50.017+0000] {processor.py:208} INFO - Processing /opt/airflow/dags/dag.py took 0.076 seconds
[2026-06-18T14:05:20.161+0000] {processor.py:186} INFO - Started process (PID=808) to work on /opt/airflow/dags/dag.py
[2026-06-18T14:05:20.162+0000] {processor.py:914} INFO - Processing file /opt/airflow/dags/dag.py for tasks to queue
[2026-06-18T14:05:20.163+0000] {logging_mixin.py:190} INFO - [2026-06-18T14:05:20.163+0000] {dagbag.py:588} INFO - Filling up the DagBag from /opt/airflow/dags/dag.py
[2026-06-18T14:05:20.189+0000] {processor.py:925} INFO - DAG(s) 'f1_medallion_pipeline' retrieved from /opt/airflow/dags/dag.py
[2026-06-18T14:05:20.211+0000] {logging_mixin.py:190} INFO - [2026-06-18T14:05:20.211+0000] {dag.py:3239} INFO - Sync 1 DAGs
[2026-06-18T14:05:20.222+0000] {logging_mixin.py:190} INFO - [2026-06-18T14:05:20.222+0000] {dag.py:4180} INFO - Setting next_dagrun for f1_medallion_pipeline to None, run_after=None
[2026-06-18T14:05:20.236+0000] {processor.py:208} INFO - Processing /opt/airflow/dags/dag.py took 0.083 seconds
[2026-06-18T14:05:50.392+0000] {processor.py:186} INFO - Started process (PID=813) to work on /opt/airflow/dags/dag.py
[2026-06-18T14:05:50.393+0000] {processor.py:914} INFO - Processing file /opt/airflow/dags/dag.py for tasks to queue
[2026-06-18T14:05:50.394+0000] {logging_mixin.py:190} INFO - [2026-06-18T14:05:50.394+0000] {dagbag.py:588} INFO - Filling up the DagBag from /opt/airflow/dags/dag.py
[2026-06-18T14:05:50.419+0000] {processor.py:925} INFO - DAG(s) 'f1_medallion_pipeline' retrieved from /opt/airflow/dags/dag.py
[2026-06-18T14:05:50.444+0000] {logging_mixin.py:190} INFO - [2026-06-18T14:05:50.444+0000] {dag.py:3239} INFO - Sync 1 DAGs
[2026-06-18T14:05:50.456+0000] {logging_mixin.py:190} INFO - [2026-06-18T14:05:50.456+0000] {dag.py:4180} INFO - Setting next_dagrun for f1_medallion_pipeline to None, run_after=None
[2026-06-18T14:05:50.470+0000] {processor.py:208} INFO - Processing /opt/airflow/dags/dag.py took 0.088 seconds
[2026-06-18T14:06:20.564+0000] {processor.py:186} INFO - Started process (PID=818) to work on /opt/airflow/dags/dag.py
[2026-06-18T14:06:20.564+0000] {processor.py:914} INFO - Processing file /opt/airflow/dags/dag.py for tasks to queue
[2026-06-18T14:06:20.565+0000] {logging_mixin.py:190} INFO - [2026-06-18T14:06:20.565+0000] {dagbag.py:588} INFO - Filling up the DagBag from /opt/airflow/dags/dag.py
[2026-06-18T14:06:20.580+0000] {processor.py:925} INFO - DAG(s) 'f1_medallion_pipeline' retrieved from /opt/airflow/dags/dag.py
[2026-06-18T14:06:20.599+0000] {logging_mixin.py:190} INFO - [2026-06-18T14:06:20.599+0000] {dag.py:3239} INFO - Sync 1 DAGs
[2026-06-18T14:06:20.609+0000] {logging_mixin.py:190} INFO - [2026-06-18T14:06:20.609+0000] {dag.py:4180} INFO - Setting next_dagrun for f1_medallion_pipeline to None, run_after=None
[2026-06-18T14:06:20.623+0000] {processor.py:208} INFO - Processing /opt/airflow/dags/dag.py took 0.066 seconds
[2026-06-18T14:06:50.793+0000] {processor.py:186} INFO - Started process (PID=823) to work on /opt/airflow/dags/dag.py
[2026-06-18T14:06:50.794+0000] {processor.py:914} INFO - Processing file /opt/airflow/dags/dag.py for tasks to queue
[2026-06-18T14:06:50.794+0000] {logging_mixin.py:190} INFO - [2026-06-18T14:06:50.794+0000] {dagbag.py:588} INFO - Filling up the DagBag from /opt/airflow/dags/dag.py
[2026-06-18T14:06:50.811+0000] {processor.py:925} INFO - DAG(s) 'f1_medallion_pipeline' retrieved from /opt/airflow/dags/dag.py
[2026-06-18T14:06:50.832+0000] {logging_mixin.py:190} INFO - [2026-06-18T14:06:50.832+0000] {dag.py:3239} INFO - Sync 1 DAGs
[2026-06-18T14:06:50.841+0000] {logging_mixin.py:190} INFO - [2026-06-18T14:06:50.841+0000] {dag.py:4180} INFO - Setting next_dagrun for f1_medallion_pipeline to None, run_after=None
[2026-06-18T14:06:50.856+0000] {processor.py:208} INFO - Processing /opt/airflow/dags/dag.py took 0.069 seconds
[2026-06-18T14:07:20.979+0000] {processor.py:186} INFO - Started process (PID=828) to work on /opt/airflow/dags/dag.py
[2026-06-18T14:07:20.980+0000] {processor.py:914} INFO - Processing file /opt/airflow/dags/dag.py for tasks to queue
[2026-06-18T14:07:20.981+0000] {logging_mixin.py:190} INFO - [2026-06-18T14:07:20.981+0000] {dagbag.py:588} INFO - Filling up the DagBag from /opt/airflow/dags/dag.py
[2026-06-18T14:07:20.996+0000] {processor.py:925} INFO - DAG(s) 'f1_medallion_pipeline' retrieved from /opt/airflow/dags/dag.py
[2026-06-18T14:07:21.015+0000] {logging_mixin.py:190} INFO - [2026-06-18T14:07:21.015+0000] {dag.py:3239} INFO - Sync 1 DAGs
[2026-06-18T14:07:21.024+0000] {logging_mixin.py:190} INFO - [2026-06-18T14:07:21.024+0000] {dag.py:4180} INFO - Setting next_dagrun for f1_medallion_pipeline to None, run_after=None
[2026-06-18T14:07:21.038+0000] {processor.py:208} INFO - Processing /opt/airflow/dags/dag.py took 0.065 seconds
[2026-06-18T14:07:51.190+0000] {processor.py:186} INFO - Started process (PID=833) to work on /opt/airflow/dags/dag.py
[2026-06-18T14:07:51.190+0000] {processor.py:914} INFO - Processing file /opt/airflow/dags/dag.py for tasks to queue
[2026-06-18T14:07:51.191+0000] {logging_mixin.py:190} INFO - [2026-06-18T14:07:51.191+0000] {dagbag.py:588} INFO - Filling up the DagBag from /opt/airflow/dags/dag.py
[2026-06-18T14:07:51.207+0000] {processor.py:925} INFO - DAG(s) 'f1_medallion_pipeline' retrieved from /opt/airflow/dags/dag.py
[2026-06-18T14:07:51.226+0000] {logging_mixin.py:190} INFO - [2026-06-18T14:07:51.226+0000] {dag.py:3239} INFO - Sync 1 DAGs
[2026-06-18T14:07:51.234+0000] {logging_mixin.py:190} INFO - [2026-06-18T14:07:51.234+0000] {dag.py:4180} INFO - Setting next_dagrun for f1_medallion_pipeline to None, run_after=None
[2026-06-18T14:07:51.247+0000] {processor.py:208} INFO - Processing /opt/airflow/dags/dag.py took 0.065 seconds
[2026-06-18T14:08:21.361+0000] {processor.py:186} INFO - Started process (PID=838) to work on /opt/airflow/dags/dag.py
[2026-06-18T14:08:21.362+0000] {processor.py:914} INFO - Processing file /opt/airflow/dags/dag.py for tasks to queue
[2026-06-18T14:08:21.363+0000] {logging_mixin.py:190} INFO - [2026-06-18T14:08:21.363+0000] {dagbag.py:588} INFO - Filling up the DagBag from /opt/airflow/dags/dag.py
[2026-06-18T14:08:21.378+0000] {processor.py:925} INFO - DAG(s) 'f1_medallion_pipeline' retrieved from /opt/airflow/dags/dag.py
[2026-06-18T14:08:21.398+0000] {logging_mixin.py:190} INFO - [2026-06-18T14:08:21.398+0000] {dag.py:3239} INFO - Sync 1 DAGs
[2026-06-18T14:08:21.406+0000] {logging_mixin.py:190} INFO - [2026-06-18T14:08:21.406+0000] {dag.py:4180} INFO - Setting next_dagrun for f1_medallion_pipeline to None, run_after=None
[2026-06-18T14:08:21.418+0000] {processor.py:208} INFO - Processing /opt/airflow/dags/dag.py took 0.064 seconds
[2026-06-18T14:08:51.576+0000] {processor.py:186} INFO - Started process (PID=843) to work on /opt/airflow/dags/dag.py
[2026-06-18T14:08:51.577+0000] {processor.py:914} INFO - Processing file /opt/airflow/dags/dag.py for tasks to queue
[2026-06-18T14:08:51.577+0000] {logging_mixin.py:190} INFO - [2026-06-18T14:08:51.577+0000] {dagbag.py:588} INFO - Filling up the DagBag from /opt/airflow/dags/dag.py
[2026-06-18T14:08:51.592+0000] {processor.py:925} INFO - DAG(s) 'f1_medallion_pipeline' retrieved from /opt/airflow/dags/dag.py
[2026-06-18T14:08:51.611+0000] {logging_mixin.py:190} INFO - [2026-06-18T14:08:51.611+0000] {dag.py:3239} INFO - Sync 1 DAGs
[2026-06-18T14:08:51.619+0000] {logging_mixin.py:190} INFO - [2026-06-18T14:08:51.619+0000] {dag.py:4180} INFO - Setting next_dagrun for f1_medallion_pipeline to None, run_after=None
[2026-06-18T14:08:51.633+0000] {processor.py:208} INFO - Processing /opt/airflow/dags/dag.py took 0.064 seconds
[2026-06-18T14:09:21.749+0000] {processor.py:186} INFO - Started process (PID=848) to work on /opt/airflow/dags/dag.py
[2026-06-18T14:09:21.749+0000] {processor.py:914} INFO - Processing file /opt/airflow/dags/dag.py for tasks to queue
[2026-06-18T14:09:21.750+0000] {logging_mixin.py:190} INFO - [2026-06-18T14:09:21.750+0000] {dagbag.py:588} INFO - Filling up the DagBag from /opt/airflow/dags/dag.py
[2026-06-18T14:09:21.766+0000] {processor.py:925} INFO - DAG(s) 'f1_medallion_pipeline' retrieved from /opt/airflow/dags/dag.py
[2026-06-18T14:09:21.784+0000] {logging_mixin.py:190} INFO - [2026-06-18T14:09:21.784+0000] {dag.py:3239} INFO - Sync 1 DAGs
[2026-06-18T14:09:21.794+0000] {logging_mixin.py:190} INFO - [2026-06-18T14:09:21.793+0000] {dag.py:4180} INFO - Setting next_dagrun for f1_medallion_pipeline to None, run_after=None
[2026-06-18T14:09:21.807+0000] {processor.py:208} INFO - Processing /opt/airflow/dags/dag.py took 0.065 seconds
[2026-06-18T14:09:51.960+0000] {processor.py:186} INFO - Started process (PID=853) to work on /opt/airflow/dags/dag.py
[2026-06-18T14:09:51.961+0000] {processor.py:914} INFO - Processing file /opt/airflow/dags/dag.py for tasks to queue
[2026-06-18T14:09:51.962+0000] {logging_mixin.py:190} INFO - [2026-06-18T14:09:51.962+0000] {dagbag.py:588} INFO - Filling up the DagBag from /opt/airflow/dags/dag.py
[2026-06-18T14:09:51.979+0000] {processor.py:925} INFO - DAG(s) 'f1_medallion_pipeline' retrieved from /opt/airflow/dags/dag.py
[2026-06-18T14:09:52.001+0000] {logging_mixin.py:190} INFO - [2026-06-18T14:09:52.001+0000] {dag.py:3239} INFO - Sync 1 DAGs
[2026-06-18T14:09:52.012+0000] {logging_mixin.py:190} INFO - [2026-06-18T14:09:52.012+0000] {dag.py:4180} INFO - Setting next_dagrun for f1_medallion_pipeline to None, run_after=None
[2026-06-18T14:09:52.029+0000] {processor.py:208} INFO - Processing /opt/airflow/dags/dag.py took 0.077 seconds
[2026-06-18T14:10:22.130+0000] {processor.py:186} INFO - Started process (PID=858) to work on /opt/airflow/dags/dag.py
[2026-06-18T14:10:22.131+0000] {processor.py:914} INFO - Processing file /opt/airflow/dags/dag.py for tasks to queue
[2026-06-18T14:10:22.131+0000] {logging_mixin.py:190} INFO - [2026-06-18T14:10:22.131+0000] {dagbag.py:588} INFO - Filling up the DagBag from /opt/airflow/dags/dag.py
[2026-06-18T14:10:22.187+0000] {processor.py:925} INFO - DAG(s) 'f1_medallion_pipeline' retrieved from /opt/airflow/dags/dag.py
[2026-06-18T14:10:22.209+0000] {logging_mixin.py:190} INFO - [2026-06-18T14:10:22.208+0000] {dag.py:3239} INFO - Sync 1 DAGs
[2026-06-18T14:10:22.217+0000] {logging_mixin.py:190} INFO - [2026-06-18T14:10:22.217+0000] {dag.py:4180} INFO - Setting next_dagrun for f1_medallion_pipeline to None, run_after=None
[2026-06-18T14:10:22.233+0000] {processor.py:208} INFO - Processing /opt/airflow/dags/dag.py took 0.110 seconds
[2026-06-18T14:10:52.380+0000] {processor.py:186} INFO - Started process (PID=863) to work on /opt/airflow/dags/dag.py
[2026-06-18T14:10:52.381+0000] {processor.py:914} INFO - Processing file /opt/airflow/dags/dag.py for tasks to queue
[2026-06-18T14:10:52.381+0000] {logging_mixin.py:190} INFO - [2026-06-18T14:10:52.381+0000] {dagbag.py:588} INFO - Filling up the DagBag from /opt/airflow/dags/dag.py
[2026-06-18T14:10:52.396+0000] {processor.py:925} INFO - DAG(s) 'f1_medallion_pipeline' retrieved from /opt/airflow/dags/dag.py
[2026-06-18T14:10:52.415+0000] {logging_mixin.py:190} INFO - [2026-06-18T14:10:52.415+0000] {dag.py:3239} INFO - Sync 1 DAGs
[2026-06-18T14:10:52.423+0000] {logging_mixin.py:190} INFO - [2026-06-18T14:10:52.423+0000] {dag.py:4180} INFO - Setting next_dagrun for f1_medallion_pipeline to None, run_after=None
[2026-06-18T14:10:52.436+0000] {processor.py:208} INFO - Processing /opt/airflow/dags/dag.py took 0.063 seconds
[2026-06-18T14:11:22.553+0000] {processor.py:186} INFO - Started process (PID=868) to work on /opt/airflow/dags/dag.py
[2026-06-18T14:11:22.554+0000] {processor.py:914} INFO - Processing file /opt/airflow/dags/dag.py for tasks to queue
[2026-06-18T14:11:22.555+0000] {logging_mixin.py:190} INFO - [2026-06-18T14:11:22.555+0000] {dagbag.py:588} INFO - Filling up the DagBag from /opt/airflow/dags/dag.py
[2026-06-18T14:11:22.570+0000] {processor.py:925} INFO - DAG(s) 'f1_medallion_pipeline' retrieved from /opt/airflow/dags/dag.py
[2026-06-18T14:11:22.591+0000] {logging_mixin.py:190} INFO - [2026-06-18T14:11:22.591+0000] {dag.py:3239} INFO - Sync 1 DAGs
[2026-06-18T14:11:22.600+0000] {logging_mixin.py:190} INFO - [2026-06-18T14:11:22.599+0000] {dag.py:4180} INFO - Setting next_dagrun for f1_medallion_pipeline to None, run_after=None
[2026-06-18T14:11:22.616+0000] {processor.py:208} INFO - Processing /opt/airflow/dags/dag.py took 0.070 seconds
[2026-06-18T14:11:52.764+0000] {processor.py:186} INFO - Started process (PID=873) to work on /opt/airflow/dags/dag.py
[2026-06-18T14:11:52.764+0000] {processor.py:914} INFO - Processing file /opt/airflow/dags/dag.py for tasks to queue
[2026-06-18T14:11:52.765+0000] {logging_mixin.py:190} INFO - [2026-06-18T14:11:52.765+0000] {dagbag.py:588} INFO - Filling up the DagBag from /opt/airflow/dags/dag.py
[2026-06-18T14:11:52.780+0000] {processor.py:925} INFO - DAG(s) 'f1_medallion_pipeline' retrieved from /opt/airflow/dags/dag.py
[2026-06-18T14:11:52.799+0000] {logging_mixin.py:190} INFO - [2026-06-18T14:11:52.799+0000] {dag.py:3239} INFO - Sync 1 DAGs
[2026-06-18T14:11:52.808+0000] {logging_mixin.py:190} INFO - [2026-06-18T14:11:52.808+0000] {dag.py:4180} INFO - Setting next_dagrun for f1_medallion_pipeline to None, run_after=None
[2026-06-18T14:11:52.822+0000] {processor.py:208} INFO - Processing /opt/airflow/dags/dag.py took 0.066 seconds
[2026-06-18T14:12:22.947+0000] {processor.py:186} INFO - Started process (PID=878) to work on /opt/airflow/dags/dag.py
[2026-06-18T14:12:22.948+0000] {processor.py:914} INFO - Processing file /opt/airflow/dags/dag.py for tasks to queue
[2026-06-18T14:12:22.948+0000] {logging_mixin.py:190} INFO - [2026-06-18T14:12:22.948+0000] {dagbag.py:588} INFO - Filling up the DagBag from /opt/airflow/dags/dag.py
[2026-06-18T14:12:22.963+0000] {processor.py:925} INFO - DAG(s) 'f1_medallion_pipeline' retrieved from /opt/airflow/dags/dag.py
[2026-06-18T14:12:22.983+0000] {logging_mixin.py:190} INFO - [2026-06-18T14:12:22.983+0000] {dag.py:3239} INFO - Sync 1 DAGs
[2026-06-18T14:12:22.992+0000] {logging_mixin.py:190} INFO - [2026-06-18T14:12:22.991+0000] {dag.py:4180} INFO - Setting next_dagrun for f1_medallion_pipeline to None, run_after=None
[2026-06-18T14:12:23.006+0000] {processor.py:208} INFO - Processing /opt/airflow/dags/dag.py took 0.066 seconds
[2026-06-18T14:12:53.161+0000] {processor.py:186} INFO - Started process (PID=883) to work on /opt/airflow/dags/dag.py
[2026-06-18T14:12:53.161+0000] {processor.py:914} INFO - Processing file /opt/airflow/dags/dag.py for tasks to queue
[2026-06-18T14:12:53.162+0000] {logging_mixin.py:190} INFO - [2026-06-18T14:12:53.162+0000] {dagbag.py:588} INFO - Filling up the DagBag from /opt/airflow/dags/dag.py
[2026-06-18T14:12:53.177+0000] {processor.py:925} INFO - DAG(s) 'f1_medallion_pipeline' retrieved from /opt/airflow/dags/dag.py
[2026-06-18T14:12:53.196+0000] {logging_mixin.py:190} INFO - [2026-06-18T14:12:53.196+0000] {dag.py:3239} INFO - Sync 1 DAGs
[2026-06-18T14:12:53.204+0000] {logging_mixin.py:190} INFO - [2026-06-18T14:12:53.204+0000] {dag.py:4180} INFO - Setting next_dagrun for f1_medallion_pipeline to None, run_after=None
[2026-06-18T14:12:53.218+0000] {processor.py:208} INFO - Processing /opt/airflow/dags/dag.py took 0.064 seconds
[2026-06-18T14:13:23.341+0000] {processor.py:186} INFO - Started process (PID=888) to work on /opt/airflow/dags/dag.py
[2026-06-18T14:13:23.342+0000] {processor.py:914} INFO - Processing file /opt/airflow/dags/dag.py for tasks to queue
[2026-06-18T14:13:23.343+0000] {logging_mixin.py:190} INFO - [2026-06-18T14:13:23.343+0000] {dagbag.py:588} INFO - Filling up the DagBag from /opt/airflow/dags/dag.py
[2026-06-18T14:13:23.359+0000] {processor.py:925} INFO - DAG(s) 'f1_medallion_pipeline' retrieved from /opt/airflow/dags/dag.py
[2026-06-18T14:13:23.378+0000] {logging_mixin.py:190} INFO - [2026-06-18T14:13:23.378+0000] {dag.py:3239} INFO - Sync 1 DAGs
[2026-06-18T14:13:23.387+0000] {logging_mixin.py:190} INFO - [2026-06-18T14:13:23.387+0000] {dag.py:4180} INFO - Setting next_dagrun for f1_medallion_pipeline to None, run_after=None
[2026-06-18T14:13:23.401+0000] {processor.py:208} INFO - Processing /opt/airflow/dags/dag.py took 0.067 seconds
[2026-06-18T14:13:53.569+0000] {processor.py:186} INFO - Started process (PID=893) to work on /opt/airflow/dags/dag.py
[2026-06-18T14:13:53.570+0000] {processor.py:914} INFO - Processing file /opt/airflow/dags/dag.py for tasks to queue
[2026-06-18T14:13:53.571+0000] {logging_mixin.py:190} INFO - [2026-06-18T14:13:53.571+0000] {dagbag.py:588} INFO - Filling up the DagBag from /opt/airflow/dags/dag.py
[2026-06-18T14:13:53.590+0000] {processor.py:925} INFO - DAG(s) 'f1_medallion_pipeline' retrieved from /opt/airflow/dags/dag.py
[2026-06-18T14:13:53.611+0000] {logging_mixin.py:190} INFO - [2026-06-18T14:13:53.611+0000] {dag.py:3239} INFO - Sync 1 DAGs
[2026-06-18T14:13:53.622+0000] {logging_mixin.py:190} INFO - [2026-06-18T14:13:53.621+0000] {dag.py:4180} INFO - Setting next_dagrun for f1_medallion_pipeline to None, run_after=None
[2026-06-18T14:13:53.635+0000] {processor.py:208} INFO - Processing /opt/airflow/dags/dag.py took 0.075 seconds
[2026-06-18T14:14:23.759+0000] {processor.py:186} INFO - Started process (PID=898) to work on /opt/airflow/dags/dag.py
[2026-06-18T14:14:23.760+0000] {processor.py:914} INFO - Processing file /opt/airflow/dags/dag.py for tasks to queue
[2026-06-18T14:14:23.761+0000] {logging_mixin.py:190} INFO - [2026-06-18T14:14:23.760+0000] {dagbag.py:588} INFO - Filling up the DagBag from /opt/airflow/dags/dag.py
[2026-06-18T14:14:23.779+0000] {processor.py:925} INFO - DAG(s) 'f1_medallion_pipeline' retrieved from /opt/airflow/dags/dag.py
[2026-06-18T14:14:23.802+0000] {logging_mixin.py:190} INFO - [2026-06-18T14:14:23.802+0000] {dag.py:3239} INFO - Sync 1 DAGs
[2026-06-18T14:14:23.811+0000] {logging_mixin.py:190} INFO - [2026-06-18T14:14:23.811+0000] {dag.py:4180} INFO - Setting next_dagrun for f1_medallion_pipeline to None, run_after=None
[2026-06-18T14:14:23.823+0000] {processor.py:208} INFO - Processing /opt/airflow/dags/dag.py took 0.071 seconds
[2026-06-18T14:14:53.974+0000] {processor.py:186} INFO - Started process (PID=903) to work on /opt/airflow/dags/dag.py
[2026-06-18T14:14:53.974+0000] {processor.py:914} INFO - Processing file /opt/airflow/dags/dag.py for tasks to queue
[2026-06-18T14:14:53.975+0000] {logging_mixin.py:190} INFO - [2026-06-18T14:14:53.975+0000] {dagbag.py:588} INFO - Filling up the DagBag from /opt/airflow/dags/dag.py
[2026-06-18T14:14:53.991+0000] {processor.py:925} INFO - DAG(s) 'f1_medallion_pipeline' retrieved from /opt/airflow/dags/dag.py
[2026-06-18T14:14:54.011+0000] {logging_mixin.py:190} INFO - [2026-06-18T14:14:54.011+0000] {dag.py:3239} INFO - Sync 1 DAGs
[2026-06-18T14:14:54.020+0000] {logging_mixin.py:190} INFO - [2026-06-18T14:14:54.020+0000] {dag.py:4180} INFO - Setting next_dagrun for f1_medallion_pipeline to None, run_after=None
[2026-06-18T14:14:54.032+0000] {processor.py:208} INFO - Processing /opt/airflow/dags/dag.py took 0.065 seconds
[2026-06-18T14:15:24.147+0000] {processor.py:186} INFO - Started process (PID=908) to work on /opt/airflow/dags/dag.py
[2026-06-18T14:15:24.148+0000] {processor.py:914} INFO - Processing file /opt/airflow/dags/dag.py for tasks to queue
[2026-06-18T14:15:24.149+0000] {logging_mixin.py:190} INFO - [2026-06-18T14:15:24.149+0000] {dagbag.py:588} INFO - Filling up the DagBag from /opt/airflow/dags/dag.py
[2026-06-18T14:15:24.166+0000] {processor.py:925} INFO - DAG(s) 'f1_medallion_pipeline' retrieved from /opt/airflow/dags/dag.py
[2026-06-18T14:15:24.186+0000] {logging_mixin.py:190} INFO - [2026-06-18T14:15:24.186+0000] {dag.py:3239} INFO - Sync 1 DAGs
[2026-06-18T14:15:24.195+0000] {logging_mixin.py:190} INFO - [2026-06-18T14:15:24.195+0000] {dag.py:4180} INFO - Setting next_dagrun for f1_medallion_pipeline to None, run_after=None
[2026-06-18T14:15:24.206+0000] {processor.py:208} INFO - Processing /opt/airflow/dags/dag.py took 0.066 seconds
[2026-06-18T14:15:54.350+0000] {processor.py:186} INFO - Started process (PID=913) to work on /opt/airflow/dags/dag.py
[2026-06-18T14:15:54.351+0000] {processor.py:914} INFO - Processing file /opt/airflow/dags/dag.py for tasks to queue
[2026-06-18T14:15:54.352+0000] {logging_mixin.py:190} INFO - [2026-06-18T14:15:54.352+0000] {dagbag.py:588} INFO - Filling up the DagBag from /opt/airflow/dags/dag.py
[2026-06-18T14:15:54.370+0000] {processor.py:925} INFO - DAG(s) 'f1_medallion_pipeline' retrieved from /opt/airflow/dags/dag.py
[2026-06-18T14:15:54.390+0000] {logging_mixin.py:190} INFO - [2026-06-18T14:15:54.389+0000] {dag.py:3239} INFO - Sync 1 DAGs
[2026-06-18T14:15:54.398+0000] {logging_mixin.py:190} INFO - [2026-06-18T14:15:54.397+0000] {dag.py:4180} INFO - Setting next_dagrun for f1_medallion_pipeline to None, run_after=None
[2026-06-18T14:15:54.409+0000] {processor.py:208} INFO - Processing /opt/airflow/dags/dag.py took 0.067 seconds
[2026-06-18T14:16:24.537+0000] {processor.py:186} INFO - Started process (PID=918) to work on /opt/airflow/dags/dag.py
[2026-06-18T14:16:24.538+0000] {processor.py:914} INFO - Processing file /opt/airflow/dags/dag.py for tasks to queue
[2026-06-18T14:16:24.539+0000] {logging_mixin.py:190} INFO - [2026-06-18T14:16:24.539+0000] {dagbag.py:588} INFO - Filling up the DagBag from /opt/airflow/dags/dag.py
[2026-06-18T14:16:24.555+0000] {processor.py:925} INFO - DAG(s) 'f1_medallion_pipeline' retrieved from /opt/airflow/dags/dag.py
[2026-06-18T14:16:24.575+0000] {logging_mixin.py:190} INFO - [2026-06-18T14:16:24.575+0000] {dag.py:3239} INFO - Sync 1 DAGs
[2026-06-18T14:16:24.583+0000] {logging_mixin.py:190} INFO - [2026-06-18T14:16:24.583+0000] {dag.py:4180} INFO - Setting next_dagrun for f1_medallion_pipeline to None, run_after=None
[2026-06-18T14:16:24.595+0000] {processor.py:208} INFO - Processing /opt/airflow/dags/dag.py took 0.066 seconds
[2026-06-18T14:16:54.722+0000] {processor.py:186} INFO - Started process (PID=923) to work on /opt/airflow/dags/dag.py
[2026-06-18T14:16:54.723+0000] {processor.py:914} INFO - Processing file /opt/airflow/dags/dag.py for tasks to queue
[2026-06-18T14:16:54.724+0000] {logging_mixin.py:190} INFO - [2026-06-18T14:16:54.724+0000] {dagbag.py:588} INFO - Filling up the DagBag from /opt/airflow/dags/dag.py
[2026-06-18T14:16:54.742+0000] {processor.py:925} INFO - DAG(s) 'f1_medallion_pipeline' retrieved from /opt/airflow/dags/dag.py
[2026-06-18T14:16:54.763+0000] {logging_mixin.py:190} INFO - [2026-06-18T14:16:54.763+0000] {dag.py:3239} INFO - Sync 1 DAGs
[2026-06-18T14:16:54.772+0000] {logging_mixin.py:190} INFO - [2026-06-18T14:16:54.772+0000] {dag.py:4180} INFO - Setting next_dagrun for f1_medallion_pipeline to None, run_after=None
[2026-06-18T14:16:54.787+0000] {processor.py:208} INFO - Processing /opt/airflow/dags/dag.py took 0.072 seconds
[2026-06-18T14:17:24.896+0000] {processor.py:186} INFO - Started process (PID=928) to work on /opt/airflow/dags/dag.py
[2026-06-18T14:17:24.897+0000] {processor.py:914} INFO - Processing file /opt/airflow/dags/dag.py for tasks to queue
[2026-06-18T14:17:24.898+0000] {logging_mixin.py:190} INFO - [2026-06-18T14:17:24.898+0000] {dagbag.py:588} INFO - Filling up the DagBag from /opt/airflow/dags/dag.py
[2026-06-18T14:17:24.914+0000] {processor.py:925} INFO - DAG(s) 'f1_medallion_pipeline' retrieved from /opt/airflow/dags/dag.py
[2026-06-18T14:17:24.932+0000] {logging_mixin.py:190} INFO - [2026-06-18T14:17:24.932+0000] {dag.py:3239} INFO - Sync 1 DAGs
[2026-06-18T14:17:24.941+0000] {logging_mixin.py:190} INFO - [2026-06-18T14:17:24.940+0000] {dag.py:4180} INFO - Setting next_dagrun for f1_medallion_pipeline to None, run_after=None
[2026-06-18T14:17:24.952+0000] {processor.py:208} INFO - Processing /opt/airflow/dags/dag.py took 0.062 seconds
[2026-06-18T14:17:55.099+0000] {processor.py:186} INFO - Started process (PID=933) to work on /opt/airflow/dags/dag.py
[2026-06-18T14:17:55.100+0000] {processor.py:914} INFO - Processing file /opt/airflow/dags/dag.py for tasks to queue
[2026-06-18T14:17:55.101+0000] {logging_mixin.py:190} INFO - [2026-06-18T14:17:55.101+0000] {dagbag.py:588} INFO - Filling up the DagBag from /opt/airflow/dags/dag.py
[2026-06-18T14:17:55.117+0000] {processor.py:925} INFO - DAG(s) 'f1_medallion_pipeline' retrieved from /opt/airflow/dags/dag.py
[2026-06-18T14:17:55.136+0000] {logging_mixin.py:190} INFO - [2026-06-18T14:17:55.136+0000] {dag.py:3239} INFO - Sync 1 DAGs
[2026-06-18T14:17:55.144+0000] {logging_mixin.py:190} INFO - [2026-06-18T14:17:55.144+0000] {dag.py:4180} INFO - Setting next_dagrun for f1_medallion_pipeline to None, run_after=None
[2026-06-18T14:17:55.156+0000] {processor.py:208} INFO - Processing /opt/airflow/dags/dag.py took 0.064 seconds
[2026-06-18T14:18:25.279+0000] {processor.py:186} INFO - Started process (PID=938) to work on /opt/airflow/dags/dag.py
[2026-06-18T14:18:25.280+0000] {processor.py:914} INFO - Processing file /opt/airflow/dags/dag.py for tasks to queue
[2026-06-18T14:18:25.282+0000] {logging_mixin.py:190} INFO - [2026-06-18T14:18:25.281+0000] {dagbag.py:588} INFO - Filling up the DagBag from /opt/airflow/dags/dag.py
[2026-06-18T14:18:25.304+0000] {processor.py:925} INFO - DAG(s) 'f1_medallion_pipeline' retrieved from /opt/airflow/dags/dag.py
[2026-06-18T14:18:25.329+0000] {logging_mixin.py:190} INFO - [2026-06-18T14:18:25.329+0000] {dag.py:3239} INFO - Sync 1 DAGs
[2026-06-18T14:18:25.341+0000] {logging_mixin.py:190} INFO - [2026-06-18T14:18:25.340+0000] {dag.py:4180} INFO - Setting next_dagrun for f1_medallion_pipeline to None, run_after=None
[2026-06-18T14:18:25.357+0000] {processor.py:208} INFO - Processing /opt/airflow/dags/dag.py took 0.092 seconds
[2026-06-18T14:18:55.485+0000] {processor.py:186} INFO - Started process (PID=943) to work on /opt/airflow/dags/dag.py
[2026-06-18T14:18:55.486+0000] {processor.py:914} INFO - Processing file /opt/airflow/dags/dag.py for tasks to queue
[2026-06-18T14:18:55.487+0000] {logging_mixin.py:190} INFO - [2026-06-18T14:18:55.487+0000] {dagbag.py:588} INFO - Filling up the DagBag from /opt/airflow/dags/dag.py
[2026-06-18T14:18:55.504+0000] {processor.py:925} INFO - DAG(s) 'f1_medallion_pipeline' retrieved from /opt/airflow/dags/dag.py
[2026-06-18T14:18:55.525+0000] {logging_mixin.py:190} INFO - [2026-06-18T14:18:55.525+0000] {dag.py:3239} INFO - Sync 1 DAGs
[2026-06-18T14:18:55.534+0000] {logging_mixin.py:190} INFO - [2026-06-18T14:18:55.534+0000] {dag.py:4180} INFO - Setting next_dagrun for f1_medallion_pipeline to None, run_after=None
[2026-06-18T14:18:55.547+0000] {processor.py:208} INFO - Processing /opt/airflow/dags/dag.py took 0.070 seconds
[2026-06-18T14:19:25.670+0000] {processor.py:186} INFO - Started process (PID=948) to work on /opt/airflow/dags/dag.py
[2026-06-18T14:19:25.671+0000] {processor.py:914} INFO - Processing file /opt/airflow/dags/dag.py for tasks to queue
[2026-06-18T14:19:25.672+0000] {logging_mixin.py:190} INFO - [2026-06-18T14:19:25.672+0000] {dagbag.py:588} INFO - Filling up the DagBag from /opt/airflow/dags/dag.py
[2026-06-18T14:19:25.693+0000] {processor.py:925} INFO - DAG(s) 'f1_medallion_pipeline' retrieved from /opt/airflow/dags/dag.py
[2026-06-18T14:19:25.717+0000] {logging_mixin.py:190} INFO - [2026-06-18T14:19:25.717+0000] {dag.py:3239} INFO - Sync 1 DAGs
[2026-06-18T14:19:25.726+0000] {logging_mixin.py:190} INFO - [2026-06-18T14:19:25.726+0000] {dag.py:4180} INFO - Setting next_dagrun for f1_medallion_pipeline to None, run_after=None
[2026-06-18T14:19:25.739+0000] {processor.py:208} INFO - Processing /opt/airflow/dags/dag.py took 0.076 seconds
[2026-06-18T14:19:55.881+0000] {processor.py:186} INFO - Started process (PID=953) to work on /opt/airflow/dags/dag.py
[2026-06-18T14:19:55.881+0000] {processor.py:914} INFO - Processing file /opt/airflow/dags/dag.py for tasks to queue
[2026-06-18T14:19:55.882+0000] {logging_mixin.py:190} INFO - [2026-06-18T14:19:55.882+0000] {dagbag.py:588} INFO - Filling up the DagBag from /opt/airflow/dags/dag.py
[2026-06-18T14:19:55.901+0000] {processor.py:925} INFO - DAG(s) 'f1_medallion_pipeline' retrieved from /opt/airflow/dags/dag.py
[2026-06-18T14:19:55.931+0000] {logging_mixin.py:190} INFO - [2026-06-18T14:19:55.931+0000] {dag.py:3239} INFO - Sync 1 DAGs
[2026-06-18T14:19:55.946+0000] {logging_mixin.py:190} INFO - [2026-06-18T14:19:55.946+0000] {dag.py:4180} INFO - Setting next_dagrun for f1_medallion_pipeline to None, run_after=None
[2026-06-18T14:19:55.963+0000] {processor.py:208} INFO - Processing /opt/airflow/dags/dag.py took 0.095 seconds
[2026-06-18T14:20:26.044+0000] {processor.py:186} INFO - Started process (PID=958) to work on /opt/airflow/dags/dag.py
[2026-06-18T14:20:26.044+0000] {processor.py:914} INFO - Processing file /opt/airflow/dags/dag.py for tasks to queue
[2026-06-18T14:20:26.045+0000] {logging_mixin.py:190} INFO - [2026-06-18T14:20:26.045+0000] {dagbag.py:588} INFO - Filling up the DagBag from /opt/airflow/dags/dag.py
[2026-06-18T14:20:26.068+0000] {processor.py:925} INFO - DAG(s) 'f1_medallion_pipeline' retrieved from /opt/airflow/dags/dag.py
[2026-06-18T14:20:26.088+0000] {logging_mixin.py:190} INFO - [2026-06-18T14:20:26.088+0000] {dag.py:3239} INFO - Sync 1 DAGs
[2026-06-18T14:20:26.098+0000] {logging_mixin.py:190} INFO - [2026-06-18T14:20:26.098+0000] {dag.py:4180} INFO - Setting next_dagrun for f1_medallion_pipeline to None, run_after=None
[2026-06-18T14:20:26.110+0000] {processor.py:208} INFO - Processing /opt/airflow/dags/dag.py took 0.075 seconds
[2026-06-18T14:20:56.323+0000] {processor.py:186} INFO - Started process (PID=963) to work on /opt/airflow/dags/dag.py
[2026-06-18T14:20:56.323+0000] {processor.py:914} INFO - Processing file /opt/airflow/dags/dag.py for tasks to queue
[2026-06-18T14:20:56.324+0000] {logging_mixin.py:190} INFO - [2026-06-18T14:20:56.324+0000] {dagbag.py:588} INFO - Filling up the DagBag from /opt/airflow/dags/dag.py
[2026-06-18T14:20:56.345+0000] {processor.py:925} INFO - DAG(s) 'f1_medallion_pipeline' retrieved from /opt/airflow/dags/dag.py
[2026-06-18T14:20:56.365+0000] {logging_mixin.py:190} INFO - [2026-06-18T14:20:56.365+0000] {dag.py:3239} INFO - Sync 1 DAGs
[2026-06-18T14:20:56.374+0000] {logging_mixin.py:190} INFO - [2026-06-18T14:20:56.374+0000] {dag.py:4180} INFO - Setting next_dagrun for f1_medallion_pipeline to None, run_after=None
[2026-06-18T14:20:56.388+0000] {processor.py:208} INFO - Processing /opt/airflow/dags/dag.py took 0.074 seconds
[2026-06-18T14:21:26.493+0000] {processor.py:186} INFO - Started process (PID=968) to work on /opt/airflow/dags/dag.py
[2026-06-18T14:21:26.494+0000] {processor.py:914} INFO - Processing file /opt/airflow/dags/dag.py for tasks to queue
[2026-06-18T14:21:26.494+0000] {logging_mixin.py:190} INFO - [2026-06-18T14:21:26.494+0000] {dagbag.py:588} INFO - Filling up the DagBag from /opt/airflow/dags/dag.py
[2026-06-18T14:21:26.512+0000] {processor.py:925} INFO - DAG(s) 'f1_medallion_pipeline' retrieved from /opt/airflow/dags/dag.py
[2026-06-18T14:21:26.535+0000] {logging_mixin.py:190} INFO - [2026-06-18T14:21:26.534+0000] {dag.py:3239} INFO - Sync 1 DAGs
[2026-06-18T14:21:26.543+0000] {logging_mixin.py:190} INFO - [2026-06-18T14:21:26.543+0000] {dag.py:4180} INFO - Setting next_dagrun for f1_medallion_pipeline to None, run_after=None
[2026-06-18T14:21:26.556+0000] {processor.py:208} INFO - Processing /opt/airflow/dags/dag.py took 0.071 seconds
[2026-06-18T14:21:56.711+0000] {processor.py:186} INFO - Started process (PID=973) to work on /opt/airflow/dags/dag.py
[2026-06-18T14:21:56.712+0000] {processor.py:914} INFO - Processing file /opt/airflow/dags/dag.py for tasks to queue
[2026-06-18T14:21:56.713+0000] {logging_mixin.py:190} INFO - [2026-06-18T14:21:56.712+0000] {dagbag.py:588} INFO - Filling up the DagBag from /opt/airflow/dags/dag.py
[2026-06-18T14:21:56.731+0000] {processor.py:925} INFO - DAG(s) 'f1_medallion_pipeline' retrieved from /opt/airflow/dags/dag.py
[2026-06-18T14:21:56.753+0000] {logging_mixin.py:190} INFO - [2026-06-18T14:21:56.753+0000] {dag.py:3239} INFO - Sync 1 DAGs
[2026-06-18T14:21:56.762+0000] {logging_mixin.py:190} INFO - [2026-06-18T14:21:56.762+0000] {dag.py:4180} INFO - Setting next_dagrun for f1_medallion_pipeline to None, run_after=None
[2026-06-18T14:21:56.775+0000] {processor.py:208} INFO - Processing /opt/airflow/dags/dag.py took 0.073 seconds
[2026-06-18T14:22:26.886+0000] {processor.py:186} INFO - Started process (PID=978) to work on /opt/airflow/dags/dag.py
[2026-06-18T14:22:26.886+0000] {processor.py:914} INFO - Processing file /opt/airflow/dags/dag.py for tasks to queue
[2026-06-18T14:22:26.887+0000] {logging_mixin.py:190} INFO - [2026-06-18T14:22:26.887+0000] {dagbag.py:588} INFO - Filling up the DagBag from /opt/airflow/dags/dag.py
[2026-06-18T14:22:26.905+0000] {processor.py:925} INFO - DAG(s) 'f1_medallion_pipeline' retrieved from /opt/airflow/dags/dag.py
[2026-06-18T14:22:26.926+0000] {logging_mixin.py:190} INFO - [2026-06-18T14:22:26.926+0000] {dag.py:3239} INFO - Sync 1 DAGs
[2026-06-18T14:22:26.935+0000] {logging_mixin.py:190} INFO - [2026-06-18T14:22:26.935+0000] {dag.py:4180} INFO - Setting next_dagrun for f1_medallion_pipeline to None, run_after=None
[2026-06-18T14:22:26.947+0000] {processor.py:208} INFO - Processing /opt/airflow/dags/dag.py took 0.076 seconds
[2026-06-18T14:22:57.082+0000] {processor.py:186} INFO - Started process (PID=983) to work on /opt/airflow/dags/dag.py
[2026-06-18T14:22:57.083+0000] {processor.py:914} INFO - Processing file /opt/airflow/dags/dag.py for tasks to queue
[2026-06-18T14:22:57.084+0000] {logging_mixin.py:190} INFO - [2026-06-18T14:22:57.084+0000] {dagbag.py:588} INFO - Filling up the DagBag from /opt/airflow/dags/dag.py
[2026-06-18T14:22:57.101+0000] {processor.py:925} INFO - DAG(s) 'f1_medallion_pipeline' retrieved from /opt/airflow/dags/dag.py
[2026-06-18T14:22:57.121+0000] {logging_mixin.py:190} INFO - [2026-06-18T14:22:57.121+0000] {dag.py:3239} INFO - Sync 1 DAGs
[2026-06-18T14:22:57.130+0000] {logging_mixin.py:190} INFO - [2026-06-18T14:22:57.130+0000] {dag.py:4180} INFO - Setting next_dagrun for f1_medallion_pipeline to None, run_after=None
[2026-06-18T14:22:57.144+0000] {processor.py:208} INFO - Processing /opt/airflow/dags/dag.py took 0.070 seconds
[2026-06-18T14:23:27.248+0000] {processor.py:186} INFO - Started process (PID=988) to work on /opt/airflow/dags/dag.py
[2026-06-18T14:23:27.249+0000] {processor.py:914} INFO - Processing file /opt/airflow/dags/dag.py for tasks to queue
[2026-06-18T14:23:27.251+0000] {logging_mixin.py:190} INFO - [2026-06-18T14:23:27.250+0000] {dagbag.py:588} INFO - Filling up the DagBag from /opt/airflow/dags/dag.py
[2026-06-18T14:23:27.270+0000] {processor.py:925} INFO - DAG(s) 'f1_medallion_pipeline' retrieved from /opt/airflow/dags/dag.py
[2026-06-18T14:23:27.291+0000] {logging_mixin.py:190} INFO - [2026-06-18T14:23:27.291+0000] {dag.py:3239} INFO - Sync 1 DAGs
[2026-06-18T14:23:27.300+0000] {logging_mixin.py:190} INFO - [2026-06-18T14:23:27.300+0000] {dag.py:4180} INFO - Setting next_dagrun for f1_medallion_pipeline to None, run_after=None
[2026-06-18T14:23:27.313+0000] {processor.py:208} INFO - Processing /opt/airflow/dags/dag.py took 0.074 seconds
[2026-06-18T14:23:57.462+0000] {processor.py:186} INFO - Started process (PID=993) to work on /opt/airflow/dags/dag.py
[2026-06-18T14:23:57.463+0000] {processor.py:914} INFO - Processing file /opt/airflow/dags/dag.py for tasks to queue
[2026-06-18T14:23:57.464+0000] {logging_mixin.py:190} INFO - [2026-06-18T14:23:57.463+0000] {dagbag.py:588} INFO - Filling up the DagBag from /opt/airflow/dags/dag.py
[2026-06-18T14:23:57.486+0000] {processor.py:925} INFO - DAG(s) 'f1_medallion_pipeline' retrieved from /opt/airflow/dags/dag.py
[2026-06-18T14:23:57.505+0000] {logging_mixin.py:190} INFO - [2026-06-18T14:23:57.505+0000] {dag.py:3239} INFO - Sync 1 DAGs
[2026-06-18T14:23:57.515+0000] {logging_mixin.py:190} INFO - [2026-06-18T14:23:57.515+0000] {dag.py:4180} INFO - Setting next_dagrun for f1_medallion_pipeline to None, run_after=None
[2026-06-18T14:23:57.527+0000] {processor.py:208} INFO - Processing /opt/airflow/dags/dag.py took 0.073 seconds
[2026-06-18T14:24:27.641+0000] {processor.py:186} INFO - Started process (PID=998) to work on /opt/airflow/dags/dag.py
[2026-06-18T14:24:27.642+0000] {processor.py:914} INFO - Processing file /opt/airflow/dags/dag.py for tasks to queue
[2026-06-18T14:24:27.643+0000] {logging_mixin.py:190} INFO - [2026-06-18T14:24:27.643+0000] {dagbag.py:588} INFO - Filling up the DagBag from /opt/airflow/dags/dag.py
[2026-06-18T14:24:27.663+0000] {processor.py:925} INFO - DAG(s) 'f1_medallion_pipeline' retrieved from /opt/airflow/dags/dag.py
[2026-06-18T14:24:27.684+0000] {logging_mixin.py:190} INFO - [2026-06-18T14:24:27.684+0000] {dag.py:3239} INFO - Sync 1 DAGs
[2026-06-18T14:24:27.694+0000] {logging_mixin.py:190} INFO - [2026-06-18T14:24:27.694+0000] {dag.py:4180} INFO - Setting next_dagrun for f1_medallion_pipeline to None, run_after=None
[2026-06-18T14:24:27.707+0000] {processor.py:208} INFO - Processing /opt/airflow/dags/dag.py took 0.077 seconds
[2026-06-18T14:24:57.846+0000] {processor.py:186} INFO - Started process (PID=1003) to work on /opt/airflow/dags/dag.py
[2026-06-18T14:24:57.846+0000] {processor.py:914} INFO - Processing file /opt/airflow/dags/dag.py for tasks to queue
[2026-06-18T14:24:57.847+0000] {logging_mixin.py:190} INFO - [2026-06-18T14:24:57.847+0000] {dagbag.py:588} INFO - Filling up the DagBag from /opt/airflow/dags/dag.py
[2026-06-18T14:24:57.866+0000] {processor.py:925} INFO - DAG(s) 'f1_medallion_pipeline' retrieved from /opt/airflow/dags/dag.py
[2026-06-18T14:24:57.888+0000] {logging_mixin.py:190} INFO - [2026-06-18T14:24:57.888+0000] {dag.py:3239} INFO - Sync 1 DAGs
[2026-06-18T14:24:57.898+0000] {logging_mixin.py:190} INFO - [2026-06-18T14:24:57.897+0000] {dag.py:4180} INFO - Setting next_dagrun for f1_medallion_pipeline to None, run_after=None
[2026-06-18T14:24:57.910+0000] {processor.py:208} INFO - Processing /opt/airflow/dags/dag.py took 0.074 seconds
[2026-06-18T14:25:28.022+0000] {processor.py:186} INFO - Started process (PID=1008) to work on /opt/airflow/dags/dag.py
[2026-06-18T14:25:28.022+0000] {processor.py:914} INFO - Processing file /opt/airflow/dags/dag.py for tasks to queue
[2026-06-18T14:25:28.023+0000] {logging_mixin.py:190} INFO - [2026-06-18T14:25:28.023+0000] {dagbag.py:588} INFO - Filling up the DagBag from /opt/airflow/dags/dag.py
[2026-06-18T14:25:28.043+0000] {processor.py:925} INFO - DAG(s) 'f1_medallion_pipeline' retrieved from /opt/airflow/dags/dag.py
[2026-06-18T14:25:28.070+0000] {logging_mixin.py:190} INFO - [2026-06-18T14:25:28.070+0000] {dag.py:3239} INFO - Sync 1 DAGs
[2026-06-18T14:25:28.084+0000] {logging_mixin.py:190} INFO - [2026-06-18T14:25:28.084+0000] {dag.py:4180} INFO - Setting next_dagrun for f1_medallion_pipeline to None, run_after=None
[2026-06-18T14:25:28.100+0000] {processor.py:208} INFO - Processing /opt/airflow/dags/dag.py took 0.086 seconds
[2026-06-18T14:25:58.229+0000] {processor.py:186} INFO - Started process (PID=1013) to work on /opt/airflow/dags/dag.py
[2026-06-18T14:25:58.230+0000] {processor.py:914} INFO - Processing file /opt/airflow/dags/dag.py for tasks to queue
[2026-06-18T14:25:58.231+0000] {logging_mixin.py:190} INFO - [2026-06-18T14:25:58.231+0000] {dagbag.py:588} INFO - Filling up the DagBag from /opt/airflow/dags/dag.py
[2026-06-18T14:25:58.245+0000] {processor.py:925} INFO - DAG(s) 'f1_medallion_pipeline' retrieved from /opt/airflow/dags/dag.py
[2026-06-18T14:25:58.264+0000] {logging_mixin.py:190} INFO - [2026-06-18T14:25:58.264+0000] {dag.py:3239} INFO - Sync 1 DAGs
[2026-06-18T14:25:58.272+0000] {logging_mixin.py:190} INFO - [2026-06-18T14:25:58.272+0000] {dag.py:4180} INFO - Setting next_dagrun for f1_medallion_pipeline to None, run_after=None
[2026-06-18T14:25:58.283+0000] {processor.py:208} INFO - Processing /opt/airflow/dags/dag.py took 0.061 seconds
[2026-06-18T14:26:28.428+0000] {processor.py:186} INFO - Started process (PID=1018) to work on /opt/airflow/dags/dag.py
[2026-06-18T14:26:28.429+0000] {processor.py:914} INFO - Processing file /opt/airflow/dags/dag.py for tasks to queue
[2026-06-18T14:26:28.430+0000] {logging_mixin.py:190} INFO - [2026-06-18T14:26:28.430+0000] {dagbag.py:588} INFO - Filling up the DagBag from /opt/airflow/dags/dag.py
[2026-06-18T14:26:28.445+0000] {processor.py:925} INFO - DAG(s) 'f1_medallion_pipeline' retrieved from /opt/airflow/dags/dag.py
[2026-06-18T14:26:28.464+0000] {logging_mixin.py:190} INFO - [2026-06-18T14:26:28.464+0000] {dag.py:3239} INFO - Sync 1 DAGs
[2026-06-18T14:26:28.472+0000] {logging_mixin.py:190} INFO - [2026-06-18T14:26:28.471+0000] {dag.py:4180} INFO - Setting next_dagrun for f1_medallion_pipeline to None, run_after=None
[2026-06-18T14:26:28.483+0000] {processor.py:208} INFO - Processing /opt/airflow/dags/dag.py took 0.063 seconds
[2026-06-18T14:26:58.625+0000] {processor.py:186} INFO - Started process (PID=1023) to work on /opt/airflow/dags/dag.py
[2026-06-18T14:26:58.626+0000] {processor.py:914} INFO - Processing file /opt/airflow/dags/dag.py for tasks to queue
[2026-06-18T14:26:58.627+0000] {logging_mixin.py:190} INFO - [2026-06-18T14:26:58.627+0000] {dagbag.py:588} INFO - Filling up the DagBag from /opt/airflow/dags/dag.py
[2026-06-18T14:26:58.647+0000] {processor.py:925} INFO - DAG(s) 'f1_medallion_pipeline' retrieved from /opt/airflow/dags/dag.py
[2026-06-18T14:26:58.667+0000] {logging_mixin.py:190} INFO - [2026-06-18T14:26:58.667+0000] {dag.py:3239} INFO - Sync 1 DAGs
[2026-06-18T14:26:58.675+0000] {logging_mixin.py:190} INFO - [2026-06-18T14:26:58.675+0000] {dag.py:4180} INFO - Setting next_dagrun for f1_medallion_pipeline to None, run_after=None
[2026-06-18T14:26:58.690+0000] {processor.py:208} INFO - Processing /opt/airflow/dags/dag.py took 0.079 seconds
[2026-06-18T14:27:28.793+0000] {processor.py:186} INFO - Started process (PID=1028) to work on /opt/airflow/dags/dag.py
[2026-06-18T14:27:28.794+0000] {processor.py:914} INFO - Processing file /opt/airflow/dags/dag.py for tasks to queue
[2026-06-18T14:27:28.795+0000] {logging_mixin.py:190} INFO - [2026-06-18T14:27:28.795+0000] {dagbag.py:588} INFO - Filling up the DagBag from /opt/airflow/dags/dag.py
[2026-06-18T14:27:28.810+0000] {processor.py:925} INFO - DAG(s) 'f1_medallion_pipeline' retrieved from /opt/airflow/dags/dag.py
[2026-06-18T14:27:28.829+0000] {logging_mixin.py:190} INFO - [2026-06-18T14:27:28.829+0000] {dag.py:3239} INFO - Sync 1 DAGs
[2026-06-18T14:27:28.837+0000] {logging_mixin.py:190} INFO - [2026-06-18T14:27:28.837+0000] {dag.py:4180} INFO - Setting next_dagrun for f1_medallion_pipeline to None, run_after=None
[2026-06-18T14:27:28.849+0000] {processor.py:208} INFO - Processing /opt/airflow/dags/dag.py took 0.063 seconds
[2026-06-18T14:27:59.006+0000] {processor.py:186} INFO - Started process (PID=1033) to work on /opt/airflow/dags/dag.py
[2026-06-18T14:27:59.006+0000] {processor.py:914} INFO - Processing file /opt/airflow/dags/dag.py for tasks to queue
[2026-06-18T14:27:59.007+0000] {logging_mixin.py:190} INFO - [2026-06-18T14:27:59.007+0000] {dagbag.py:588} INFO - Filling up the DagBag from /opt/airflow/dags/dag.py
[2026-06-18T14:27:59.030+0000] {processor.py:925} INFO - DAG(s) 'f1_medallion_pipeline' retrieved from /opt/airflow/dags/dag.py
[2026-06-18T14:27:59.053+0000] {logging_mixin.py:190} INFO - [2026-06-18T14:27:59.053+0000] {dag.py:3239} INFO - Sync 1 DAGs
[2026-06-18T14:27:59.063+0000] {logging_mixin.py:190} INFO - [2026-06-18T14:27:59.063+0000] {dag.py:4180} INFO - Setting next_dagrun for f1_medallion_pipeline to None, run_after=None
[2026-06-18T14:27:59.079+0000] {processor.py:208} INFO - Processing /opt/airflow/dags/dag.py took 0.083 seconds
[2026-06-18T14:28:29.171+0000] {processor.py:186} INFO - Started process (PID=1038) to work on /opt/airflow/dags/dag.py
[2026-06-18T14:28:29.172+0000] {processor.py:914} INFO - Processing file /opt/airflow/dags/dag.py for tasks to queue
[2026-06-18T14:28:29.173+0000] {logging_mixin.py:190} INFO - [2026-06-18T14:28:29.172+0000] {dagbag.py:588} INFO - Filling up the DagBag from /opt/airflow/dags/dag.py
[2026-06-18T14:28:29.188+0000] {processor.py:925} INFO - DAG(s) 'f1_medallion_pipeline' retrieved from /opt/airflow/dags/dag.py
[2026-06-18T14:28:29.207+0000] {logging_mixin.py:190} INFO - [2026-06-18T14:28:29.207+0000] {dag.py:3239} INFO - Sync 1 DAGs
[2026-06-18T14:28:29.216+0000] {logging_mixin.py:190} INFO - [2026-06-18T14:28:29.215+0000] {dag.py:4180} INFO - Setting next_dagrun for f1_medallion_pipeline to None, run_after=None
[2026-06-18T14:28:29.227+0000] {processor.py:208} INFO - Processing /opt/airflow/dags/dag.py took 0.064 seconds
[2026-06-18T14:28:59.420+0000] {processor.py:186} INFO - Started process (PID=1043) to work on /opt/airflow/dags/dag.py
[2026-06-18T14:28:59.420+0000] {processor.py:914} INFO - Processing file /opt/airflow/dags/dag.py for tasks to queue
[2026-06-18T14:28:59.421+0000] {logging_mixin.py:190} INFO - [2026-06-18T14:28:59.421+0000] {dagbag.py:588} INFO - Filling up the DagBag from /opt/airflow/dags/dag.py
[2026-06-18T14:28:59.440+0000] {processor.py:925} INFO - DAG(s) 'f1_medallion_pipeline' retrieved from /opt/airflow/dags/dag.py
[2026-06-18T14:28:59.462+0000] {logging_mixin.py:190} INFO - [2026-06-18T14:28:59.462+0000] {dag.py:3239} INFO - Sync 1 DAGs
[2026-06-18T14:28:59.473+0000] {logging_mixin.py:190} INFO - [2026-06-18T14:28:59.473+0000] {dag.py:4180} INFO - Setting next_dagrun for f1_medallion_pipeline to None, run_after=None
[2026-06-18T14:28:59.486+0000] {processor.py:208} INFO - Processing /opt/airflow/dags/dag.py took 0.078 seconds
[2026-06-18T14:29:29.596+0000] {processor.py:186} INFO - Started process (PID=1048) to work on /opt/airflow/dags/dag.py
[2026-06-18T14:29:29.597+0000] {processor.py:914} INFO - Processing file /opt/airflow/dags/dag.py for tasks to queue
[2026-06-18T14:29:29.599+0000] {logging_mixin.py:190} INFO - [2026-06-18T14:29:29.598+0000] {dagbag.py:588} INFO - Filling up the DagBag from /opt/airflow/dags/dag.py
[2026-06-18T14:29:29.617+0000] {processor.py:925} INFO - DAG(s) 'f1_medallion_pipeline' retrieved from /opt/airflow/dags/dag.py
[2026-06-18T14:29:29.637+0000] {logging_mixin.py:190} INFO - [2026-06-18T14:29:29.637+0000] {dag.py:3239} INFO - Sync 1 DAGs
[2026-06-18T14:29:29.647+0000] {logging_mixin.py:190} INFO - [2026-06-18T14:29:29.647+0000] {dag.py:4180} INFO - Setting next_dagrun for f1_medallion_pipeline to None, run_after=None
[2026-06-18T14:29:29.659+0000] {processor.py:208} INFO - Processing /opt/airflow/dags/dag.py took 0.070 seconds
[2026-06-18T14:29:59.834+0000] {processor.py:186} INFO - Started process (PID=1053) to work on /opt/airflow/dags/dag.py
[2026-06-18T14:29:59.835+0000] {processor.py:914} INFO - Processing file /opt/airflow/dags/dag.py for tasks to queue
[2026-06-18T14:29:59.836+0000] {logging_mixin.py:190} INFO - [2026-06-18T14:29:59.836+0000] {dagbag.py:588} INFO - Filling up the DagBag from /opt/airflow/dags/dag.py
[2026-06-18T14:29:59.857+0000] {processor.py:925} INFO - DAG(s) 'f1_medallion_pipeline' retrieved from /opt/airflow/dags/dag.py
[2026-06-18T14:29:59.878+0000] {logging_mixin.py:190} INFO - [2026-06-18T14:29:59.878+0000] {dag.py:3239} INFO - Sync 1 DAGs
[2026-06-18T14:29:59.888+0000] {logging_mixin.py:190} INFO - [2026-06-18T14:29:59.887+0000] {dag.py:4180} INFO - Setting next_dagrun for f1_medallion_pipeline to None, run_after=None
[2026-06-18T14:29:59.903+0000] {processor.py:208} INFO - Processing /opt/airflow/dags/dag.py took 0.079 seconds
[2026-06-18T14:30:30.028+0000] {processor.py:186} INFO - Started process (PID=1058) to work on /opt/airflow/dags/dag.py
[2026-06-18T14:30:30.029+0000] {processor.py:914} INFO - Processing file /opt/airflow/dags/dag.py for tasks to queue
[2026-06-18T14:30:30.030+0000] {logging_mixin.py:190} INFO - [2026-06-18T14:30:30.030+0000] {dagbag.py:588} INFO - Filling up the DagBag from /opt/airflow/dags/dag.py
[2026-06-18T14:30:30.046+0000] {processor.py:925} INFO - DAG(s) 'f1_medallion_pipeline' retrieved from /opt/airflow/dags/dag.py
[2026-06-18T14:30:30.063+0000] {logging_mixin.py:190} INFO - [2026-06-18T14:30:30.063+0000] {dag.py:3239} INFO - Sync 1 DAGs
[2026-06-18T14:30:30.072+0000] {logging_mixin.py:190} INFO - [2026-06-18T14:30:30.071+0000] {dag.py:4180} INFO - Setting next_dagrun for f1_medallion_pipeline to None, run_after=None
[2026-06-18T14:30:30.084+0000] {processor.py:208} INFO - Processing /opt/airflow/dags/dag.py took 0.063 seconds
[2026-06-18T14:31:00.231+0000] {processor.py:186} INFO - Started process (PID=1063) to work on /opt/airflow/dags/dag.py
[2026-06-18T14:31:00.231+0000] {processor.py:914} INFO - Processing file /opt/airflow/dags/dag.py for tasks to queue
[2026-06-18T14:31:00.232+0000] {logging_mixin.py:190} INFO - [2026-06-18T14:31:00.232+0000] {dagbag.py:588} INFO - Filling up the DagBag from /opt/airflow/dags/dag.py
[2026-06-18T14:31:00.250+0000] {processor.py:925} INFO - DAG(s) 'f1_medallion_pipeline' retrieved from /opt/airflow/dags/dag.py
[2026-06-18T14:31:00.269+0000] {logging_mixin.py:190} INFO - [2026-06-18T14:31:00.269+0000] {dag.py:3239} INFO - Sync 1 DAGs
[2026-06-18T14:31:00.278+0000] {logging_mixin.py:190} INFO - [2026-06-18T14:31:00.277+0000] {dag.py:4180} INFO - Setting next_dagrun for f1_medallion_pipeline to None, run_after=None
[2026-06-18T14:31:00.289+0000] {processor.py:208} INFO - Processing /opt/airflow/dags/dag.py took 0.066 seconds
[2026-06-18T14:31:30.418+0000] {processor.py:186} INFO - Started process (PID=1068) to work on /opt/airflow/dags/dag.py
[2026-06-18T14:31:30.419+0000] {processor.py:914} INFO - Processing file /opt/airflow/dags/dag.py for tasks to queue
[2026-06-18T14:31:30.420+0000] {logging_mixin.py:190} INFO - [2026-06-18T14:31:30.420+0000] {dagbag.py:588} INFO - Filling up the DagBag from /opt/airflow/dags/dag.py
[2026-06-18T14:31:30.439+0000] {processor.py:925} INFO - DAG(s) 'f1_medallion_pipeline' retrieved from /opt/airflow/dags/dag.py
[2026-06-18T14:31:30.459+0000] {logging_mixin.py:190} INFO - [2026-06-18T14:31:30.459+0000] {dag.py:3239} INFO - Sync 1 DAGs
[2026-06-18T14:31:30.468+0000] {logging_mixin.py:190} INFO - [2026-06-18T14:31:30.468+0000] {dag.py:4180} INFO - Setting next_dagrun for f1_medallion_pipeline to None, run_after=None
[2026-06-18T14:31:30.481+0000] {processor.py:208} INFO - Processing /opt/airflow/dags/dag.py took 0.071 seconds
[2026-06-18T14:32:00.622+0000] {processor.py:186} INFO - Started process (PID=1073) to work on /opt/airflow/dags/dag.py
[2026-06-18T14:32:00.623+0000] {processor.py:914} INFO - Processing file /opt/airflow/dags/dag.py for tasks to queue
[2026-06-18T14:32:00.624+0000] {logging_mixin.py:190} INFO - [2026-06-18T14:32:00.623+0000] {dagbag.py:588} INFO - Filling up the DagBag from /opt/airflow/dags/dag.py
[2026-06-18T14:32:00.642+0000] {processor.py:925} INFO - DAG(s) 'f1_medallion_pipeline' retrieved from /opt/airflow/dags/dag.py
[2026-06-18T14:32:00.662+0000] {logging_mixin.py:190} INFO - [2026-06-18T14:32:00.662+0000] {dag.py:3239} INFO - Sync 1 DAGs
[2026-06-18T14:32:00.672+0000] {logging_mixin.py:190} INFO - [2026-06-18T14:32:00.672+0000] {dag.py:4180} INFO - Setting next_dagrun for f1_medallion_pipeline to None, run_after=None
[2026-06-18T14:32:00.685+0000] {processor.py:208} INFO - Processing /opt/airflow/dags/dag.py took 0.072 seconds
[2026-06-18T14:32:30.810+0000] {processor.py:186} INFO - Started process (PID=1078) to work on /opt/airflow/dags/dag.py
[2026-06-18T14:32:30.811+0000] {processor.py:914} INFO - Processing file /opt/airflow/dags/dag.py for tasks to queue
[2026-06-18T14:32:30.812+0000] {logging_mixin.py:190} INFO - [2026-06-18T14:32:30.812+0000] {dagbag.py:588} INFO - Filling up the DagBag from /opt/airflow/dags/dag.py
[2026-06-18T14:32:30.829+0000] {processor.py:925} INFO - DAG(s) 'f1_medallion_pipeline' retrieved from /opt/airflow/dags/dag.py
[2026-06-18T14:32:30.852+0000] {logging_mixin.py:190} INFO - [2026-06-18T14:32:30.852+0000] {dag.py:3239} INFO - Sync 1 DAGs
[2026-06-18T14:32:30.861+0000] {logging_mixin.py:190} INFO - [2026-06-18T14:32:30.861+0000] {dag.py:4180} INFO - Setting next_dagrun for f1_medallion_pipeline to None, run_after=None
[2026-06-18T14:32:30.873+0000] {processor.py:208} INFO - Processing /opt/airflow/dags/dag.py took 0.072 seconds
[2026-06-18T14:33:01.014+0000] {processor.py:186} INFO - Started process (PID=1083) to work on /opt/airflow/dags/dag.py
[2026-06-18T14:33:01.014+0000] {processor.py:914} INFO - Processing file /opt/airflow/dags/dag.py for tasks to queue
[2026-06-18T14:33:01.015+0000] {logging_mixin.py:190} INFO - [2026-06-18T14:33:01.015+0000] {dagbag.py:588} INFO - Filling up the DagBag from /opt/airflow/dags/dag.py
[2026-06-18T14:33:01.031+0000] {processor.py:925} INFO - DAG(s) 'f1_medallion_pipeline' retrieved from /opt/airflow/dags/dag.py
[2026-06-18T14:33:01.052+0000] {logging_mixin.py:190} INFO - [2026-06-18T14:33:01.052+0000] {dag.py:3239} INFO - Sync 1 DAGs
[2026-06-18T14:33:01.062+0000] {logging_mixin.py:190} INFO - [2026-06-18T14:33:01.062+0000] {dag.py:4180} INFO - Setting next_dagrun for f1_medallion_pipeline to None, run_after=None
[2026-06-18T14:33:01.075+0000] {processor.py:208} INFO - Processing /opt/airflow/dags/dag.py took 0.070 seconds
[2026-06-18T14:33:31.204+0000] {processor.py:186} INFO - Started process (PID=1088) to work on /opt/airflow/dags/dag.py
[2026-06-18T14:33:31.205+0000] {processor.py:914} INFO - Processing file /opt/airflow/dags/dag.py for tasks to queue
[2026-06-18T14:33:31.206+0000] {logging_mixin.py:190} INFO - [2026-06-18T14:33:31.205+0000] {dagbag.py:588} INFO - Filling up the DagBag from /opt/airflow/dags/dag.py
[2026-06-18T14:33:31.222+0000] {processor.py:925} INFO - DAG(s) 'f1_medallion_pipeline' retrieved from /opt/airflow/dags/dag.py
[2026-06-18T14:33:31.243+0000] {logging_mixin.py:190} INFO - [2026-06-18T14:33:31.243+0000] {dag.py:3239} INFO - Sync 1 DAGs
[2026-06-18T14:33:31.253+0000] {logging_mixin.py:190} INFO - [2026-06-18T14:33:31.253+0000] {dag.py:4180} INFO - Setting next_dagrun for f1_medallion_pipeline to None, run_after=None
[2026-06-18T14:33:31.267+0000] {processor.py:208} INFO - Processing /opt/airflow/dags/dag.py took 0.071 seconds
[2026-06-18T14:34:01.406+0000] {processor.py:186} INFO - Started process (PID=1093) to work on /opt/airflow/dags/dag.py
[2026-06-18T14:34:01.407+0000] {processor.py:914} INFO - Processing file /opt/airflow/dags/dag.py for tasks to queue
[2026-06-18T14:34:01.408+0000] {logging_mixin.py:190} INFO - [2026-06-18T14:34:01.408+0000] {dagbag.py:588} INFO - Filling up the DagBag from /opt/airflow/dags/dag.py
[2026-06-18T14:34:01.425+0000] {processor.py:925} INFO - DAG(s) 'f1_medallion_pipeline' retrieved from /opt/airflow/dags/dag.py
[2026-06-18T14:34:01.445+0000] {logging_mixin.py:190} INFO - [2026-06-18T14:34:01.444+0000] {dag.py:3239} INFO - Sync 1 DAGs
[2026-06-18T14:34:01.453+0000] {logging_mixin.py:190} INFO - [2026-06-18T14:34:01.453+0000] {dag.py:4180} INFO - Setting next_dagrun for f1_medallion_pipeline to None, run_after=None
[2026-06-18T14:34:01.465+0000] {processor.py:208} INFO - Processing /opt/airflow/dags/dag.py took 0.068 seconds
[2026-06-18T14:34:31.608+0000] {processor.py:186} INFO - Started process (PID=1098) to work on /opt/airflow/dags/dag.py
[2026-06-18T14:34:31.609+0000] {processor.py:914} INFO - Processing file /opt/airflow/dags/dag.py for tasks to queue
[2026-06-18T14:34:31.610+0000] {logging_mixin.py:190} INFO - [2026-06-18T14:34:31.610+0000] {dagbag.py:588} INFO - Filling up the DagBag from /opt/airflow/dags/dag.py
[2026-06-18T14:34:31.626+0000] {processor.py:925} INFO - DAG(s) 'f1_medallion_pipeline' retrieved from /opt/airflow/dags/dag.py
[2026-06-18T14:34:31.645+0000] {logging_mixin.py:190} INFO - [2026-06-18T14:34:31.645+0000] {dag.py:3239} INFO - Sync 1 DAGs
[2026-06-18T14:34:31.654+0000] {logging_mixin.py:190} INFO - [2026-06-18T14:34:31.654+0000] {dag.py:4180} INFO - Setting next_dagrun for f1_medallion_pipeline to None, run_after=None
[2026-06-18T14:34:31.666+0000] {processor.py:208} INFO - Processing /opt/airflow/dags/dag.py took 0.066 seconds
[2026-06-18T14:35:01.819+0000] {processor.py:186} INFO - Started process (PID=1103) to work on /opt/airflow/dags/dag.py
[2026-06-18T14:35:01.820+0000] {processor.py:914} INFO - Processing file /opt/airflow/dags/dag.py for tasks to queue
[2026-06-18T14:35:01.821+0000] {logging_mixin.py:190} INFO - [2026-06-18T14:35:01.820+0000] {dagbag.py:588} INFO - Filling up the DagBag from /opt/airflow/dags/dag.py
[2026-06-18T14:35:01.840+0000] {processor.py:925} INFO - DAG(s) 'f1_medallion_pipeline' retrieved from /opt/airflow/dags/dag.py
[2026-06-18T14:35:01.863+0000] {logging_mixin.py:190} INFO - [2026-06-18T14:35:01.863+0000] {dag.py:3239} INFO - Sync 1 DAGs
[2026-06-18T14:35:01.873+0000] {logging_mixin.py:190} INFO - [2026-06-18T14:35:01.872+0000] {dag.py:4180} INFO - Setting next_dagrun for f1_medallion_pipeline to None, run_after=None
[2026-06-18T14:35:01.886+0000] {processor.py:208} INFO - Processing /opt/airflow/dags/dag.py took 0.079 seconds
[2026-06-18T14:35:32.045+0000] {processor.py:186} INFO - Started process (PID=1108) to work on /opt/airflow/dags/dag.py
[2026-06-18T14:35:32.046+0000] {processor.py:914} INFO - Processing file /opt/airflow/dags/dag.py for tasks to queue
[2026-06-18T14:35:32.047+0000] {logging_mixin.py:190} INFO - [2026-06-18T14:35:32.047+0000] {dagbag.py:588} INFO - Filling up the DagBag from /opt/airflow/dags/dag.py
[2026-06-18T14:35:32.063+0000] {processor.py:925} INFO - DAG(s) 'f1_medallion_pipeline' retrieved from /opt/airflow/dags/dag.py
[2026-06-18T14:35:32.083+0000] {logging_mixin.py:190} INFO - [2026-06-18T14:35:32.083+0000] {dag.py:3239} INFO - Sync 1 DAGs
[2026-06-18T14:35:32.092+0000] {logging_mixin.py:190} INFO - [2026-06-18T14:35:32.091+0000] {dag.py:4180} INFO - Setting next_dagrun for f1_medallion_pipeline to None, run_after=None
[2026-06-18T14:35:32.105+0000] {processor.py:208} INFO - Processing /opt/airflow/dags/dag.py took 0.067 seconds
[2026-06-18T14:36:02.229+0000] {processor.py:186} INFO - Started process (PID=1113) to work on /opt/airflow/dags/dag.py
[2026-06-18T14:36:02.229+0000] {processor.py:914} INFO - Processing file /opt/airflow/dags/dag.py for tasks to queue
[2026-06-18T14:36:02.231+0000] {logging_mixin.py:190} INFO - [2026-06-18T14:36:02.230+0000] {dagbag.py:588} INFO - Filling up the DagBag from /opt/airflow/dags/dag.py
[2026-06-18T14:36:02.247+0000] {processor.py:925} INFO - DAG(s) 'f1_medallion_pipeline' retrieved from /opt/airflow/dags/dag.py
[2026-06-18T14:36:02.268+0000] {logging_mixin.py:190} INFO - [2026-06-18T14:36:02.268+0000] {dag.py:3239} INFO - Sync 1 DAGs
[2026-06-18T14:36:02.277+0000] {logging_mixin.py:190} INFO - [2026-06-18T14:36:02.277+0000] {dag.py:4180} INFO - Setting next_dagrun for f1_medallion_pipeline to None, run_after=None
[2026-06-18T14:36:02.290+0000] {processor.py:208} INFO - Processing /opt/airflow/dags/dag.py took 0.070 seconds
[2026-06-18T14:36:32.460+0000] {processor.py:186} INFO - Started process (PID=1118) to work on /opt/airflow/dags/dag.py
[2026-06-18T14:36:32.461+0000] {processor.py:914} INFO - Processing file /opt/airflow/dags/dag.py for tasks to queue
[2026-06-18T14:36:32.461+0000] {logging_mixin.py:190} INFO - [2026-06-18T14:36:32.461+0000] {dagbag.py:588} INFO - Filling up the DagBag from /opt/airflow/dags/dag.py
[2026-06-18T14:36:32.479+0000] {processor.py:925} INFO - DAG(s) 'f1_medallion_pipeline' retrieved from /opt/airflow/dags/dag.py
[2026-06-18T14:36:32.500+0000] {logging_mixin.py:190} INFO - [2026-06-18T14:36:32.500+0000] {dag.py:3239} INFO - Sync 1 DAGs
[2026-06-18T14:36:32.510+0000] {logging_mixin.py:190} INFO - [2026-06-18T14:36:32.509+0000] {dag.py:4180} INFO - Setting next_dagrun for f1_medallion_pipeline to None, run_after=None
[2026-06-18T14:36:32.522+0000] {processor.py:208} INFO - Processing /opt/airflow/dags/dag.py took 0.070 seconds
[2026-06-18T14:37:02.658+0000] {processor.py:186} INFO - Started process (PID=1123) to work on /opt/airflow/dags/dag.py
[2026-06-18T14:37:02.659+0000] {processor.py:914} INFO - Processing file /opt/airflow/dags/dag.py for tasks to queue
[2026-06-18T14:37:02.660+0000] {logging_mixin.py:190} INFO - [2026-06-18T14:37:02.659+0000] {dagbag.py:588} INFO - Filling up the DagBag from /opt/airflow/dags/dag.py
[2026-06-18T14:37:02.677+0000] {processor.py:925} INFO - DAG(s) 'f1_medallion_pipeline' retrieved from /opt/airflow/dags/dag.py
[2026-06-18T14:37:02.698+0000] {logging_mixin.py:190} INFO - [2026-06-18T14:37:02.698+0000] {dag.py:3239} INFO - Sync 1 DAGs
[2026-06-18T14:37:02.707+0000] {logging_mixin.py:190} INFO - [2026-06-18T14:37:02.706+0000] {dag.py:4180} INFO - Setting next_dagrun for f1_medallion_pipeline to None, run_after=None
[2026-06-18T14:37:02.721+0000] {processor.py:208} INFO - Processing /opt/airflow/dags/dag.py took 0.071 seconds
[2026-06-18T14:37:32.897+0000] {processor.py:186} INFO - Started process (PID=1128) to work on /opt/airflow/dags/dag.py
[2026-06-18T14:37:32.898+0000] {processor.py:914} INFO - Processing file /opt/airflow/dags/dag.py for tasks to queue
[2026-06-18T14:37:32.899+0000] {logging_mixin.py:190} INFO - [2026-06-18T14:37:32.899+0000] {dagbag.py:588} INFO - Filling up the DagBag from /opt/airflow/dags/dag.py
[2026-06-18T14:37:32.915+0000] {processor.py:925} INFO - DAG(s) 'f1_medallion_pipeline' retrieved from /opt/airflow/dags/dag.py
[2026-06-18T14:37:32.936+0000] {logging_mixin.py:190} INFO - [2026-06-18T14:37:32.935+0000] {dag.py:3239} INFO - Sync 1 DAGs
[2026-06-18T14:37:32.944+0000] {logging_mixin.py:190} INFO - [2026-06-18T14:37:32.944+0000] {dag.py:4180} INFO - Setting next_dagrun for f1_medallion_pipeline to None, run_after=None
[2026-06-18T14:37:32.958+0000] {processor.py:208} INFO - Processing /opt/airflow/dags/dag.py took 0.071 seconds
[2026-06-18T14:38:03.084+0000] {processor.py:186} INFO - Started process (PID=1133) to work on /opt/airflow/dags/dag.py
[2026-06-18T14:38:03.084+0000] {processor.py:914} INFO - Processing file /opt/airflow/dags/dag.py for tasks to queue
[2026-06-18T14:38:03.085+0000] {logging_mixin.py:190} INFO - [2026-06-18T14:38:03.085+0000] {dagbag.py:588} INFO - Filling up the DagBag from /opt/airflow/dags/dag.py
[2026-06-18T14:38:03.102+0000] {processor.py:925} INFO - DAG(s) 'f1_medallion_pipeline' retrieved from /opt/airflow/dags/dag.py
[2026-06-18T14:38:03.124+0000] {logging_mixin.py:190} INFO - [2026-06-18T14:38:03.124+0000] {dag.py:3239} INFO - Sync 1 DAGs
[2026-06-18T14:38:03.133+0000] {logging_mixin.py:190} INFO - [2026-06-18T14:38:03.132+0000] {dag.py:4180} INFO - Setting next_dagrun for f1_medallion_pipeline to None, run_after=None
[2026-06-18T14:38:03.145+0000] {processor.py:208} INFO - Processing /opt/airflow/dags/dag.py took 0.069 seconds
[2026-06-18T14:38:33.306+0000] {processor.py:186} INFO - Started process (PID=1138) to work on /opt/airflow/dags/dag.py
[2026-06-18T14:38:33.306+0000] {processor.py:914} INFO - Processing file /opt/airflow/dags/dag.py for tasks to queue
[2026-06-18T14:38:33.307+0000] {logging_mixin.py:190} INFO - [2026-06-18T14:38:33.307+0000] {dagbag.py:588} INFO - Filling up the DagBag from /opt/airflow/dags/dag.py
[2026-06-18T14:38:33.324+0000] {processor.py:925} INFO - DAG(s) 'f1_medallion_pipeline' retrieved from /opt/airflow/dags/dag.py
[2026-06-18T14:38:33.345+0000] {logging_mixin.py:190} INFO - [2026-06-18T14:38:33.345+0000] {dag.py:3239} INFO - Sync 1 DAGs
[2026-06-18T14:38:33.354+0000] {logging_mixin.py:190} INFO - [2026-06-18T14:38:33.354+0000] {dag.py:4180} INFO - Setting next_dagrun for f1_medallion_pipeline to None, run_after=None
[2026-06-18T14:38:33.368+0000] {processor.py:208} INFO - Processing /opt/airflow/dags/dag.py took 0.072 seconds
[2026-06-18T14:39:03.490+0000] {processor.py:186} INFO - Started process (PID=1143) to work on /opt/airflow/dags/dag.py
[2026-06-18T14:39:03.491+0000] {processor.py:914} INFO - Processing file /opt/airflow/dags/dag.py for tasks to queue
[2026-06-18T14:39:03.492+0000] {logging_mixin.py:190} INFO - [2026-06-18T14:39:03.491+0000] {dagbag.py:588} INFO - Filling up the DagBag from /opt/airflow/dags/dag.py
[2026-06-18T14:39:03.508+0000] {processor.py:925} INFO - DAG(s) 'f1_medallion_pipeline' retrieved from /opt/airflow/dags/dag.py
[2026-06-18T14:39:03.530+0000] {logging_mixin.py:190} INFO - [2026-06-18T14:39:03.530+0000] {dag.py:3239} INFO - Sync 1 DAGs
[2026-06-18T14:39:03.540+0000] {logging_mixin.py:190} INFO - [2026-06-18T14:39:03.540+0000] {dag.py:4180} INFO - Setting next_dagrun for f1_medallion_pipeline to None, run_after=None
[2026-06-18T14:39:03.554+0000] {processor.py:208} INFO - Processing /opt/airflow/dags/dag.py took 0.074 seconds
[2026-06-18T14:39:33.717+0000] {processor.py:186} INFO - Started process (PID=1148) to work on /opt/airflow/dags/dag.py
[2026-06-18T14:39:33.718+0000] {processor.py:914} INFO - Processing file /opt/airflow/dags/dag.py for tasks to queue
[2026-06-18T14:39:33.719+0000] {logging_mixin.py:190} INFO - [2026-06-18T14:39:33.719+0000] {dagbag.py:588} INFO - Filling up the DagBag from /opt/airflow/dags/dag.py
[2026-06-18T14:39:33.739+0000] {processor.py:925} INFO - DAG(s) 'f1_medallion_pipeline' retrieved from /opt/airflow/dags/dag.py
[2026-06-18T14:39:33.761+0000] {logging_mixin.py:190} INFO - [2026-06-18T14:39:33.761+0000] {dag.py:3239} INFO - Sync 1 DAGs
[2026-06-18T14:39:33.771+0000] {logging_mixin.py:190} INFO - [2026-06-18T14:39:33.771+0000] {dag.py:4180} INFO - Setting next_dagrun for f1_medallion_pipeline to None, run_after=None
[2026-06-18T14:39:33.786+0000] {processor.py:208} INFO - Processing /opt/airflow/dags/dag.py took 0.078 seconds
[2026-06-18T14:40:03.906+0000] {processor.py:186} INFO - Started process (PID=1153) to work on /opt/airflow/dags/dag.py
[2026-06-18T14:40:03.908+0000] {processor.py:914} INFO - Processing file /opt/airflow/dags/dag.py for tasks to queue
[2026-06-18T14:40:03.909+0000] {logging_mixin.py:190} INFO - [2026-06-18T14:40:03.909+0000] {dagbag.py:588} INFO - Filling up the DagBag from /opt/airflow/dags/dag.py
[2026-06-18T14:40:03.929+0000] {processor.py:925} INFO - DAG(s) 'f1_medallion_pipeline' retrieved from /opt/airflow/dags/dag.py
[2026-06-18T14:40:04.096+0000] {logging_mixin.py:190} INFO - [2026-06-18T14:40:04.096+0000] {dag.py:3239} INFO - Sync 1 DAGs
[2026-06-18T14:40:04.105+0000] {logging_mixin.py:190} INFO - [2026-06-18T14:40:04.105+0000] {dag.py:4180} INFO - Setting next_dagrun for f1_medallion_pipeline to None, run_after=None
[2026-06-18T14:40:04.121+0000] {processor.py:208} INFO - Processing /opt/airflow/dags/dag.py took 0.225 seconds
[2026-06-18T14:40:34.321+0000] {processor.py:186} INFO - Started process (PID=1158) to work on /opt/airflow/dags/dag.py
[2026-06-18T14:40:34.322+0000] {processor.py:914} INFO - Processing file /opt/airflow/dags/dag.py for tasks to queue
[2026-06-18T14:40:34.323+0000] {logging_mixin.py:190} INFO - [2026-06-18T14:40:34.322+0000] {dagbag.py:588} INFO - Filling up the DagBag from /opt/airflow/dags/dag.py
[2026-06-18T14:40:34.338+0000] {processor.py:925} INFO - DAG(s) 'f1_medallion_pipeline' retrieved from /opt/airflow/dags/dag.py
[2026-06-18T14:40:34.365+0000] {logging_mixin.py:190} INFO - [2026-06-18T14:40:34.365+0000] {dag.py:3239} INFO - Sync 1 DAGs
[2026-06-18T14:40:34.376+0000] {logging_mixin.py:190} INFO - [2026-06-18T14:40:34.376+0000] {dag.py:4180} INFO - Setting next_dagrun for f1_medallion_pipeline to None, run_after=None
[2026-06-18T14:40:34.392+0000] {processor.py:208} INFO - Processing /opt/airflow/dags/dag.py took 0.079 seconds
[2026-06-18T14:41:04.489+0000] {processor.py:186} INFO - Started process (PID=1163) to work on /opt/airflow/dags/dag.py
[2026-06-18T14:41:04.490+0000] {processor.py:914} INFO - Processing file /opt/airflow/dags/dag.py for tasks to queue
[2026-06-18T14:41:04.490+0000] {logging_mixin.py:190} INFO - [2026-06-18T14:41:04.490+0000] {dagbag.py:588} INFO - Filling up the DagBag from /opt/airflow/dags/dag.py
[2026-06-18T14:41:04.505+0000] {processor.py:925} INFO - DAG(s) 'f1_medallion_pipeline' retrieved from /opt/airflow/dags/dag.py
[2026-06-18T14:41:04.531+0000] {logging_mixin.py:190} INFO - [2026-06-18T14:41:04.531+0000] {dag.py:3239} INFO - Sync 1 DAGs
[2026-06-18T14:41:04.540+0000] {logging_mixin.py:190} INFO - [2026-06-18T14:41:04.540+0000] {dag.py:4180} INFO - Setting next_dagrun for f1_medallion_pipeline to None, run_after=None
[2026-06-18T14:41:04.552+0000] {processor.py:208} INFO - Processing /opt/airflow/dags/dag.py took 0.070 seconds
[2026-06-18T14:41:34.743+0000] {processor.py:186} INFO - Started process (PID=1168) to work on /opt/airflow/dags/dag.py
[2026-06-18T14:41:34.744+0000] {processor.py:914} INFO - Processing file /opt/airflow/dags/dag.py for tasks to queue
[2026-06-18T14:41:34.744+0000] {logging_mixin.py:190} INFO - [2026-06-18T14:41:34.744+0000] {dagbag.py:588} INFO - Filling up the DagBag from /opt/airflow/dags/dag.py
[2026-06-18T14:41:34.764+0000] {processor.py:925} INFO - DAG(s) 'f1_medallion_pipeline' retrieved from /opt/airflow/dags/dag.py
[2026-06-18T14:41:34.790+0000] {logging_mixin.py:190} INFO - [2026-06-18T14:41:34.790+0000] {dag.py:3239} INFO - Sync 1 DAGs
[2026-06-18T14:41:34.799+0000] {logging_mixin.py:190} INFO - [2026-06-18T14:41:34.799+0000] {dag.py:4180} INFO - Setting next_dagrun for f1_medallion_pipeline to None, run_after=None
[2026-06-18T14:41:34.814+0000] {processor.py:208} INFO - Processing /opt/airflow/dags/dag.py took 0.080 seconds
[2026-06-18T14:42:04.922+0000] {processor.py:186} INFO - Started process (PID=1173) to work on /opt/airflow/dags/dag.py
[2026-06-18T14:42:04.923+0000] {processor.py:914} INFO - Processing file /opt/airflow/dags/dag.py for tasks to queue
[2026-06-18T14:42:04.924+0000] {logging_mixin.py:190} INFO - [2026-06-18T14:42:04.924+0000] {dagbag.py:588} INFO - Filling up the DagBag from /opt/airflow/dags/dag.py
[2026-06-18T14:42:04.941+0000] {processor.py:925} INFO - DAG(s) 'f1_medallion_pipeline' retrieved from /opt/airflow/dags/dag.py
[2026-06-18T14:42:04.979+0000] {logging_mixin.py:190} INFO - [2026-06-18T14:42:04.979+0000] {dag.py:3239} INFO - Sync 1 DAGs
[2026-06-18T14:42:04.988+0000] {logging_mixin.py:190} INFO - [2026-06-18T14:42:04.988+0000] {dag.py:4180} INFO - Setting next_dagrun for f1_medallion_pipeline to None, run_after=None
[2026-06-18T14:42:05.002+0000] {processor.py:208} INFO - Processing /opt/airflow/dags/dag.py took 0.088 seconds
[2026-06-18T14:42:35.168+0000] {processor.py:186} INFO - Started process (PID=1178) to work on /opt/airflow/dags/dag.py
[2026-06-18T14:42:35.168+0000] {processor.py:914} INFO - Processing file /opt/airflow/dags/dag.py for tasks to queue
[2026-06-18T14:42:35.169+0000] {logging_mixin.py:190} INFO - [2026-06-18T14:42:35.169+0000] {dagbag.py:588} INFO - Filling up the DagBag from /opt/airflow/dags/dag.py
[2026-06-18T14:42:35.187+0000] {processor.py:925} INFO - DAG(s) 'f1_medallion_pipeline' retrieved from /opt/airflow/dags/dag.py
[2026-06-18T14:42:35.215+0000] {logging_mixin.py:190} INFO - [2026-06-18T14:42:35.215+0000] {dag.py:3239} INFO - Sync 1 DAGs
[2026-06-18T14:42:35.224+0000] {logging_mixin.py:190} INFO - [2026-06-18T14:42:35.224+0000] {dag.py:4180} INFO - Setting next_dagrun for f1_medallion_pipeline to None, run_after=None
[2026-06-18T14:42:35.238+0000] {processor.py:208} INFO - Processing /opt/airflow/dags/dag.py took 0.078 seconds
[2026-06-18T14:43:05.343+0000] {processor.py:186} INFO - Started process (PID=1183) to work on /opt/airflow/dags/dag.py
[2026-06-18T14:43:05.343+0000] {processor.py:914} INFO - Processing file /opt/airflow/dags/dag.py for tasks to queue
[2026-06-18T14:43:05.344+0000] {logging_mixin.py:190} INFO - [2026-06-18T14:43:05.344+0000] {dagbag.py:588} INFO - Filling up the DagBag from /opt/airflow/dags/dag.py
[2026-06-18T14:43:05.360+0000] {processor.py:925} INFO - DAG(s) 'f1_medallion_pipeline' retrieved from /opt/airflow/dags/dag.py
[2026-06-18T14:43:05.388+0000] {logging_mixin.py:190} INFO - [2026-06-18T14:43:05.388+0000] {dag.py:3239} INFO - Sync 1 DAGs
[2026-06-18T14:43:05.397+0000] {logging_mixin.py:190} INFO - [2026-06-18T14:43:05.397+0000] {dag.py:4180} INFO - Setting next_dagrun for f1_medallion_pipeline to None, run_after=None
[2026-06-18T14:43:05.409+0000] {processor.py:208} INFO - Processing /opt/airflow/dags/dag.py took 0.074 seconds
[2026-06-18T14:43:35.586+0000] {processor.py:186} INFO - Started process (PID=1188) to work on /opt/airflow/dags/dag.py
[2026-06-18T14:43:35.586+0000] {processor.py:914} INFO - Processing file /opt/airflow/dags/dag.py for tasks to queue
[2026-06-18T14:43:35.587+0000] {logging_mixin.py:190} INFO - [2026-06-18T14:43:35.587+0000] {dagbag.py:588} INFO - Filling up the DagBag from /opt/airflow/dags/dag.py
[2026-06-18T14:43:35.610+0000] {processor.py:925} INFO - DAG(s) 'f1_medallion_pipeline' retrieved from /opt/airflow/dags/dag.py
[2026-06-18T14:43:35.630+0000] {logging_mixin.py:190} INFO - [2026-06-18T14:43:35.630+0000] {dag.py:3239} INFO - Sync 1 DAGs
[2026-06-18T14:43:35.640+0000] {logging_mixin.py:190} INFO - [2026-06-18T14:43:35.639+0000] {dag.py:4180} INFO - Setting next_dagrun for f1_medallion_pipeline to None, run_after=None
[2026-06-18T14:43:35.654+0000] {processor.py:208} INFO - Processing /opt/airflow/dags/dag.py took 0.076 seconds
[2026-06-18T14:44:05.776+0000] {processor.py:186} INFO - Started process (PID=1193) to work on /opt/airflow/dags/dag.py
[2026-06-18T14:44:05.777+0000] {processor.py:914} INFO - Processing file /opt/airflow/dags/dag.py for tasks to queue
[2026-06-18T14:44:05.778+0000] {logging_mixin.py:190} INFO - [2026-06-18T14:44:05.778+0000] {dagbag.py:588} INFO - Filling up the DagBag from /opt/airflow/dags/dag.py
[2026-06-18T14:44:05.810+0000] {processor.py:925} INFO - DAG(s) 'f1_medallion_pipeline' retrieved from /opt/airflow/dags/dag.py
[2026-06-18T14:44:05.835+0000] {logging_mixin.py:190} INFO - [2026-06-18T14:44:05.835+0000] {dag.py:3239} INFO - Sync 1 DAGs
[2026-06-18T14:44:05.845+0000] {logging_mixin.py:190} INFO - [2026-06-18T14:44:05.845+0000] {dag.py:4180} INFO - Setting next_dagrun for f1_medallion_pipeline to None, run_after=None
[2026-06-18T14:44:05.862+0000] {processor.py:208} INFO - Processing /opt/airflow/dags/dag.py took 0.094 seconds
[2026-06-18T14:44:35.996+0000] {processor.py:186} INFO - Started process (PID=1198) to work on /opt/airflow/dags/dag.py
[2026-06-18T14:44:35.997+0000] {processor.py:914} INFO - Processing file /opt/airflow/dags/dag.py for tasks to queue
[2026-06-18T14:44:35.998+0000] {logging_mixin.py:190} INFO - [2026-06-18T14:44:35.998+0000] {dagbag.py:588} INFO - Filling up the DagBag from /opt/airflow/dags/dag.py
[2026-06-18T14:44:36.023+0000] {processor.py:925} INFO - DAG(s) 'f1_medallion_pipeline' retrieved from /opt/airflow/dags/dag.py
[2026-06-18T14:44:36.042+0000] {logging_mixin.py:190} INFO - [2026-06-18T14:44:36.042+0000] {dag.py:3239} INFO - Sync 1 DAGs
[2026-06-18T14:44:36.051+0000] {logging_mixin.py:190} INFO - [2026-06-18T14:44:36.051+0000] {dag.py:4180} INFO - Setting next_dagrun for f1_medallion_pipeline to None, run_after=None
[2026-06-18T14:44:36.062+0000] {processor.py:208} INFO - Processing /opt/airflow/dags/dag.py took 0.074 seconds
[2026-06-18T14:45:06.182+0000] {processor.py:186} INFO - Started process (PID=1203) to work on /opt/airflow/dags/dag.py
[2026-06-18T14:45:06.183+0000] {processor.py:914} INFO - Processing file /opt/airflow/dags/dag.py for tasks to queue
[2026-06-18T14:45:06.184+0000] {logging_mixin.py:190} INFO - [2026-06-18T14:45:06.184+0000] {dagbag.py:588} INFO - Filling up the DagBag from /opt/airflow/dags/dag.py
[2026-06-18T14:45:06.205+0000] {processor.py:925} INFO - DAG(s) 'f1_medallion_pipeline' retrieved from /opt/airflow/dags/dag.py
[2026-06-18T14:45:06.223+0000] {logging_mixin.py:190} INFO - [2026-06-18T14:45:06.223+0000] {dag.py:3239} INFO - Sync 1 DAGs
[2026-06-18T14:45:06.232+0000] {logging_mixin.py:190} INFO - [2026-06-18T14:45:06.232+0000] {dag.py:4180} INFO - Setting next_dagrun for f1_medallion_pipeline to None, run_after=None
[2026-06-18T14:45:06.249+0000] {processor.py:208} INFO - Processing /opt/airflow/dags/dag.py took 0.075 seconds
[2026-06-18T14:45:36.406+0000] {processor.py:186} INFO - Started process (PID=1208) to work on /opt/airflow/dags/dag.py
[2026-06-18T14:45:36.406+0000] {processor.py:914} INFO - Processing file /opt/airflow/dags/dag.py for tasks to queue
[2026-06-18T14:45:36.407+0000] {logging_mixin.py:190} INFO - [2026-06-18T14:45:36.407+0000] {dagbag.py:588} INFO - Filling up the DagBag from /opt/airflow/dags/dag.py
[2026-06-18T14:45:36.433+0000] {processor.py:925} INFO - DAG(s) 'f1_medallion_pipeline' retrieved from /opt/airflow/dags/dag.py
[2026-06-18T14:45:36.451+0000] {logging_mixin.py:190} INFO - [2026-06-18T14:45:36.451+0000] {dag.py:3239} INFO - Sync 1 DAGs
[2026-06-18T14:45:36.460+0000] {logging_mixin.py:190} INFO - [2026-06-18T14:45:36.460+0000] {dag.py:4180} INFO - Setting next_dagrun for f1_medallion_pipeline to None, run_after=None
[2026-06-18T14:45:36.474+0000] {processor.py:208} INFO - Processing /opt/airflow/dags/dag.py took 0.078 seconds
[2026-06-18T14:46:06.594+0000] {processor.py:186} INFO - Started process (PID=1213) to work on /opt/airflow/dags/dag.py
[2026-06-18T14:46:06.596+0000] {processor.py:914} INFO - Processing file /opt/airflow/dags/dag.py for tasks to queue
[2026-06-18T14:46:06.602+0000] {logging_mixin.py:190} INFO - [2026-06-18T14:46:06.601+0000] {dagbag.py:588} INFO - Filling up the DagBag from /opt/airflow/dags/dag.py
[2026-06-18T14:46:06.625+0000] {processor.py:925} INFO - DAG(s) 'f1_medallion_pipeline' retrieved from /opt/airflow/dags/dag.py
[2026-06-18T14:46:06.649+0000] {logging_mixin.py:190} INFO - [2026-06-18T14:46:06.649+0000] {dag.py:3239} INFO - Sync 1 DAGs
[2026-06-18T14:46:06.659+0000] {logging_mixin.py:190} INFO - [2026-06-18T14:46:06.659+0000] {dag.py:4180} INFO - Setting next_dagrun for f1_medallion_pipeline to None, run_after=None
[2026-06-18T14:46:06.672+0000] {processor.py:208} INFO - Processing /opt/airflow/dags/dag.py took 0.091 seconds
[2026-06-18T14:46:36.806+0000] {processor.py:186} INFO - Started process (PID=1218) to work on /opt/airflow/dags/dag.py
[2026-06-18T14:46:36.806+0000] {processor.py:914} INFO - Processing file /opt/airflow/dags/dag.py for tasks to queue
[2026-06-18T14:46:36.807+0000] {logging_mixin.py:190} INFO - [2026-06-18T14:46:36.807+0000] {dagbag.py:588} INFO - Filling up the DagBag from /opt/airflow/dags/dag.py
[2026-06-18T14:46:36.823+0000] {processor.py:925} INFO - DAG(s) 'f1_medallion_pipeline' retrieved from /opt/airflow/dags/dag.py
[2026-06-18T14:46:36.843+0000] {logging_mixin.py:190} INFO - [2026-06-18T14:46:36.843+0000] {dag.py:3239} INFO - Sync 1 DAGs
[2026-06-18T14:46:36.851+0000] {logging_mixin.py:190} INFO - [2026-06-18T14:46:36.851+0000] {dag.py:4180} INFO - Setting next_dagrun for f1_medallion_pipeline to None, run_after=None
[2026-06-18T14:46:36.864+0000] {processor.py:208} INFO - Processing /opt/airflow/dags/dag.py took 0.068 seconds
[2026-06-18T14:47:06.990+0000] {processor.py:186} INFO - Started process (PID=1223) to work on /opt/airflow/dags/dag.py
[2026-06-18T14:47:06.990+0000] {processor.py:914} INFO - Processing file /opt/airflow/dags/dag.py for tasks to queue
[2026-06-18T14:47:06.991+0000] {logging_mixin.py:190} INFO - [2026-06-18T14:47:06.991+0000] {dagbag.py:588} INFO - Filling up the DagBag from /opt/airflow/dags/dag.py
[2026-06-18T14:47:07.008+0000] {processor.py:925} INFO - DAG(s) 'f1_medallion_pipeline' retrieved from /opt/airflow/dags/dag.py
[2026-06-18T14:47:07.028+0000] {logging_mixin.py:190} INFO - [2026-06-18T14:47:07.027+0000] {dag.py:3239} INFO - Sync 1 DAGs
[2026-06-18T14:47:07.036+0000] {logging_mixin.py:190} INFO - [2026-06-18T14:47:07.036+0000] {dag.py:4180} INFO - Setting next_dagrun for f1_medallion_pipeline to None, run_after=None
[2026-06-18T14:47:07.048+0000] {processor.py:208} INFO - Processing /opt/airflow/dags/dag.py took 0.066 seconds
[2026-06-18T14:47:37.183+0000] {processor.py:186} INFO - Started process (PID=1228) to work on /opt/airflow/dags/dag.py
[2026-06-18T14:47:37.183+0000] {processor.py:914} INFO - Processing file /opt/airflow/dags/dag.py for tasks to queue
[2026-06-18T14:47:37.184+0000] {logging_mixin.py:190} INFO - [2026-06-18T14:47:37.184+0000] {dagbag.py:588} INFO - Filling up the DagBag from /opt/airflow/dags/dag.py
[2026-06-18T14:47:37.202+0000] {processor.py:925} INFO - DAG(s) 'f1_medallion_pipeline' retrieved from /opt/airflow/dags/dag.py
[2026-06-18T14:47:37.222+0000] {logging_mixin.py:190} INFO - [2026-06-18T14:47:37.221+0000] {dag.py:3239} INFO - Sync 1 DAGs
[2026-06-18T14:47:37.231+0000] {logging_mixin.py:190} INFO - [2026-06-18T14:47:37.231+0000] {dag.py:4180} INFO - Setting next_dagrun for f1_medallion_pipeline to None, run_after=None
[2026-06-18T14:47:37.242+0000] {processor.py:208} INFO - Processing /opt/airflow/dags/dag.py took 0.067 seconds
[2026-06-18T14:48:07.371+0000] {processor.py:186} INFO - Started process (PID=1233) to work on /opt/airflow/dags/dag.py
[2026-06-18T14:48:07.371+0000] {processor.py:914} INFO - Processing file /opt/airflow/dags/dag.py for tasks to queue
[2026-06-18T14:48:07.372+0000] {logging_mixin.py:190} INFO - [2026-06-18T14:48:07.372+0000] {dagbag.py:588} INFO - Filling up the DagBag from /opt/airflow/dags/dag.py
[2026-06-18T14:48:07.393+0000] {processor.py:925} INFO - DAG(s) 'f1_medallion_pipeline' retrieved from /opt/airflow/dags/dag.py
[2026-06-18T14:48:07.415+0000] {logging_mixin.py:190} INFO - [2026-06-18T14:48:07.415+0000] {dag.py:3239} INFO - Sync 1 DAGs
[2026-06-18T14:48:07.424+0000] {logging_mixin.py:190} INFO - [2026-06-18T14:48:07.424+0000] {dag.py:4180} INFO - Setting next_dagrun for f1_medallion_pipeline to None, run_after=None
[2026-06-18T14:48:07.436+0000] {processor.py:208} INFO - Processing /opt/airflow/dags/dag.py took 0.075 seconds
[2026-06-18T14:48:37.555+0000] {processor.py:186} INFO - Started process (PID=1238) to work on /opt/airflow/dags/dag.py
[2026-06-18T14:48:37.556+0000] {processor.py:914} INFO - Processing file /opt/airflow/dags/dag.py for tasks to queue
[2026-06-18T14:48:37.557+0000] {logging_mixin.py:190} INFO - [2026-06-18T14:48:37.557+0000] {dagbag.py:588} INFO - Filling up the DagBag from /opt/airflow/dags/dag.py
[2026-06-18T14:48:37.572+0000] {processor.py:925} INFO - DAG(s) 'f1_medallion_pipeline' retrieved from /opt/airflow/dags/dag.py
[2026-06-18T14:48:37.591+0000] {logging_mixin.py:190} INFO - [2026-06-18T14:48:37.591+0000] {dag.py:3239} INFO - Sync 1 DAGs
[2026-06-18T14:48:37.600+0000] {logging_mixin.py:190} INFO - [2026-06-18T14:48:37.600+0000] {dag.py:4180} INFO - Setting next_dagrun for f1_medallion_pipeline to None, run_after=None
[2026-06-18T14:48:37.612+0000] {processor.py:208} INFO - Processing /opt/airflow/dags/dag.py took 0.064 seconds
[2026-06-18T14:49:07.756+0000] {processor.py:186} INFO - Started process (PID=1243) to work on /opt/airflow/dags/dag.py
[2026-06-18T14:49:07.756+0000] {processor.py:914} INFO - Processing file /opt/airflow/dags/dag.py for tasks to queue
[2026-06-18T14:49:07.757+0000] {logging_mixin.py:190} INFO - [2026-06-18T14:49:07.757+0000] {dagbag.py:588} INFO - Filling up the DagBag from /opt/airflow/dags/dag.py
[2026-06-18T14:49:07.775+0000] {processor.py:925} INFO - DAG(s) 'f1_medallion_pipeline' retrieved from /opt/airflow/dags/dag.py
[2026-06-18T14:49:07.797+0000] {logging_mixin.py:190} INFO - [2026-06-18T14:49:07.797+0000] {dag.py:3239} INFO - Sync 1 DAGs
[2026-06-18T14:49:07.806+0000] {logging_mixin.py:190} INFO - [2026-06-18T14:49:07.806+0000] {dag.py:4180} INFO - Setting next_dagrun for f1_medallion_pipeline to None, run_after=None
[2026-06-18T14:49:07.820+0000] {processor.py:208} INFO - Processing /opt/airflow/dags/dag.py took 0.073 seconds
[2026-06-18T14:49:37.951+0000] {processor.py:186} INFO - Started process (PID=1248) to work on /opt/airflow/dags/dag.py
[2026-06-18T14:49:37.952+0000] {processor.py:914} INFO - Processing file /opt/airflow/dags/dag.py for tasks to queue
[2026-06-18T14:49:37.953+0000] {logging_mixin.py:190} INFO - [2026-06-18T14:49:37.953+0000] {dagbag.py:588} INFO - Filling up the DagBag from /opt/airflow/dags/dag.py
[2026-06-18T14:49:37.983+0000] {processor.py:925} INFO - DAG(s) 'f1_medallion_pipeline' retrieved from /opt/airflow/dags/dag.py
[2026-06-18T14:49:38.014+0000] {logging_mixin.py:190} INFO - [2026-06-18T14:49:38.014+0000] {dag.py:3239} INFO - Sync 1 DAGs
[2026-06-18T14:49:38.025+0000] {logging_mixin.py:190} INFO - [2026-06-18T14:49:38.024+0000] {dag.py:4180} INFO - Setting next_dagrun for f1_medallion_pipeline to None, run_after=None
[2026-06-18T14:49:38.040+0000] {processor.py:208} INFO - Processing /opt/airflow/dags/dag.py took 0.101 seconds
[2026-06-18T14:50:08.130+0000] {processor.py:186} INFO - Started process (PID=1253) to work on /opt/airflow/dags/dag.py
[2026-06-18T14:50:08.130+0000] {processor.py:914} INFO - Processing file /opt/airflow/dags/dag.py for tasks to queue
[2026-06-18T14:50:08.131+0000] {logging_mixin.py:190} INFO - [2026-06-18T14:50:08.131+0000] {dagbag.py:588} INFO - Filling up the DagBag from /opt/airflow/dags/dag.py
[2026-06-18T14:50:08.150+0000] {processor.py:925} INFO - DAG(s) 'f1_medallion_pipeline' retrieved from /opt/airflow/dags/dag.py
[2026-06-18T14:50:08.170+0000] {logging_mixin.py:190} INFO - [2026-06-18T14:50:08.170+0000] {dag.py:3239} INFO - Sync 1 DAGs
[2026-06-18T14:50:08.179+0000] {logging_mixin.py:190} INFO - [2026-06-18T14:50:08.179+0000] {dag.py:4180} INFO - Setting next_dagrun for f1_medallion_pipeline to None, run_after=None
[2026-06-18T14:50:08.193+0000] {processor.py:208} INFO - Processing /opt/airflow/dags/dag.py took 0.070 seconds
[2026-06-18T14:50:38.372+0000] {processor.py:186} INFO - Started process (PID=1258) to work on /opt/airflow/dags/dag.py
[2026-06-18T14:50:38.372+0000] {processor.py:914} INFO - Processing file /opt/airflow/dags/dag.py for tasks to queue
[2026-06-18T14:50:38.373+0000] {logging_mixin.py:190} INFO - [2026-06-18T14:50:38.373+0000] {dagbag.py:588} INFO - Filling up the DagBag from /opt/airflow/dags/dag.py
[2026-06-18T14:50:38.390+0000] {processor.py:925} INFO - DAG(s) 'f1_medallion_pipeline' retrieved from /opt/airflow/dags/dag.py
[2026-06-18T14:50:38.409+0000] {logging_mixin.py:190} INFO - [2026-06-18T14:50:38.409+0000] {dag.py:3239} INFO - Sync 1 DAGs
[2026-06-18T14:50:38.418+0000] {logging_mixin.py:190} INFO - [2026-06-18T14:50:38.418+0000] {dag.py:4180} INFO - Setting next_dagrun for f1_medallion_pipeline to None, run_after=None
[2026-06-18T14:50:38.430+0000] {processor.py:208} INFO - Processing /opt/airflow/dags/dag.py took 0.067 seconds
[2026-06-18T14:51:08.537+0000] {processor.py:186} INFO - Started process (PID=1263) to work on /opt/airflow/dags/dag.py
[2026-06-18T14:51:08.537+0000] {processor.py:914} INFO - Processing file /opt/airflow/dags/dag.py for tasks to queue
[2026-06-18T14:51:08.539+0000] {logging_mixin.py:190} INFO - [2026-06-18T14:51:08.538+0000] {dagbag.py:588} INFO - Filling up the DagBag from /opt/airflow/dags/dag.py
[2026-06-18T14:51:08.558+0000] {processor.py:925} INFO - DAG(s) 'f1_medallion_pipeline' retrieved from /opt/airflow/dags/dag.py
[2026-06-18T14:51:08.578+0000] {logging_mixin.py:190} INFO - [2026-06-18T14:51:08.577+0000] {dag.py:3239} INFO - Sync 1 DAGs
[2026-06-18T14:51:08.587+0000] {logging_mixin.py:190} INFO - [2026-06-18T14:51:08.587+0000] {dag.py:4180} INFO - Setting next_dagrun for f1_medallion_pipeline to None, run_after=None
[2026-06-18T14:51:08.601+0000] {processor.py:208} INFO - Processing /opt/airflow/dags/dag.py took 0.074 seconds
[2026-06-18T14:51:38.741+0000] {processor.py:186} INFO - Started process (PID=1268) to work on /opt/airflow/dags/dag.py
[2026-06-18T14:51:38.742+0000] {processor.py:914} INFO - Processing file /opt/airflow/dags/dag.py for tasks to queue
[2026-06-18T14:51:38.743+0000] {logging_mixin.py:190} INFO - [2026-06-18T14:51:38.743+0000] {dagbag.py:588} INFO - Filling up the DagBag from /opt/airflow/dags/dag.py
[2026-06-18T14:51:38.759+0000] {processor.py:925} INFO - DAG(s) 'f1_medallion_pipeline' retrieved from /opt/airflow/dags/dag.py
[2026-06-18T14:51:38.779+0000] {logging_mixin.py:190} INFO - [2026-06-18T14:51:38.779+0000] {dag.py:3239} INFO - Sync 1 DAGs
[2026-06-18T14:51:38.788+0000] {logging_mixin.py:190} INFO - [2026-06-18T14:51:38.788+0000] {dag.py:4180} INFO - Setting next_dagrun for f1_medallion_pipeline to None, run_after=None
[2026-06-18T14:51:38.801+0000] {processor.py:208} INFO - Processing /opt/airflow/dags/dag.py took 0.069 seconds
[2026-06-18T14:52:08.922+0000] {processor.py:186} INFO - Started process (PID=1273) to work on /opt/airflow/dags/dag.py
[2026-06-18T14:52:08.922+0000] {processor.py:914} INFO - Processing file /opt/airflow/dags/dag.py for tasks to queue
[2026-06-18T14:52:08.923+0000] {logging_mixin.py:190} INFO - [2026-06-18T14:52:08.923+0000] {dagbag.py:588} INFO - Filling up the DagBag from /opt/airflow/dags/dag.py
[2026-06-18T14:52:08.942+0000] {processor.py:925} INFO - DAG(s) 'f1_medallion_pipeline' retrieved from /opt/airflow/dags/dag.py
[2026-06-18T14:52:08.962+0000] {logging_mixin.py:190} INFO - [2026-06-18T14:52:08.962+0000] {dag.py:3239} INFO - Sync 1 DAGs
[2026-06-18T14:52:08.971+0000] {logging_mixin.py:190} INFO - [2026-06-18T14:52:08.970+0000] {dag.py:4180} INFO - Setting next_dagrun for f1_medallion_pipeline to None, run_after=None
[2026-06-18T14:52:08.985+0000] {processor.py:208} INFO - Processing /opt/airflow/dags/dag.py took 0.072 seconds
[2026-06-18T14:52:39.114+0000] {processor.py:186} INFO - Started process (PID=1278) to work on /opt/airflow/dags/dag.py
[2026-06-18T14:52:39.114+0000] {processor.py:914} INFO - Processing file /opt/airflow/dags/dag.py for tasks to queue
[2026-06-18T14:52:39.115+0000] {logging_mixin.py:190} INFO - [2026-06-18T14:52:39.115+0000] {dagbag.py:588} INFO - Filling up the DagBag from /opt/airflow/dags/dag.py
[2026-06-18T14:52:39.131+0000] {processor.py:925} INFO - DAG(s) 'f1_medallion_pipeline' retrieved from /opt/airflow/dags/dag.py
[2026-06-18T14:52:39.150+0000] {logging_mixin.py:190} INFO - [2026-06-18T14:52:39.150+0000] {dag.py:3239} INFO - Sync 1 DAGs
[2026-06-18T14:52:39.158+0000] {logging_mixin.py:190} INFO - [2026-06-18T14:52:39.158+0000] {dag.py:4180} INFO - Setting next_dagrun for f1_medallion_pipeline to None, run_after=None
[2026-06-18T14:52:39.172+0000] {processor.py:208} INFO - Processing /opt/airflow/dags/dag.py took 0.066 seconds
[2026-06-18T14:53:09.310+0000] {processor.py:186} INFO - Started process (PID=1283) to work on /opt/airflow/dags/dag.py
[2026-06-18T14:53:09.311+0000] {processor.py:914} INFO - Processing file /opt/airflow/dags/dag.py for tasks to queue
[2026-06-18T14:53:09.312+0000] {logging_mixin.py:190} INFO - [2026-06-18T14:53:09.311+0000] {dagbag.py:588} INFO - Filling up the DagBag from /opt/airflow/dags/dag.py
[2026-06-18T14:53:09.327+0000] {processor.py:925} INFO - DAG(s) 'f1_medallion_pipeline' retrieved from /opt/airflow/dags/dag.py
[2026-06-18T14:53:09.345+0000] {logging_mixin.py:190} INFO - [2026-06-18T14:53:09.345+0000] {dag.py:3239} INFO - Sync 1 DAGs
[2026-06-18T14:53:09.354+0000] {logging_mixin.py:190} INFO - [2026-06-18T14:53:09.353+0000] {dag.py:4180} INFO - Setting next_dagrun for f1_medallion_pipeline to None, run_after=None
[2026-06-18T14:53:09.367+0000] {processor.py:208} INFO - Processing /opt/airflow/dags/dag.py took 0.066 seconds
[2026-06-18T14:53:39.501+0000] {processor.py:186} INFO - Started process (PID=1288) to work on /opt/airflow/dags/dag.py
[2026-06-18T14:53:39.501+0000] {processor.py:914} INFO - Processing file /opt/airflow/dags/dag.py for tasks to queue
[2026-06-18T14:53:39.502+0000] {logging_mixin.py:190} INFO - [2026-06-18T14:53:39.502+0000] {dagbag.py:588} INFO - Filling up the DagBag from /opt/airflow/dags/dag.py
[2026-06-18T14:53:39.519+0000] {processor.py:925} INFO - DAG(s) 'f1_medallion_pipeline' retrieved from /opt/airflow/dags/dag.py
[2026-06-18T14:53:39.537+0000] {logging_mixin.py:190} INFO - [2026-06-18T14:53:39.537+0000] {dag.py:3239} INFO - Sync 1 DAGs
[2026-06-18T14:53:39.546+0000] {logging_mixin.py:190} INFO - [2026-06-18T14:53:39.546+0000] {dag.py:4180} INFO - Setting next_dagrun for f1_medallion_pipeline to None, run_after=None
[2026-06-18T14:53:39.558+0000] {processor.py:208} INFO - Processing /opt/airflow/dags/dag.py took 0.067 seconds
[2026-06-18T14:54:09.690+0000] {processor.py:186} INFO - Started process (PID=1293) to work on /opt/airflow/dags/dag.py
[2026-06-18T14:54:09.691+0000] {processor.py:914} INFO - Processing file /opt/airflow/dags/dag.py for tasks to queue
[2026-06-18T14:54:09.691+0000] {logging_mixin.py:190} INFO - [2026-06-18T14:54:09.691+0000] {dagbag.py:588} INFO - Filling up the DagBag from /opt/airflow/dags/dag.py
[2026-06-18T14:54:09.711+0000] {processor.py:925} INFO - DAG(s) 'f1_medallion_pipeline' retrieved from /opt/airflow/dags/dag.py
[2026-06-18T14:54:09.732+0000] {logging_mixin.py:190} INFO - [2026-06-18T14:54:09.732+0000] {dag.py:3239} INFO - Sync 1 DAGs
[2026-06-18T14:54:09.741+0000] {logging_mixin.py:190} INFO - [2026-06-18T14:54:09.741+0000] {dag.py:4180} INFO - Setting next_dagrun for f1_medallion_pipeline to None, run_after=None
[2026-06-18T14:54:09.757+0000] {processor.py:208} INFO - Processing /opt/airflow/dags/dag.py took 0.077 seconds
[2026-06-18T14:54:39.892+0000] {processor.py:186} INFO - Started process (PID=1298) to work on /opt/airflow/dags/dag.py
[2026-06-18T14:54:39.892+0000] {processor.py:914} INFO - Processing file /opt/airflow/dags/dag.py for tasks to queue
[2026-06-18T14:54:39.893+0000] {logging_mixin.py:190} INFO - [2026-06-18T14:54:39.893+0000] {dagbag.py:588} INFO - Filling up the DagBag from /opt/airflow/dags/dag.py
[2026-06-18T14:54:39.912+0000] {processor.py:925} INFO - DAG(s) 'f1_medallion_pipeline' retrieved from /opt/airflow/dags/dag.py
[2026-06-18T14:54:39.932+0000] {logging_mixin.py:190} INFO - [2026-06-18T14:54:39.932+0000] {dag.py:3239} INFO - Sync 1 DAGs
[2026-06-18T14:54:39.941+0000] {logging_mixin.py:190} INFO - [2026-06-18T14:54:39.941+0000] {dag.py:4180} INFO - Setting next_dagrun for f1_medallion_pipeline to None, run_after=None
[2026-06-18T14:54:39.955+0000] {processor.py:208} INFO - Processing /opt/airflow/dags/dag.py took 0.071 seconds
[2026-06-18T14:55:10.114+0000] {processor.py:186} INFO - Started process (PID=1303) to work on /opt/airflow/dags/dag.py
[2026-06-18T14:55:10.115+0000] {processor.py:914} INFO - Processing file /opt/airflow/dags/dag.py for tasks to queue
[2026-06-18T14:55:10.116+0000] {logging_mixin.py:190} INFO - [2026-06-18T14:55:10.116+0000] {dagbag.py:588} INFO - Filling up the DagBag from /opt/airflow/dags/dag.py
[2026-06-18T14:55:10.144+0000] {processor.py:925} INFO - DAG(s) 'f1_medallion_pipeline' retrieved from /opt/airflow/dags/dag.py
[2026-06-18T14:55:10.168+0000] {logging_mixin.py:190} INFO - [2026-06-18T14:55:10.168+0000] {dag.py:3239} INFO - Sync 1 DAGs
[2026-06-18T14:55:10.179+0000] {logging_mixin.py:190} INFO - [2026-06-18T14:55:10.178+0000] {dag.py:4180} INFO - Setting next_dagrun for f1_medallion_pipeline to None, run_after=None
[2026-06-18T14:55:10.195+0000] {processor.py:208} INFO - Processing /opt/airflow/dags/dag.py took 0.093 seconds
[2026-06-18T14:55:40.297+0000] {processor.py:186} INFO - Started process (PID=1308) to work on /opt/airflow/dags/dag.py
[2026-06-18T14:55:40.297+0000] {processor.py:914} INFO - Processing file /opt/airflow/dags/dag.py for tasks to queue
[2026-06-18T14:55:40.298+0000] {logging_mixin.py:190} INFO - [2026-06-18T14:55:40.298+0000] {dagbag.py:588} INFO - Filling up the DagBag from /opt/airflow/dags/dag.py
[2026-06-18T14:55:40.314+0000] {processor.py:925} INFO - DAG(s) 'f1_medallion_pipeline' retrieved from /opt/airflow/dags/dag.py
[2026-06-18T14:55:40.336+0000] {logging_mixin.py:190} INFO - [2026-06-18T14:55:40.336+0000] {dag.py:3239} INFO - Sync 1 DAGs
[2026-06-18T14:55:40.345+0000] {logging_mixin.py:190} INFO - [2026-06-18T14:55:40.345+0000] {dag.py:4180} INFO - Setting next_dagrun for f1_medallion_pipeline to None, run_after=None
[2026-06-18T14:55:40.358+0000] {processor.py:208} INFO - Processing /opt/airflow/dags/dag.py took 0.071 seconds
[2026-06-18T14:56:10.534+0000] {processor.py:186} INFO - Started process (PID=1313) to work on /opt/airflow/dags/dag.py
[2026-06-18T14:56:10.534+0000] {processor.py:914} INFO - Processing file /opt/airflow/dags/dag.py for tasks to queue
[2026-06-18T14:56:10.535+0000] {logging_mixin.py:190} INFO - [2026-06-18T14:56:10.535+0000] {dagbag.py:588} INFO - Filling up the DagBag from /opt/airflow/dags/dag.py
[2026-06-18T14:56:10.552+0000] {processor.py:925} INFO - DAG(s) 'f1_medallion_pipeline' retrieved from /opt/airflow/dags/dag.py
[2026-06-18T14:56:10.572+0000] {logging_mixin.py:190} INFO - [2026-06-18T14:56:10.572+0000] {dag.py:3239} INFO - Sync 1 DAGs
[2026-06-18T14:56:10.580+0000] {logging_mixin.py:190} INFO - [2026-06-18T14:56:10.580+0000] {dag.py:4180} INFO - Setting next_dagrun for f1_medallion_pipeline to None, run_after=None
[2026-06-18T14:56:10.594+0000] {processor.py:208} INFO - Processing /opt/airflow/dags/dag.py took 0.069 seconds
[2026-06-18T14:56:40.703+0000] {processor.py:186} INFO - Started process (PID=1318) to work on /opt/airflow/dags/dag.py
[2026-06-18T14:56:40.704+0000] {processor.py:914} INFO - Processing file /opt/airflow/dags/dag.py for tasks to queue
[2026-06-18T14:56:40.705+0000] {logging_mixin.py:190} INFO - [2026-06-18T14:56:40.704+0000] {dagbag.py:588} INFO - Filling up the DagBag from /opt/airflow/dags/dag.py
[2026-06-18T14:56:40.721+0000] {processor.py:925} INFO - DAG(s) 'f1_medallion_pipeline' retrieved from /opt/airflow/dags/dag.py
[2026-06-18T14:56:40.740+0000] {logging_mixin.py:190} INFO - [2026-06-18T14:56:40.740+0000] {dag.py:3239} INFO - Sync 1 DAGs
[2026-06-18T14:56:40.749+0000] {logging_mixin.py:190} INFO - [2026-06-18T14:56:40.748+0000] {dag.py:4180} INFO - Setting next_dagrun for f1_medallion_pipeline to None, run_after=None
[2026-06-18T14:56:40.761+0000] {processor.py:208} INFO - Processing /opt/airflow/dags/dag.py took 0.067 seconds
[2026-06-18T14:57:10.917+0000] {processor.py:186} INFO - Started process (PID=1323) to work on /opt/airflow/dags/dag.py
[2026-06-18T14:57:10.918+0000] {processor.py:914} INFO - Processing file /opt/airflow/dags/dag.py for tasks to queue
[2026-06-18T14:57:10.919+0000] {logging_mixin.py:190} INFO - [2026-06-18T14:57:10.918+0000] {dagbag.py:588} INFO - Filling up the DagBag from /opt/airflow/dags/dag.py
[2026-06-18T14:57:10.936+0000] {processor.py:925} INFO - DAG(s) 'f1_medallion_pipeline' retrieved from /opt/airflow/dags/dag.py
[2026-06-18T14:57:10.955+0000] {logging_mixin.py:190} INFO - [2026-06-18T14:57:10.954+0000] {dag.py:3239} INFO - Sync 1 DAGs
[2026-06-18T14:57:10.963+0000] {logging_mixin.py:190} INFO - [2026-06-18T14:57:10.963+0000] {dag.py:4180} INFO - Setting next_dagrun for f1_medallion_pipeline to None, run_after=None
[2026-06-18T14:57:10.977+0000] {processor.py:208} INFO - Processing /opt/airflow/dags/dag.py took 0.068 seconds
[2026-06-18T14:57:41.088+0000] {processor.py:186} INFO - Started process (PID=1328) to work on /opt/airflow/dags/dag.py
[2026-06-18T14:57:41.089+0000] {processor.py:914} INFO - Processing file /opt/airflow/dags/dag.py for tasks to queue
[2026-06-18T14:57:41.090+0000] {logging_mixin.py:190} INFO - [2026-06-18T14:57:41.089+0000] {dagbag.py:588} INFO - Filling up the DagBag from /opt/airflow/dags/dag.py
[2026-06-18T14:57:41.106+0000] {processor.py:925} INFO - DAG(s) 'f1_medallion_pipeline' retrieved from /opt/airflow/dags/dag.py
[2026-06-18T14:57:41.127+0000] {logging_mixin.py:190} INFO - [2026-06-18T14:57:41.126+0000] {dag.py:3239} INFO - Sync 1 DAGs
[2026-06-18T14:57:41.136+0000] {logging_mixin.py:190} INFO - [2026-06-18T14:57:41.136+0000] {dag.py:4180} INFO - Setting next_dagrun for f1_medallion_pipeline to None, run_after=None
[2026-06-18T14:57:41.149+0000] {processor.py:208} INFO - Processing /opt/airflow/dags/dag.py took 0.069 seconds
[2026-06-18T14:58:11.289+0000] {processor.py:186} INFO - Started process (PID=1333) to work on /opt/airflow/dags/dag.py
[2026-06-18T14:58:11.289+0000] {processor.py:914} INFO - Processing file /opt/airflow/dags/dag.py for tasks to queue
[2026-06-18T14:58:11.290+0000] {logging_mixin.py:190} INFO - [2026-06-18T14:58:11.290+0000] {dagbag.py:588} INFO - Filling up the DagBag from /opt/airflow/dags/dag.py
[2026-06-18T14:58:11.308+0000] {processor.py:925} INFO - DAG(s) 'f1_medallion_pipeline' retrieved from /opt/airflow/dags/dag.py
[2026-06-18T14:58:11.327+0000] {logging_mixin.py:190} INFO - [2026-06-18T14:58:11.326+0000] {dag.py:3239} INFO - Sync 1 DAGs
[2026-06-18T14:58:11.336+0000] {logging_mixin.py:190} INFO - [2026-06-18T14:58:11.335+0000] {dag.py:4180} INFO - Setting next_dagrun for f1_medallion_pipeline to None, run_after=None
[2026-06-18T14:58:11.349+0000] {processor.py:208} INFO - Processing /opt/airflow/dags/dag.py took 0.069 seconds
[2026-06-18T14:58:41.473+0000] {processor.py:186} INFO - Started process (PID=1338) to work on /opt/airflow/dags/dag.py
[2026-06-18T14:58:41.474+0000] {processor.py:914} INFO - Processing file /opt/airflow/dags/dag.py for tasks to queue
[2026-06-18T14:58:41.475+0000] {logging_mixin.py:190} INFO - [2026-06-18T14:58:41.475+0000] {dagbag.py:588} INFO - Filling up the DagBag from /opt/airflow/dags/dag.py
[2026-06-18T14:58:41.499+0000] {processor.py:925} INFO - DAG(s) 'f1_medallion_pipeline' retrieved from /opt/airflow/dags/dag.py
[2026-06-18T14:58:41.523+0000] {logging_mixin.py:190} INFO - [2026-06-18T14:58:41.523+0000] {dag.py:3239} INFO - Sync 1 DAGs
[2026-06-18T14:58:41.533+0000] {logging_mixin.py:190} INFO - [2026-06-18T14:58:41.533+0000] {dag.py:4180} INFO - Setting next_dagrun for f1_medallion_pipeline to None, run_after=None
[2026-06-18T14:58:41.549+0000] {processor.py:208} INFO - Processing /opt/airflow/dags/dag.py took 0.089 seconds
[2026-06-18T14:59:11.674+0000] {processor.py:186} INFO - Started process (PID=1343) to work on /opt/airflow/dags/dag.py
[2026-06-18T14:59:11.675+0000] {processor.py:914} INFO - Processing file /opt/airflow/dags/dag.py for tasks to queue
[2026-06-18T14:59:11.676+0000] {logging_mixin.py:190} INFO - [2026-06-18T14:59:11.676+0000] {dagbag.py:588} INFO - Filling up the DagBag from /opt/airflow/dags/dag.py
[2026-06-18T14:59:11.694+0000] {processor.py:925} INFO - DAG(s) 'f1_medallion_pipeline' retrieved from /opt/airflow/dags/dag.py
[2026-06-18T14:59:11.715+0000] {logging_mixin.py:190} INFO - [2026-06-18T14:59:11.714+0000] {dag.py:3239} INFO - Sync 1 DAGs
[2026-06-18T14:59:11.724+0000] {logging_mixin.py:190} INFO - [2026-06-18T14:59:11.723+0000] {dag.py:4180} INFO - Setting next_dagrun for f1_medallion_pipeline to None, run_after=None
[2026-06-18T14:59:11.737+0000] {processor.py:208} INFO - Processing /opt/airflow/dags/dag.py took 0.071 seconds
