[2026-06-05T09:20:18.164+0000] {processor.py:186} INFO - Started process (PID=199) to work on /opt/airflow/dags/dag.py
[2026-06-05T09:20:18.165+0000] {processor.py:914} INFO - Processing file /opt/airflow/dags/dag.py for tasks to queue
[2026-06-05T09:20:18.166+0000] {logging_mixin.py:190} INFO - [2026-06-05T09:20:18.166+0000] {dagbag.py:588} INFO - Filling up the DagBag from /opt/airflow/dags/dag.py
[2026-06-05T09:20:18.195+0000] {processor.py:925} INFO - DAG(s) 'f1_medallion_pipeline' retrieved from /opt/airflow/dags/dag.py
[2026-06-05T09:20:18.312+0000] {logging_mixin.py:190} INFO - [2026-06-05T09:20:18.311+0000] {override.py:1912} INFO - Created Permission View: can read on DAG:f1_medallion_pipeline
[2026-06-05T09:20:18.319+0000] {logging_mixin.py:190} INFO - [2026-06-05T09:20:18.319+0000] {override.py:1912} INFO - Created Permission View: can delete on DAG:f1_medallion_pipeline
[2026-06-05T09:20:18.324+0000] {logging_mixin.py:190} INFO - [2026-06-05T09:20:18.324+0000] {override.py:1912} INFO - Created Permission View: can edit on DAG:f1_medallion_pipeline
[2026-06-05T09:20:18.330+0000] {logging_mixin.py:190} INFO - [2026-06-05T09:20:18.330+0000] {override.py:1912} INFO - Created Permission View: can read on DAG Run:f1_medallion_pipeline
[2026-06-05T09:20:18.335+0000] {logging_mixin.py:190} INFO - [2026-06-05T09:20:18.334+0000] {override.py:1912} INFO - Created Permission View: can create on DAG Run:f1_medallion_pipeline
[2026-06-05T09:20:18.339+0000] {logging_mixin.py:190} INFO - [2026-06-05T09:20:18.339+0000] {override.py:1912} INFO - Created Permission View: can delete on DAG Run:f1_medallion_pipeline
[2026-06-05T09:20:18.343+0000] {logging_mixin.py:190} INFO - [2026-06-05T09:20:18.343+0000] {override.py:1912} INFO - Created Permission View: menu access on DAG Run:f1_medallion_pipeline
[2026-06-05T09:20:18.344+0000] {logging_mixin.py:190} INFO - [2026-06-05T09:20:18.344+0000] {dag.py:3239} INFO - Sync 1 DAGs
[2026-06-05T09:20:18.350+0000] {logging_mixin.py:190} INFO - [2026-06-05T09:20:18.350+0000] {dag.py:3262} INFO - Creating ORM DAG for f1_medallion_pipeline
[2026-06-05T09:20:18.351+0000] {logging_mixin.py:190} INFO - [2026-06-05T09:20:18.351+0000] {dag.py:4180} INFO - Setting next_dagrun for f1_medallion_pipeline to None, run_after=None
[2026-06-05T09:20:18.363+0000] {processor.py:208} INFO - Processing /opt/airflow/dags/dag.py took 0.204 seconds
[2026-06-05T09:20:48.541+0000] {processor.py:186} INFO - Started process (PID=204) to work on /opt/airflow/dags/dag.py
[2026-06-05T09:20:48.542+0000] {processor.py:914} INFO - Processing file /opt/airflow/dags/dag.py for tasks to queue
[2026-06-05T09:20:48.544+0000] {logging_mixin.py:190} INFO - [2026-06-05T09:20:48.544+0000] {dagbag.py:588} INFO - Filling up the DagBag from /opt/airflow/dags/dag.py
[2026-06-05T09:20:48.558+0000] {processor.py:925} INFO - DAG(s) 'f1_medallion_pipeline' retrieved from /opt/airflow/dags/dag.py
[2026-06-05T09:20:48.577+0000] {logging_mixin.py:190} INFO - [2026-06-05T09:20:48.577+0000] {dag.py:3239} INFO - Sync 1 DAGs
[2026-06-05T09:20:48.586+0000] {logging_mixin.py:190} INFO - [2026-06-05T09:20:48.585+0000] {dag.py:4180} INFO - Setting next_dagrun for f1_medallion_pipeline to None, run_after=None
[2026-06-05T09:20:48.597+0000] {processor.py:208} INFO - Processing /opt/airflow/dags/dag.py took 0.062 seconds
[2026-06-05T09:21:18.715+0000] {processor.py:186} INFO - Started process (PID=209) to work on /opt/airflow/dags/dag.py
[2026-06-05T09:21:18.715+0000] {processor.py:914} INFO - Processing file /opt/airflow/dags/dag.py for tasks to queue
[2026-06-05T09:21:18.717+0000] {logging_mixin.py:190} INFO - [2026-06-05T09:21:18.717+0000] {dagbag.py:588} INFO - Filling up the DagBag from /opt/airflow/dags/dag.py
[2026-06-05T09:21:18.732+0000] {processor.py:925} INFO - DAG(s) 'f1_medallion_pipeline' retrieved from /opt/airflow/dags/dag.py
[2026-06-05T09:21:18.754+0000] {logging_mixin.py:190} INFO - [2026-06-05T09:21:18.753+0000] {dag.py:3239} INFO - Sync 1 DAGs
[2026-06-05T09:21:18.763+0000] {logging_mixin.py:190} INFO - [2026-06-05T09:21:18.762+0000] {dag.py:4180} INFO - Setting next_dagrun for f1_medallion_pipeline to None, run_after=None
[2026-06-05T09:21:18.774+0000] {processor.py:208} INFO - Processing /opt/airflow/dags/dag.py took 0.066 seconds
[2026-06-05T09:21:48.927+0000] {processor.py:186} INFO - Started process (PID=217) to work on /opt/airflow/dags/dag.py
[2026-06-05T09:21:48.928+0000] {processor.py:914} INFO - Processing file /opt/airflow/dags/dag.py for tasks to queue
[2026-06-05T09:21:48.930+0000] {logging_mixin.py:190} INFO - [2026-06-05T09:21:48.930+0000] {dagbag.py:588} INFO - Filling up the DagBag from /opt/airflow/dags/dag.py
[2026-06-05T09:21:48.947+0000] {processor.py:925} INFO - DAG(s) 'f1_medallion_pipeline' retrieved from /opt/airflow/dags/dag.py
[2026-06-05T09:21:48.964+0000] {logging_mixin.py:190} INFO - [2026-06-05T09:21:48.964+0000] {dag.py:3239} INFO - Sync 1 DAGs
[2026-06-05T09:21:48.972+0000] {logging_mixin.py:190} INFO - [2026-06-05T09:21:48.972+0000] {dag.py:4180} INFO - Setting next_dagrun for f1_medallion_pipeline to None, run_after=None
[2026-06-05T09:21:48.986+0000] {processor.py:208} INFO - Processing /opt/airflow/dags/dag.py took 0.064 seconds
[2026-06-05T09:22:19.111+0000] {processor.py:186} INFO - Started process (PID=222) to work on /opt/airflow/dags/dag.py
[2026-06-05T09:22:19.112+0000] {processor.py:914} INFO - Processing file /opt/airflow/dags/dag.py for tasks to queue
[2026-06-05T09:22:19.113+0000] {logging_mixin.py:190} INFO - [2026-06-05T09:22:19.113+0000] {dagbag.py:588} INFO - Filling up the DagBag from /opt/airflow/dags/dag.py
[2026-06-05T09:22:19.127+0000] {processor.py:925} INFO - DAG(s) 'f1_medallion_pipeline' retrieved from /opt/airflow/dags/dag.py
[2026-06-05T09:22:19.148+0000] {logging_mixin.py:190} INFO - [2026-06-05T09:22:19.148+0000] {dag.py:3239} INFO - Sync 1 DAGs
[2026-06-05T09:22:19.158+0000] {logging_mixin.py:190} INFO - [2026-06-05T09:22:19.158+0000] {dag.py:4180} INFO - Setting next_dagrun for f1_medallion_pipeline to None, run_after=None
[2026-06-05T09:22:19.174+0000] {processor.py:208} INFO - Processing /opt/airflow/dags/dag.py took 0.068 seconds
[2026-06-05T09:22:49.324+0000] {processor.py:186} INFO - Started process (PID=227) to work on /opt/airflow/dags/dag.py
[2026-06-05T09:22:49.324+0000] {processor.py:914} INFO - Processing file /opt/airflow/dags/dag.py for tasks to queue
[2026-06-05T09:22:49.326+0000] {logging_mixin.py:190} INFO - [2026-06-05T09:22:49.325+0000] {dagbag.py:588} INFO - Filling up the DagBag from /opt/airflow/dags/dag.py
[2026-06-05T09:22:49.340+0000] {processor.py:925} INFO - DAG(s) 'f1_medallion_pipeline' retrieved from /opt/airflow/dags/dag.py
[2026-06-05T09:22:49.358+0000] {logging_mixin.py:190} INFO - [2026-06-05T09:22:49.357+0000] {dag.py:3239} INFO - Sync 1 DAGs
[2026-06-05T09:22:49.366+0000] {logging_mixin.py:190} INFO - [2026-06-05T09:22:49.365+0000] {dag.py:4180} INFO - Setting next_dagrun for f1_medallion_pipeline to None, run_after=None
[2026-06-05T09:22:49.378+0000] {processor.py:208} INFO - Processing /opt/airflow/dags/dag.py took 0.059 seconds
[2026-06-05T09:23:19.517+0000] {processor.py:186} INFO - Started process (PID=232) to work on /opt/airflow/dags/dag.py
[2026-06-05T09:23:19.518+0000] {processor.py:914} INFO - Processing file /opt/airflow/dags/dag.py for tasks to queue
[2026-06-05T09:23:19.520+0000] {logging_mixin.py:190} INFO - [2026-06-05T09:23:19.520+0000] {dagbag.py:588} INFO - Filling up the DagBag from /opt/airflow/dags/dag.py
[2026-06-05T09:23:19.535+0000] {processor.py:925} INFO - DAG(s) 'f1_medallion_pipeline' retrieved from /opt/airflow/dags/dag.py
[2026-06-05T09:23:19.552+0000] {logging_mixin.py:190} INFO - [2026-06-05T09:23:19.552+0000] {dag.py:3239} INFO - Sync 1 DAGs
[2026-06-05T09:23:19.561+0000] {logging_mixin.py:190} INFO - [2026-06-05T09:23:19.561+0000] {dag.py:4180} INFO - Setting next_dagrun for f1_medallion_pipeline to None, run_after=None
[2026-06-05T09:23:19.575+0000] {processor.py:208} INFO - Processing /opt/airflow/dags/dag.py took 0.063 seconds
[2026-06-05T09:23:49.710+0000] {processor.py:186} INFO - Started process (PID=237) to work on /opt/airflow/dags/dag.py
[2026-06-05T09:23:49.711+0000] {processor.py:914} INFO - Processing file /opt/airflow/dags/dag.py for tasks to queue
[2026-06-05T09:23:49.712+0000] {logging_mixin.py:190} INFO - [2026-06-05T09:23:49.712+0000] {dagbag.py:588} INFO - Filling up the DagBag from /opt/airflow/dags/dag.py
[2026-06-05T09:23:49.728+0000] {processor.py:925} INFO - DAG(s) 'f1_medallion_pipeline' retrieved from /opt/airflow/dags/dag.py
[2026-06-05T09:23:49.746+0000] {logging_mixin.py:190} INFO - [2026-06-05T09:23:49.746+0000] {dag.py:3239} INFO - Sync 1 DAGs
[2026-06-05T09:23:49.755+0000] {logging_mixin.py:190} INFO - [2026-06-05T09:23:49.755+0000] {dag.py:4180} INFO - Setting next_dagrun for f1_medallion_pipeline to None, run_after=None
[2026-06-05T09:23:49.770+0000] {processor.py:208} INFO - Processing /opt/airflow/dags/dag.py took 0.065 seconds
[2026-06-05T09:24:19.900+0000] {processor.py:186} INFO - Started process (PID=242) to work on /opt/airflow/dags/dag.py
[2026-06-05T09:24:19.901+0000] {processor.py:914} INFO - Processing file /opt/airflow/dags/dag.py for tasks to queue
[2026-06-05T09:24:19.903+0000] {logging_mixin.py:190} INFO - [2026-06-05T09:24:19.903+0000] {dagbag.py:588} INFO - Filling up the DagBag from /opt/airflow/dags/dag.py
[2026-06-05T09:24:19.917+0000] {processor.py:925} INFO - DAG(s) 'f1_medallion_pipeline' retrieved from /opt/airflow/dags/dag.py
[2026-06-05T09:24:19.934+0000] {logging_mixin.py:190} INFO - [2026-06-05T09:24:19.934+0000] {dag.py:3239} INFO - Sync 1 DAGs
[2026-06-05T09:24:19.942+0000] {logging_mixin.py:190} INFO - [2026-06-05T09:24:19.942+0000] {dag.py:4180} INFO - Setting next_dagrun for f1_medallion_pipeline to None, run_after=None
[2026-06-05T09:24:19.955+0000] {processor.py:208} INFO - Processing /opt/airflow/dags/dag.py took 0.059 seconds
[2026-06-05T09:24:50.116+0000] {processor.py:186} INFO - Started process (PID=247) to work on /opt/airflow/dags/dag.py
[2026-06-05T09:24:50.116+0000] {processor.py:914} INFO - Processing file /opt/airflow/dags/dag.py for tasks to queue
[2026-06-05T09:24:50.118+0000] {logging_mixin.py:190} INFO - [2026-06-05T09:24:50.118+0000] {dagbag.py:588} INFO - Filling up the DagBag from /opt/airflow/dags/dag.py
[2026-06-05T09:24:50.132+0000] {processor.py:925} INFO - DAG(s) 'f1_medallion_pipeline' retrieved from /opt/airflow/dags/dag.py
[2026-06-05T09:24:50.146+0000] {logging_mixin.py:190} INFO - [2026-06-05T09:24:50.146+0000] {dag.py:3239} INFO - Sync 1 DAGs
[2026-06-05T09:24:50.153+0000] {logging_mixin.py:190} INFO - [2026-06-05T09:24:50.153+0000] {dag.py:4180} INFO - Setting next_dagrun for f1_medallion_pipeline to None, run_after=None
[2026-06-05T09:24:50.167+0000] {processor.py:208} INFO - Processing /opt/airflow/dags/dag.py took 0.055 seconds
[2026-06-05T09:25:20.322+0000] {processor.py:186} INFO - Started process (PID=252) to work on /opt/airflow/dags/dag.py
[2026-06-05T09:25:20.323+0000] {processor.py:914} INFO - Processing file /opt/airflow/dags/dag.py for tasks to queue
[2026-06-05T09:25:20.324+0000] {logging_mixin.py:190} INFO - [2026-06-05T09:25:20.324+0000] {dagbag.py:588} INFO - Filling up the DagBag from /opt/airflow/dags/dag.py
[2026-06-05T09:25:20.338+0000] {processor.py:925} INFO - DAG(s) 'f1_medallion_pipeline' retrieved from /opt/airflow/dags/dag.py
[2026-06-05T09:25:20.354+0000] {logging_mixin.py:190} INFO - [2026-06-05T09:25:20.354+0000] {dag.py:3239} INFO - Sync 1 DAGs
[2026-06-05T09:25:20.362+0000] {logging_mixin.py:190} INFO - [2026-06-05T09:25:20.362+0000] {dag.py:4180} INFO - Setting next_dagrun for f1_medallion_pipeline to None, run_after=None
[2026-06-05T09:25:20.375+0000] {processor.py:208} INFO - Processing /opt/airflow/dags/dag.py took 0.057 seconds
[2026-06-05T09:25:50.511+0000] {processor.py:186} INFO - Started process (PID=257) to work on /opt/airflow/dags/dag.py
[2026-06-05T09:25:50.511+0000] {processor.py:914} INFO - Processing file /opt/airflow/dags/dag.py for tasks to queue
[2026-06-05T09:25:50.513+0000] {logging_mixin.py:190} INFO - [2026-06-05T09:25:50.512+0000] {dagbag.py:588} INFO - Filling up the DagBag from /opt/airflow/dags/dag.py
[2026-06-05T09:25:50.527+0000] {processor.py:925} INFO - DAG(s) 'f1_medallion_pipeline' retrieved from /opt/airflow/dags/dag.py
[2026-06-05T09:25:50.545+0000] {logging_mixin.py:190} INFO - [2026-06-05T09:25:50.545+0000] {dag.py:3239} INFO - Sync 1 DAGs
[2026-06-05T09:25:50.553+0000] {logging_mixin.py:190} INFO - [2026-06-05T09:25:50.553+0000] {dag.py:4180} INFO - Setting next_dagrun for f1_medallion_pipeline to None, run_after=None
[2026-06-05T09:25:50.566+0000] {processor.py:208} INFO - Processing /opt/airflow/dags/dag.py took 0.060 seconds
[2026-06-05T09:26:20.714+0000] {processor.py:186} INFO - Started process (PID=262) to work on /opt/airflow/dags/dag.py
[2026-06-05T09:26:20.714+0000] {processor.py:914} INFO - Processing file /opt/airflow/dags/dag.py for tasks to queue
[2026-06-05T09:26:20.716+0000] {logging_mixin.py:190} INFO - [2026-06-05T09:26:20.716+0000] {dagbag.py:588} INFO - Filling up the DagBag from /opt/airflow/dags/dag.py
[2026-06-05T09:26:20.730+0000] {processor.py:925} INFO - DAG(s) 'f1_medallion_pipeline' retrieved from /opt/airflow/dags/dag.py
[2026-06-05T09:26:20.747+0000] {logging_mixin.py:190} INFO - [2026-06-05T09:26:20.747+0000] {dag.py:3239} INFO - Sync 1 DAGs
[2026-06-05T09:26:20.756+0000] {logging_mixin.py:190} INFO - [2026-06-05T09:26:20.756+0000] {dag.py:4180} INFO - Setting next_dagrun for f1_medallion_pipeline to None, run_after=None
[2026-06-05T09:26:20.769+0000] {processor.py:208} INFO - Processing /opt/airflow/dags/dag.py took 0.061 seconds
[2026-06-05T09:27:52.081+0000] {processor.py:186} INFO - Started process (PID=194) to work on /opt/airflow/dags/dag.py
[2026-06-05T09:27:52.081+0000] {processor.py:914} INFO - Processing file /opt/airflow/dags/dag.py for tasks to queue
[2026-06-05T09:27:52.083+0000] {logging_mixin.py:190} INFO - [2026-06-05T09:27:52.082+0000] {dagbag.py:588} INFO - Filling up the DagBag from /opt/airflow/dags/dag.py
[2026-06-05T09:27:52.105+0000] {processor.py:925} INFO - DAG(s) 'f1_medallion_pipeline' retrieved from /opt/airflow/dags/dag.py
[2026-06-05T09:27:52.225+0000] {logging_mixin.py:190} INFO - [2026-06-05T09:27:52.224+0000] {override.py:1912} INFO - Created Permission View: can delete on DAG:f1_medallion_pipeline
[2026-06-05T09:27:52.231+0000] {logging_mixin.py:190} INFO - [2026-06-05T09:27:52.231+0000] {override.py:1912} INFO - Created Permission View: can read on DAG:f1_medallion_pipeline
[2026-06-05T09:27:52.235+0000] {logging_mixin.py:190} INFO - [2026-06-05T09:27:52.235+0000] {override.py:1912} INFO - Created Permission View: can edit on DAG:f1_medallion_pipeline
[2026-06-05T09:27:52.241+0000] {logging_mixin.py:190} INFO - [2026-06-05T09:27:52.241+0000] {override.py:1912} INFO - Created Permission View: menu access on DAG Run:f1_medallion_pipeline
[2026-06-05T09:27:52.244+0000] {logging_mixin.py:190} INFO - [2026-06-05T09:27:52.244+0000] {override.py:1912} INFO - Created Permission View: can read on DAG Run:f1_medallion_pipeline
[2026-06-05T09:27:52.249+0000] {logging_mixin.py:190} INFO - [2026-06-05T09:27:52.249+0000] {override.py:1912} INFO - Created Permission View: can create on DAG Run:f1_medallion_pipeline
[2026-06-05T09:27:52.253+0000] {logging_mixin.py:190} INFO - [2026-06-05T09:27:52.253+0000] {override.py:1912} INFO - Created Permission View: can delete on DAG Run:f1_medallion_pipeline
[2026-06-05T09:27:52.254+0000] {logging_mixin.py:190} INFO - [2026-06-05T09:27:52.253+0000] {dag.py:3239} INFO - Sync 1 DAGs
[2026-06-05T09:27:52.261+0000] {logging_mixin.py:190} INFO - [2026-06-05T09:27:52.260+0000] {dag.py:3262} INFO - Creating ORM DAG for f1_medallion_pipeline
[2026-06-05T09:27:52.261+0000] {logging_mixin.py:190} INFO - [2026-06-05T09:27:52.261+0000] {dag.py:4180} INFO - Setting next_dagrun for f1_medallion_pipeline to None, run_after=None
[2026-06-05T09:27:52.275+0000] {processor.py:208} INFO - Processing /opt/airflow/dags/dag.py took 0.199 seconds
[2026-06-05T09:28:22.439+0000] {processor.py:186} INFO - Started process (PID=199) to work on /opt/airflow/dags/dag.py
[2026-06-05T09:28:22.440+0000] {processor.py:914} INFO - Processing file /opt/airflow/dags/dag.py for tasks to queue
[2026-06-05T09:28:22.442+0000] {logging_mixin.py:190} INFO - [2026-06-05T09:28:22.442+0000] {dagbag.py:588} INFO - Filling up the DagBag from /opt/airflow/dags/dag.py
[2026-06-05T09:28:22.457+0000] {processor.py:925} INFO - DAG(s) 'f1_medallion_pipeline' retrieved from /opt/airflow/dags/dag.py
[2026-06-05T09:28:22.475+0000] {logging_mixin.py:190} INFO - [2026-06-05T09:28:22.474+0000] {dag.py:3239} INFO - Sync 1 DAGs
[2026-06-05T09:28:22.484+0000] {logging_mixin.py:190} INFO - [2026-06-05T09:28:22.483+0000] {dag.py:4180} INFO - Setting next_dagrun for f1_medallion_pipeline to None, run_after=None
[2026-06-05T09:28:22.498+0000] {processor.py:208} INFO - Processing /opt/airflow/dags/dag.py took 0.064 seconds
[2026-06-05T09:28:52.600+0000] {processor.py:186} INFO - Started process (PID=207) to work on /opt/airflow/dags/dag.py
[2026-06-05T09:28:52.601+0000] {processor.py:914} INFO - Processing file /opt/airflow/dags/dag.py for tasks to queue
[2026-06-05T09:28:52.603+0000] {logging_mixin.py:190} INFO - [2026-06-05T09:28:52.602+0000] {dagbag.py:588} INFO - Filling up the DagBag from /opt/airflow/dags/dag.py
[2026-06-05T09:28:52.617+0000] {processor.py:925} INFO - DAG(s) 'f1_medallion_pipeline' retrieved from /opt/airflow/dags/dag.py
[2026-06-05T09:28:52.634+0000] {logging_mixin.py:190} INFO - [2026-06-05T09:28:52.634+0000] {dag.py:3239} INFO - Sync 1 DAGs
[2026-06-05T09:28:52.641+0000] {logging_mixin.py:190} INFO - [2026-06-05T09:28:52.640+0000] {dag.py:4180} INFO - Setting next_dagrun for f1_medallion_pipeline to None, run_after=None
[2026-06-05T09:28:52.653+0000] {processor.py:208} INFO - Processing /opt/airflow/dags/dag.py took 0.056 seconds
[2026-06-05T09:29:22.801+0000] {processor.py:186} INFO - Started process (PID=212) to work on /opt/airflow/dags/dag.py
[2026-06-05T09:29:22.801+0000] {processor.py:914} INFO - Processing file /opt/airflow/dags/dag.py for tasks to queue
[2026-06-05T09:29:22.803+0000] {logging_mixin.py:190} INFO - [2026-06-05T09:29:22.803+0000] {dagbag.py:588} INFO - Filling up the DagBag from /opt/airflow/dags/dag.py
[2026-06-05T09:29:22.819+0000] {processor.py:925} INFO - DAG(s) 'f1_medallion_pipeline' retrieved from /opt/airflow/dags/dag.py
[2026-06-05T09:29:22.838+0000] {logging_mixin.py:190} INFO - [2026-06-05T09:29:22.838+0000] {dag.py:3239} INFO - Sync 1 DAGs
[2026-06-05T09:29:22.846+0000] {logging_mixin.py:190} INFO - [2026-06-05T09:29:22.846+0000] {dag.py:4180} INFO - Setting next_dagrun for f1_medallion_pipeline to None, run_after=None
[2026-06-05T09:29:22.861+0000] {processor.py:208} INFO - Processing /opt/airflow/dags/dag.py took 0.065 seconds
[2026-06-05T09:29:52.985+0000] {processor.py:186} INFO - Started process (PID=217) to work on /opt/airflow/dags/dag.py
[2026-06-05T09:29:52.986+0000] {processor.py:914} INFO - Processing file /opt/airflow/dags/dag.py for tasks to queue
[2026-06-05T09:29:52.988+0000] {logging_mixin.py:190} INFO - [2026-06-05T09:29:52.988+0000] {dagbag.py:588} INFO - Filling up the DagBag from /opt/airflow/dags/dag.py
[2026-06-05T09:29:53.004+0000] {processor.py:925} INFO - DAG(s) 'f1_medallion_pipeline' retrieved from /opt/airflow/dags/dag.py
[2026-06-05T09:29:53.023+0000] {logging_mixin.py:190} INFO - [2026-06-05T09:29:53.023+0000] {dag.py:3239} INFO - Sync 1 DAGs
[2026-06-05T09:29:53.032+0000] {logging_mixin.py:190} INFO - [2026-06-05T09:29:53.032+0000] {dag.py:4180} INFO - Setting next_dagrun for f1_medallion_pipeline to None, run_after=None
[2026-06-05T09:29:53.046+0000] {processor.py:208} INFO - Processing /opt/airflow/dags/dag.py took 0.067 seconds
[2026-06-05T09:30:23.193+0000] {processor.py:186} INFO - Started process (PID=222) to work on /opt/airflow/dags/dag.py
[2026-06-05T09:30:23.194+0000] {processor.py:914} INFO - Processing file /opt/airflow/dags/dag.py for tasks to queue
[2026-06-05T09:30:23.195+0000] {logging_mixin.py:190} INFO - [2026-06-05T09:30:23.195+0000] {dagbag.py:588} INFO - Filling up the DagBag from /opt/airflow/dags/dag.py
[2026-06-05T09:30:23.211+0000] {processor.py:925} INFO - DAG(s) 'f1_medallion_pipeline' retrieved from /opt/airflow/dags/dag.py
[2026-06-05T09:30:23.229+0000] {logging_mixin.py:190} INFO - [2026-06-05T09:30:23.229+0000] {dag.py:3239} INFO - Sync 1 DAGs
[2026-06-05T09:30:23.237+0000] {logging_mixin.py:190} INFO - [2026-06-05T09:30:23.237+0000] {dag.py:4180} INFO - Setting next_dagrun for f1_medallion_pipeline to None, run_after=None
[2026-06-05T09:30:23.250+0000] {processor.py:208} INFO - Processing /opt/airflow/dags/dag.py took 0.063 seconds
[2026-06-05T09:30:53.382+0000] {processor.py:186} INFO - Started process (PID=227) to work on /opt/airflow/dags/dag.py
[2026-06-05T09:30:53.382+0000] {processor.py:914} INFO - Processing file /opt/airflow/dags/dag.py for tasks to queue
[2026-06-05T09:30:53.384+0000] {logging_mixin.py:190} INFO - [2026-06-05T09:30:53.384+0000] {dagbag.py:588} INFO - Filling up the DagBag from /opt/airflow/dags/dag.py
[2026-06-05T09:30:53.409+0000] {processor.py:925} INFO - DAG(s) 'f1_medallion_pipeline' retrieved from /opt/airflow/dags/dag.py
[2026-06-05T09:30:53.435+0000] {logging_mixin.py:190} INFO - [2026-06-05T09:30:53.435+0000] {dag.py:3239} INFO - Sync 1 DAGs
[2026-06-05T09:30:53.443+0000] {logging_mixin.py:190} INFO - [2026-06-05T09:30:53.443+0000] {dag.py:4180} INFO - Setting next_dagrun for f1_medallion_pipeline to None, run_after=None
[2026-06-05T09:30:53.456+0000] {processor.py:208} INFO - Processing /opt/airflow/dags/dag.py took 0.081 seconds
[2026-06-05T09:31:23.598+0000] {processor.py:186} INFO - Started process (PID=232) to work on /opt/airflow/dags/dag.py
[2026-06-05T09:31:23.599+0000] {processor.py:914} INFO - Processing file /opt/airflow/dags/dag.py for tasks to queue
[2026-06-05T09:31:23.600+0000] {logging_mixin.py:190} INFO - [2026-06-05T09:31:23.600+0000] {dagbag.py:588} INFO - Filling up the DagBag from /opt/airflow/dags/dag.py
[2026-06-05T09:31:23.615+0000] {processor.py:925} INFO - DAG(s) 'f1_medallion_pipeline' retrieved from /opt/airflow/dags/dag.py
[2026-06-05T09:31:23.634+0000] {logging_mixin.py:190} INFO - [2026-06-05T09:31:23.633+0000] {dag.py:3239} INFO - Sync 1 DAGs
[2026-06-05T09:31:23.643+0000] {logging_mixin.py:190} INFO - [2026-06-05T09:31:23.643+0000] {dag.py:4180} INFO - Setting next_dagrun for f1_medallion_pipeline to None, run_after=None
[2026-06-05T09:31:23.657+0000] {processor.py:208} INFO - Processing /opt/airflow/dags/dag.py took 0.063 seconds
[2026-06-05T09:31:53.783+0000] {processor.py:186} INFO - Started process (PID=237) to work on /opt/airflow/dags/dag.py
[2026-06-05T09:31:53.784+0000] {processor.py:914} INFO - Processing file /opt/airflow/dags/dag.py for tasks to queue
[2026-06-05T09:31:53.785+0000] {logging_mixin.py:190} INFO - [2026-06-05T09:31:53.785+0000] {dagbag.py:588} INFO - Filling up the DagBag from /opt/airflow/dags/dag.py
[2026-06-05T09:31:53.799+0000] {processor.py:925} INFO - DAG(s) 'f1_medallion_pipeline' retrieved from /opt/airflow/dags/dag.py
[2026-06-05T09:31:53.815+0000] {logging_mixin.py:190} INFO - [2026-06-05T09:31:53.815+0000] {dag.py:3239} INFO - Sync 1 DAGs
[2026-06-05T09:31:53.822+0000] {logging_mixin.py:190} INFO - [2026-06-05T09:31:53.822+0000] {dag.py:4180} INFO - Setting next_dagrun for f1_medallion_pipeline to None, run_after=None
[2026-06-05T09:31:53.835+0000] {processor.py:208} INFO - Processing /opt/airflow/dags/dag.py took 0.057 seconds
[2026-06-05T09:32:24.005+0000] {processor.py:186} INFO - Started process (PID=242) to work on /opt/airflow/dags/dag.py
[2026-06-05T09:32:24.005+0000] {processor.py:914} INFO - Processing file /opt/airflow/dags/dag.py for tasks to queue
[2026-06-05T09:32:24.007+0000] {logging_mixin.py:190} INFO - [2026-06-05T09:32:24.007+0000] {dagbag.py:588} INFO - Filling up the DagBag from /opt/airflow/dags/dag.py
[2026-06-05T09:32:24.021+0000] {processor.py:925} INFO - DAG(s) 'f1_medallion_pipeline' retrieved from /opt/airflow/dags/dag.py
[2026-06-05T09:32:24.037+0000] {logging_mixin.py:190} INFO - [2026-06-05T09:32:24.037+0000] {dag.py:3239} INFO - Sync 1 DAGs
[2026-06-05T09:32:24.045+0000] {logging_mixin.py:190} INFO - [2026-06-05T09:32:24.045+0000] {dag.py:4180} INFO - Setting next_dagrun for f1_medallion_pipeline to None, run_after=None
[2026-06-05T09:32:24.059+0000] {processor.py:208} INFO - Processing /opt/airflow/dags/dag.py took 0.059 seconds
[2026-06-05T09:32:42.123+0000] {processor.py:186} INFO - Started process (PID=247) to work on /opt/airflow/dags/dag.py
[2026-06-05T09:32:42.124+0000] {processor.py:914} INFO - Processing file /opt/airflow/dags/dag.py for tasks to queue
[2026-06-05T09:32:42.126+0000] {logging_mixin.py:190} INFO - [2026-06-05T09:32:42.125+0000] {dagbag.py:588} INFO - Filling up the DagBag from /opt/airflow/dags/dag.py
[2026-06-05T09:32:42.150+0000] {processor.py:925} INFO - DAG(s) 'f1_medallion_pipeline' retrieved from /opt/airflow/dags/dag.py
[2026-06-05T09:32:42.167+0000] {logging_mixin.py:190} INFO - [2026-06-05T09:32:42.166+0000] {dag.py:3239} INFO - Sync 1 DAGs
[2026-06-05T09:32:42.174+0000] {logging_mixin.py:190} INFO - [2026-06-05T09:32:42.174+0000] {dag.py:4180} INFO - Setting next_dagrun for f1_medallion_pipeline to None, run_after=None
[2026-06-05T09:32:42.189+0000] {processor.py:208} INFO - Processing /opt/airflow/dags/dag.py took 0.071 seconds
[2026-06-05T09:33:12.387+0000] {processor.py:186} INFO - Started process (PID=252) to work on /opt/airflow/dags/dag.py
[2026-06-05T09:33:12.388+0000] {processor.py:914} INFO - Processing file /opt/airflow/dags/dag.py for tasks to queue
[2026-06-05T09:33:12.389+0000] {logging_mixin.py:190} INFO - [2026-06-05T09:33:12.389+0000] {dagbag.py:588} INFO - Filling up the DagBag from /opt/airflow/dags/dag.py
[2026-06-05T09:33:12.403+0000] {processor.py:925} INFO - DAG(s) 'f1_medallion_pipeline' retrieved from /opt/airflow/dags/dag.py
[2026-06-05T09:33:12.418+0000] {logging_mixin.py:190} INFO - [2026-06-05T09:33:12.418+0000] {dag.py:3239} INFO - Sync 1 DAGs
[2026-06-05T09:33:12.425+0000] {logging_mixin.py:190} INFO - [2026-06-05T09:33:12.425+0000] {dag.py:4180} INFO - Setting next_dagrun for f1_medallion_pipeline to None, run_after=None
[2026-06-05T09:33:12.440+0000] {processor.py:208} INFO - Processing /opt/airflow/dags/dag.py took 0.057 seconds
[2026-06-05T09:33:28.503+0000] {processor.py:186} INFO - Started process (PID=257) to work on /opt/airflow/dags/dag.py
[2026-06-05T09:33:28.505+0000] {processor.py:914} INFO - Processing file /opt/airflow/dags/dag.py for tasks to queue
[2026-06-05T09:33:28.506+0000] {logging_mixin.py:190} INFO - [2026-06-05T09:33:28.506+0000] {dagbag.py:588} INFO - Filling up the DagBag from /opt/airflow/dags/dag.py
[2026-06-05T09:33:28.531+0000] {processor.py:925} INFO - DAG(s) 'f1_medallion_pipeline' retrieved from /opt/airflow/dags/dag.py
[2026-06-05T09:33:28.549+0000] {logging_mixin.py:190} INFO - [2026-06-05T09:33:28.549+0000] {dag.py:3239} INFO - Sync 1 DAGs
[2026-06-05T09:33:28.556+0000] {logging_mixin.py:190} INFO - [2026-06-05T09:33:28.556+0000] {dag.py:4180} INFO - Setting next_dagrun for f1_medallion_pipeline to None, run_after=None
[2026-06-05T09:33:28.577+0000] {processor.py:208} INFO - Processing /opt/airflow/dags/dag.py took 0.078 seconds
[2026-06-05T09:33:58.709+0000] {processor.py:186} INFO - Started process (PID=265) to work on /opt/airflow/dags/dag.py
[2026-06-05T09:33:58.710+0000] {processor.py:914} INFO - Processing file /opt/airflow/dags/dag.py for tasks to queue
[2026-06-05T09:33:58.711+0000] {logging_mixin.py:190} INFO - [2026-06-05T09:33:58.711+0000] {dagbag.py:588} INFO - Filling up the DagBag from /opt/airflow/dags/dag.py
[2026-06-05T09:33:58.725+0000] {processor.py:925} INFO - DAG(s) 'f1_medallion_pipeline' retrieved from /opt/airflow/dags/dag.py
[2026-06-05T09:33:58.739+0000] {logging_mixin.py:190} INFO - [2026-06-05T09:33:58.739+0000] {dag.py:3239} INFO - Sync 1 DAGs
[2026-06-05T09:33:58.746+0000] {logging_mixin.py:190} INFO - [2026-06-05T09:33:58.746+0000] {dag.py:4180} INFO - Setting next_dagrun for f1_medallion_pipeline to None, run_after=None
[2026-06-05T09:33:58.759+0000] {processor.py:208} INFO - Processing /opt/airflow/dags/dag.py took 0.054 seconds
[2026-06-05T09:34:28.883+0000] {processor.py:186} INFO - Started process (PID=270) to work on /opt/airflow/dags/dag.py
[2026-06-05T09:34:28.883+0000] {processor.py:914} INFO - Processing file /opt/airflow/dags/dag.py for tasks to queue
[2026-06-05T09:34:28.885+0000] {logging_mixin.py:190} INFO - [2026-06-05T09:34:28.885+0000] {dagbag.py:588} INFO - Filling up the DagBag from /opt/airflow/dags/dag.py
[2026-06-05T09:34:28.899+0000] {processor.py:925} INFO - DAG(s) 'f1_medallion_pipeline' retrieved from /opt/airflow/dags/dag.py
[2026-06-05T09:34:28.915+0000] {logging_mixin.py:190} INFO - [2026-06-05T09:34:28.915+0000] {dag.py:3239} INFO - Sync 1 DAGs
[2026-06-05T09:34:28.922+0000] {logging_mixin.py:190} INFO - [2026-06-05T09:34:28.922+0000] {dag.py:4180} INFO - Setting next_dagrun for f1_medallion_pipeline to None, run_after=None
[2026-06-05T09:34:28.935+0000] {processor.py:208} INFO - Processing /opt/airflow/dags/dag.py took 0.057 seconds
[2026-06-05T09:34:59.058+0000] {processor.py:186} INFO - Started process (PID=275) to work on /opt/airflow/dags/dag.py
[2026-06-05T09:34:59.058+0000] {processor.py:914} INFO - Processing file /opt/airflow/dags/dag.py for tasks to queue
[2026-06-05T09:34:59.060+0000] {logging_mixin.py:190} INFO - [2026-06-05T09:34:59.060+0000] {dagbag.py:588} INFO - Filling up the DagBag from /opt/airflow/dags/dag.py
[2026-06-05T09:34:59.074+0000] {processor.py:925} INFO - DAG(s) 'f1_medallion_pipeline' retrieved from /opt/airflow/dags/dag.py
[2026-06-05T09:34:59.089+0000] {logging_mixin.py:190} INFO - [2026-06-05T09:34:59.089+0000] {dag.py:3239} INFO - Sync 1 DAGs
[2026-06-05T09:34:59.096+0000] {logging_mixin.py:190} INFO - [2026-06-05T09:34:59.096+0000] {dag.py:4180} INFO - Setting next_dagrun for f1_medallion_pipeline to None, run_after=None
[2026-06-05T09:34:59.109+0000] {processor.py:208} INFO - Processing /opt/airflow/dags/dag.py took 0.057 seconds
[2026-06-05T09:35:29.256+0000] {processor.py:186} INFO - Started process (PID=280) to work on /opt/airflow/dags/dag.py
[2026-06-05T09:35:29.257+0000] {processor.py:914} INFO - Processing file /opt/airflow/dags/dag.py for tasks to queue
[2026-06-05T09:35:29.259+0000] {logging_mixin.py:190} INFO - [2026-06-05T09:35:29.258+0000] {dagbag.py:588} INFO - Filling up the DagBag from /opt/airflow/dags/dag.py
[2026-06-05T09:35:29.272+0000] {processor.py:925} INFO - DAG(s) 'f1_medallion_pipeline' retrieved from /opt/airflow/dags/dag.py
[2026-06-05T09:35:29.289+0000] {logging_mixin.py:190} INFO - [2026-06-05T09:35:29.288+0000] {dag.py:3239} INFO - Sync 1 DAGs
[2026-06-05T09:35:29.297+0000] {logging_mixin.py:190} INFO - [2026-06-05T09:35:29.296+0000] {dag.py:4180} INFO - Setting next_dagrun for f1_medallion_pipeline to None, run_after=None
[2026-06-05T09:35:29.310+0000] {processor.py:208} INFO - Processing /opt/airflow/dags/dag.py took 0.058 seconds
[2026-06-05T09:35:59.432+0000] {processor.py:186} INFO - Started process (PID=285) to work on /opt/airflow/dags/dag.py
[2026-06-05T09:35:59.439+0000] {processor.py:914} INFO - Processing file /opt/airflow/dags/dag.py for tasks to queue
[2026-06-05T09:35:59.441+0000] {logging_mixin.py:190} INFO - [2026-06-05T09:35:59.441+0000] {dagbag.py:588} INFO - Filling up the DagBag from /opt/airflow/dags/dag.py
[2026-06-05T09:35:59.455+0000] {processor.py:925} INFO - DAG(s) 'f1_medallion_pipeline' retrieved from /opt/airflow/dags/dag.py
[2026-06-05T09:35:59.470+0000] {logging_mixin.py:190} INFO - [2026-06-05T09:35:59.469+0000] {dag.py:3239} INFO - Sync 1 DAGs
[2026-06-05T09:35:59.476+0000] {logging_mixin.py:190} INFO - [2026-06-05T09:35:59.476+0000] {dag.py:4180} INFO - Setting next_dagrun for f1_medallion_pipeline to None, run_after=None
[2026-06-05T09:35:59.489+0000] {processor.py:208} INFO - Processing /opt/airflow/dags/dag.py took 0.061 seconds
[2026-06-05T09:36:29.666+0000] {processor.py:186} INFO - Started process (PID=290) to work on /opt/airflow/dags/dag.py
[2026-06-05T09:36:29.667+0000] {processor.py:914} INFO - Processing file /opt/airflow/dags/dag.py for tasks to queue
[2026-06-05T09:36:29.668+0000] {logging_mixin.py:190} INFO - [2026-06-05T09:36:29.668+0000] {dagbag.py:588} INFO - Filling up the DagBag from /opt/airflow/dags/dag.py
[2026-06-05T09:36:29.681+0000] {processor.py:925} INFO - DAG(s) 'f1_medallion_pipeline' retrieved from /opt/airflow/dags/dag.py
[2026-06-05T09:36:29.697+0000] {logging_mixin.py:190} INFO - [2026-06-05T09:36:29.697+0000] {dag.py:3239} INFO - Sync 1 DAGs
[2026-06-05T09:36:29.704+0000] {logging_mixin.py:190} INFO - [2026-06-05T09:36:29.704+0000] {dag.py:4180} INFO - Setting next_dagrun for f1_medallion_pipeline to None, run_after=None
[2026-06-05T09:36:29.717+0000] {processor.py:208} INFO - Processing /opt/airflow/dags/dag.py took 0.055 seconds
[2026-06-05T09:36:59.861+0000] {processor.py:186} INFO - Started process (PID=295) to work on /opt/airflow/dags/dag.py
[2026-06-05T09:36:59.862+0000] {processor.py:914} INFO - Processing file /opt/airflow/dags/dag.py for tasks to queue
[2026-06-05T09:36:59.864+0000] {logging_mixin.py:190} INFO - [2026-06-05T09:36:59.863+0000] {dagbag.py:588} INFO - Filling up the DagBag from /opt/airflow/dags/dag.py
[2026-06-05T09:36:59.877+0000] {processor.py:925} INFO - DAG(s) 'f1_medallion_pipeline' retrieved from /opt/airflow/dags/dag.py
[2026-06-05T09:36:59.893+0000] {logging_mixin.py:190} INFO - [2026-06-05T09:36:59.893+0000] {dag.py:3239} INFO - Sync 1 DAGs
[2026-06-05T09:36:59.901+0000] {logging_mixin.py:190} INFO - [2026-06-05T09:36:59.901+0000] {dag.py:4180} INFO - Setting next_dagrun for f1_medallion_pipeline to None, run_after=None
[2026-06-05T09:36:59.916+0000] {processor.py:208} INFO - Processing /opt/airflow/dags/dag.py took 0.060 seconds
[2026-06-05T09:37:30.059+0000] {processor.py:186} INFO - Started process (PID=300) to work on /opt/airflow/dags/dag.py
[2026-06-05T09:37:30.060+0000] {processor.py:914} INFO - Processing file /opt/airflow/dags/dag.py for tasks to queue
[2026-06-05T09:37:30.061+0000] {logging_mixin.py:190} INFO - [2026-06-05T09:37:30.061+0000] {dagbag.py:588} INFO - Filling up the DagBag from /opt/airflow/dags/dag.py
[2026-06-05T09:37:30.075+0000] {processor.py:925} INFO - DAG(s) 'f1_medallion_pipeline' retrieved from /opt/airflow/dags/dag.py
[2026-06-05T09:37:30.091+0000] {logging_mixin.py:190} INFO - [2026-06-05T09:37:30.091+0000] {dag.py:3239} INFO - Sync 1 DAGs
[2026-06-05T09:37:30.098+0000] {logging_mixin.py:190} INFO - [2026-06-05T09:37:30.098+0000] {dag.py:4180} INFO - Setting next_dagrun for f1_medallion_pipeline to None, run_after=None
[2026-06-05T09:37:30.112+0000] {processor.py:208} INFO - Processing /opt/airflow/dags/dag.py took 0.058 seconds
[2026-06-05T09:38:00.244+0000] {processor.py:186} INFO - Started process (PID=305) to work on /opt/airflow/dags/dag.py
[2026-06-05T09:38:00.245+0000] {processor.py:914} INFO - Processing file /opt/airflow/dags/dag.py for tasks to queue
[2026-06-05T09:38:00.246+0000] {logging_mixin.py:190} INFO - [2026-06-05T09:38:00.246+0000] {dagbag.py:588} INFO - Filling up the DagBag from /opt/airflow/dags/dag.py
[2026-06-05T09:38:00.262+0000] {processor.py:925} INFO - DAG(s) 'f1_medallion_pipeline' retrieved from /opt/airflow/dags/dag.py
[2026-06-05T09:38:00.281+0000] {logging_mixin.py:190} INFO - [2026-06-05T09:38:00.281+0000] {dag.py:3239} INFO - Sync 1 DAGs
[2026-06-05T09:38:00.288+0000] {logging_mixin.py:190} INFO - [2026-06-05T09:38:00.288+0000] {dag.py:4180} INFO - Setting next_dagrun for f1_medallion_pipeline to None, run_after=None
[2026-06-05T09:38:00.302+0000] {processor.py:208} INFO - Processing /opt/airflow/dags/dag.py took 0.064 seconds
[2026-06-05T09:38:30.475+0000] {processor.py:186} INFO - Started process (PID=310) to work on /opt/airflow/dags/dag.py
[2026-06-05T09:38:30.476+0000] {processor.py:914} INFO - Processing file /opt/airflow/dags/dag.py for tasks to queue
[2026-06-05T09:38:30.477+0000] {logging_mixin.py:190} INFO - [2026-06-05T09:38:30.477+0000] {dagbag.py:588} INFO - Filling up the DagBag from /opt/airflow/dags/dag.py
[2026-06-05T09:38:30.491+0000] {processor.py:925} INFO - DAG(s) 'f1_medallion_pipeline' retrieved from /opt/airflow/dags/dag.py
[2026-06-05T09:38:30.505+0000] {logging_mixin.py:190} INFO - [2026-06-05T09:38:30.505+0000] {dag.py:3239} INFO - Sync 1 DAGs
[2026-06-05T09:38:30.512+0000] {logging_mixin.py:190} INFO - [2026-06-05T09:38:30.512+0000] {dag.py:4180} INFO - Setting next_dagrun for f1_medallion_pipeline to None, run_after=None
[2026-06-05T09:38:30.525+0000] {processor.py:208} INFO - Processing /opt/airflow/dags/dag.py took 0.055 seconds
[2026-06-05T09:39:00.666+0000] {processor.py:186} INFO - Started process (PID=315) to work on /opt/airflow/dags/dag.py
[2026-06-05T09:39:00.666+0000] {processor.py:914} INFO - Processing file /opt/airflow/dags/dag.py for tasks to queue
[2026-06-05T09:39:00.668+0000] {logging_mixin.py:190} INFO - [2026-06-05T09:39:00.668+0000] {dagbag.py:588} INFO - Filling up the DagBag from /opt/airflow/dags/dag.py
[2026-06-05T09:39:00.681+0000] {processor.py:925} INFO - DAG(s) 'f1_medallion_pipeline' retrieved from /opt/airflow/dags/dag.py
[2026-06-05T09:39:00.696+0000] {logging_mixin.py:190} INFO - [2026-06-05T09:39:00.696+0000] {dag.py:3239} INFO - Sync 1 DAGs
[2026-06-05T09:39:00.704+0000] {logging_mixin.py:190} INFO - [2026-06-05T09:39:00.703+0000] {dag.py:4180} INFO - Setting next_dagrun for f1_medallion_pipeline to None, run_after=None
[2026-06-05T09:39:00.717+0000] {processor.py:208} INFO - Processing /opt/airflow/dags/dag.py took 0.056 seconds
[2026-06-05T09:39:30.875+0000] {processor.py:186} INFO - Started process (PID=320) to work on /opt/airflow/dags/dag.py
[2026-06-05T09:39:30.876+0000] {processor.py:914} INFO - Processing file /opt/airflow/dags/dag.py for tasks to queue
[2026-06-05T09:39:30.878+0000] {logging_mixin.py:190} INFO - [2026-06-05T09:39:30.877+0000] {dagbag.py:588} INFO - Filling up the DagBag from /opt/airflow/dags/dag.py
[2026-06-05T09:39:30.891+0000] {processor.py:925} INFO - DAG(s) 'f1_medallion_pipeline' retrieved from /opt/airflow/dags/dag.py
[2026-06-05T09:39:30.906+0000] {logging_mixin.py:190} INFO - [2026-06-05T09:39:30.906+0000] {dag.py:3239} INFO - Sync 1 DAGs
[2026-06-05T09:39:30.913+0000] {logging_mixin.py:190} INFO - [2026-06-05T09:39:30.913+0000] {dag.py:4180} INFO - Setting next_dagrun for f1_medallion_pipeline to None, run_after=None
[2026-06-05T09:39:30.927+0000] {processor.py:208} INFO - Processing /opt/airflow/dags/dag.py took 0.056 seconds
[2026-06-05T09:40:01.061+0000] {processor.py:186} INFO - Started process (PID=325) to work on /opt/airflow/dags/dag.py
[2026-06-05T09:40:01.062+0000] {processor.py:914} INFO - Processing file /opt/airflow/dags/dag.py for tasks to queue
[2026-06-05T09:40:01.064+0000] {logging_mixin.py:190} INFO - [2026-06-05T09:40:01.063+0000] {dagbag.py:588} INFO - Filling up the DagBag from /opt/airflow/dags/dag.py
[2026-06-05T09:40:01.077+0000] {processor.py:925} INFO - DAG(s) 'f1_medallion_pipeline' retrieved from /opt/airflow/dags/dag.py
[2026-06-05T09:40:01.092+0000] {logging_mixin.py:190} INFO - [2026-06-05T09:40:01.092+0000] {dag.py:3239} INFO - Sync 1 DAGs
[2026-06-05T09:40:01.099+0000] {logging_mixin.py:190} INFO - [2026-06-05T09:40:01.099+0000] {dag.py:4180} INFO - Setting next_dagrun for f1_medallion_pipeline to None, run_after=None
[2026-06-05T09:40:01.113+0000] {processor.py:208} INFO - Processing /opt/airflow/dags/dag.py took 0.057 seconds
[2026-06-05T09:40:31.245+0000] {processor.py:186} INFO - Started process (PID=330) to work on /opt/airflow/dags/dag.py
[2026-06-05T09:40:31.245+0000] {processor.py:914} INFO - Processing file /opt/airflow/dags/dag.py for tasks to queue
[2026-06-05T09:40:31.247+0000] {logging_mixin.py:190} INFO - [2026-06-05T09:40:31.247+0000] {dagbag.py:588} INFO - Filling up the DagBag from /opt/airflow/dags/dag.py
[2026-06-05T09:40:31.261+0000] {processor.py:925} INFO - DAG(s) 'f1_medallion_pipeline' retrieved from /opt/airflow/dags/dag.py
[2026-06-05T09:40:31.276+0000] {logging_mixin.py:190} INFO - [2026-06-05T09:40:31.276+0000] {dag.py:3239} INFO - Sync 1 DAGs
[2026-06-05T09:40:31.283+0000] {logging_mixin.py:190} INFO - [2026-06-05T09:40:31.283+0000] {dag.py:4180} INFO - Setting next_dagrun for f1_medallion_pipeline to None, run_after=None
[2026-06-05T09:40:31.296+0000] {processor.py:208} INFO - Processing /opt/airflow/dags/dag.py took 0.056 seconds
[2026-06-05T09:41:01.449+0000] {processor.py:186} INFO - Started process (PID=335) to work on /opt/airflow/dags/dag.py
[2026-06-05T09:41:01.450+0000] {processor.py:914} INFO - Processing file /opt/airflow/dags/dag.py for tasks to queue
[2026-06-05T09:41:01.451+0000] {logging_mixin.py:190} INFO - [2026-06-05T09:41:01.451+0000] {dagbag.py:588} INFO - Filling up the DagBag from /opt/airflow/dags/dag.py
[2026-06-05T09:41:01.465+0000] {processor.py:925} INFO - DAG(s) 'f1_medallion_pipeline' retrieved from /opt/airflow/dags/dag.py
[2026-06-05T09:41:01.479+0000] {logging_mixin.py:190} INFO - [2026-06-05T09:41:01.479+0000] {dag.py:3239} INFO - Sync 1 DAGs
[2026-06-05T09:41:01.486+0000] {logging_mixin.py:190} INFO - [2026-06-05T09:41:01.486+0000] {dag.py:4180} INFO - Setting next_dagrun for f1_medallion_pipeline to None, run_after=None
[2026-06-05T09:41:01.500+0000] {processor.py:208} INFO - Processing /opt/airflow/dags/dag.py took 0.055 seconds
[2026-06-05T09:41:31.644+0000] {processor.py:186} INFO - Started process (PID=340) to work on /opt/airflow/dags/dag.py
[2026-06-05T09:41:31.644+0000] {processor.py:914} INFO - Processing file /opt/airflow/dags/dag.py for tasks to queue
[2026-06-05T09:41:31.646+0000] {logging_mixin.py:190} INFO - [2026-06-05T09:41:31.646+0000] {dagbag.py:588} INFO - Filling up the DagBag from /opt/airflow/dags/dag.py
[2026-06-05T09:41:31.660+0000] {processor.py:925} INFO - DAG(s) 'f1_medallion_pipeline' retrieved from /opt/airflow/dags/dag.py
[2026-06-05T09:41:31.675+0000] {logging_mixin.py:190} INFO - [2026-06-05T09:41:31.675+0000] {dag.py:3239} INFO - Sync 1 DAGs
[2026-06-05T09:41:31.682+0000] {logging_mixin.py:190} INFO - [2026-06-05T09:41:31.682+0000] {dag.py:4180} INFO - Setting next_dagrun for f1_medallion_pipeline to None, run_after=None
[2026-06-05T09:41:31.697+0000] {processor.py:208} INFO - Processing /opt/airflow/dags/dag.py took 0.058 seconds
[2026-06-05T09:42:01.858+0000] {processor.py:186} INFO - Started process (PID=345) to work on /opt/airflow/dags/dag.py
[2026-06-05T09:42:01.859+0000] {processor.py:914} INFO - Processing file /opt/airflow/dags/dag.py for tasks to queue
[2026-06-05T09:42:01.860+0000] {logging_mixin.py:190} INFO - [2026-06-05T09:42:01.860+0000] {dagbag.py:588} INFO - Filling up the DagBag from /opt/airflow/dags/dag.py
[2026-06-05T09:42:01.879+0000] {processor.py:925} INFO - DAG(s) 'f1_medallion_pipeline' retrieved from /opt/airflow/dags/dag.py
[2026-06-05T09:42:01.895+0000] {logging_mixin.py:190} INFO - [2026-06-05T09:42:01.895+0000] {dag.py:3239} INFO - Sync 1 DAGs
[2026-06-05T09:42:01.902+0000] {logging_mixin.py:190} INFO - [2026-06-05T09:42:01.902+0000] {dag.py:4180} INFO - Setting next_dagrun for f1_medallion_pipeline to None, run_after=None
[2026-06-05T09:42:01.917+0000] {processor.py:208} INFO - Processing /opt/airflow/dags/dag.py took 0.063 seconds
[2026-06-05T09:42:32.058+0000] {processor.py:186} INFO - Started process (PID=350) to work on /opt/airflow/dags/dag.py
[2026-06-05T09:42:32.059+0000] {processor.py:914} INFO - Processing file /opt/airflow/dags/dag.py for tasks to queue
[2026-06-05T09:42:32.061+0000] {logging_mixin.py:190} INFO - [2026-06-05T09:42:32.060+0000] {dagbag.py:588} INFO - Filling up the DagBag from /opt/airflow/dags/dag.py
[2026-06-05T09:42:32.077+0000] {processor.py:925} INFO - DAG(s) 'f1_medallion_pipeline' retrieved from /opt/airflow/dags/dag.py
[2026-06-05T09:42:32.095+0000] {logging_mixin.py:190} INFO - [2026-06-05T09:42:32.095+0000] {dag.py:3239} INFO - Sync 1 DAGs
[2026-06-05T09:42:32.103+0000] {logging_mixin.py:190} INFO - [2026-06-05T09:42:32.103+0000] {dag.py:4180} INFO - Setting next_dagrun for f1_medallion_pipeline to None, run_after=None
[2026-06-05T09:42:32.116+0000] {processor.py:208} INFO - Processing /opt/airflow/dags/dag.py took 0.064 seconds
[2026-06-05T09:43:02.287+0000] {processor.py:186} INFO - Started process (PID=355) to work on /opt/airflow/dags/dag.py
[2026-06-05T09:43:02.288+0000] {processor.py:914} INFO - Processing file /opt/airflow/dags/dag.py for tasks to queue
[2026-06-05T09:43:02.290+0000] {logging_mixin.py:190} INFO - [2026-06-05T09:43:02.290+0000] {dagbag.py:588} INFO - Filling up the DagBag from /opt/airflow/dags/dag.py
[2026-06-05T09:43:02.306+0000] {processor.py:925} INFO - DAG(s) 'f1_medallion_pipeline' retrieved from /opt/airflow/dags/dag.py
[2026-06-05T09:43:02.322+0000] {logging_mixin.py:190} INFO - [2026-06-05T09:43:02.322+0000] {dag.py:3239} INFO - Sync 1 DAGs
[2026-06-05T09:43:02.329+0000] {logging_mixin.py:190} INFO - [2026-06-05T09:43:02.329+0000] {dag.py:4180} INFO - Setting next_dagrun for f1_medallion_pipeline to None, run_after=None
[2026-06-05T09:43:02.341+0000] {processor.py:208} INFO - Processing /opt/airflow/dags/dag.py took 0.058 seconds
[2026-06-05T09:43:32.477+0000] {processor.py:186} INFO - Started process (PID=360) to work on /opt/airflow/dags/dag.py
[2026-06-05T09:43:32.478+0000] {processor.py:914} INFO - Processing file /opt/airflow/dags/dag.py for tasks to queue
[2026-06-05T09:43:32.479+0000] {logging_mixin.py:190} INFO - [2026-06-05T09:43:32.479+0000] {dagbag.py:588} INFO - Filling up the DagBag from /opt/airflow/dags/dag.py
[2026-06-05T09:43:32.495+0000] {processor.py:925} INFO - DAG(s) 'f1_medallion_pipeline' retrieved from /opt/airflow/dags/dag.py
[2026-06-05T09:43:32.510+0000] {logging_mixin.py:190} INFO - [2026-06-05T09:43:32.510+0000] {dag.py:3239} INFO - Sync 1 DAGs
[2026-06-05T09:43:32.517+0000] {logging_mixin.py:190} INFO - [2026-06-05T09:43:32.517+0000] {dag.py:4180} INFO - Setting next_dagrun for f1_medallion_pipeline to None, run_after=None
[2026-06-05T09:43:32.529+0000] {processor.py:208} INFO - Processing /opt/airflow/dags/dag.py took 0.057 seconds
[2026-06-05T09:44:02.674+0000] {processor.py:186} INFO - Started process (PID=365) to work on /opt/airflow/dags/dag.py
[2026-06-05T09:44:02.675+0000] {processor.py:914} INFO - Processing file /opt/airflow/dags/dag.py for tasks to queue
[2026-06-05T09:44:02.676+0000] {logging_mixin.py:190} INFO - [2026-06-05T09:44:02.676+0000] {dagbag.py:588} INFO - Filling up the DagBag from /opt/airflow/dags/dag.py
[2026-06-05T09:44:02.689+0000] {processor.py:925} INFO - DAG(s) 'f1_medallion_pipeline' retrieved from /opt/airflow/dags/dag.py
[2026-06-05T09:44:02.705+0000] {logging_mixin.py:190} INFO - [2026-06-05T09:44:02.705+0000] {dag.py:3239} INFO - Sync 1 DAGs
[2026-06-05T09:44:02.712+0000] {logging_mixin.py:190} INFO - [2026-06-05T09:44:02.712+0000] {dag.py:4180} INFO - Setting next_dagrun for f1_medallion_pipeline to None, run_after=None
[2026-06-05T09:44:02.724+0000] {processor.py:208} INFO - Processing /opt/airflow/dags/dag.py took 0.055 seconds
[2026-06-05T09:44:32.852+0000] {processor.py:186} INFO - Started process (PID=370) to work on /opt/airflow/dags/dag.py
[2026-06-05T09:44:32.853+0000] {processor.py:914} INFO - Processing file /opt/airflow/dags/dag.py for tasks to queue
[2026-06-05T09:44:32.854+0000] {logging_mixin.py:190} INFO - [2026-06-05T09:44:32.854+0000] {dagbag.py:588} INFO - Filling up the DagBag from /opt/airflow/dags/dag.py
[2026-06-05T09:44:32.867+0000] {processor.py:925} INFO - DAG(s) 'f1_medallion_pipeline' retrieved from /opt/airflow/dags/dag.py
[2026-06-05T09:44:32.881+0000] {logging_mixin.py:190} INFO - [2026-06-05T09:44:32.881+0000] {dag.py:3239} INFO - Sync 1 DAGs
[2026-06-05T09:44:32.888+0000] {logging_mixin.py:190} INFO - [2026-06-05T09:44:32.888+0000] {dag.py:4180} INFO - Setting next_dagrun for f1_medallion_pipeline to None, run_after=None
[2026-06-05T09:44:32.899+0000] {processor.py:208} INFO - Processing /opt/airflow/dags/dag.py took 0.052 seconds
[2026-06-05T09:45:03.057+0000] {processor.py:186} INFO - Started process (PID=375) to work on /opt/airflow/dags/dag.py
[2026-06-05T09:45:03.058+0000] {processor.py:914} INFO - Processing file /opt/airflow/dags/dag.py for tasks to queue
[2026-06-05T09:45:03.059+0000] {logging_mixin.py:190} INFO - [2026-06-05T09:45:03.059+0000] {dagbag.py:588} INFO - Filling up the DagBag from /opt/airflow/dags/dag.py
[2026-06-05T09:45:03.073+0000] {processor.py:925} INFO - DAG(s) 'f1_medallion_pipeline' retrieved from /opt/airflow/dags/dag.py
[2026-06-05T09:45:03.087+0000] {logging_mixin.py:190} INFO - [2026-06-05T09:45:03.087+0000] {dag.py:3239} INFO - Sync 1 DAGs
[2026-06-05T09:45:03.095+0000] {logging_mixin.py:190} INFO - [2026-06-05T09:45:03.095+0000] {dag.py:4180} INFO - Setting next_dagrun for f1_medallion_pipeline to None, run_after=None
[2026-06-05T09:45:03.108+0000] {processor.py:208} INFO - Processing /opt/airflow/dags/dag.py took 0.055 seconds
[2026-06-05T09:45:33.264+0000] {processor.py:186} INFO - Started process (PID=380) to work on /opt/airflow/dags/dag.py
[2026-06-05T09:45:33.265+0000] {processor.py:914} INFO - Processing file /opt/airflow/dags/dag.py for tasks to queue
[2026-06-05T09:45:33.267+0000] {logging_mixin.py:190} INFO - [2026-06-05T09:45:33.266+0000] {dagbag.py:588} INFO - Filling up the DagBag from /opt/airflow/dags/dag.py
[2026-06-05T09:45:33.280+0000] {processor.py:925} INFO - DAG(s) 'f1_medallion_pipeline' retrieved from /opt/airflow/dags/dag.py
[2026-06-05T09:45:33.297+0000] {logging_mixin.py:190} INFO - [2026-06-05T09:45:33.297+0000] {dag.py:3239} INFO - Sync 1 DAGs
[2026-06-05T09:45:33.304+0000] {logging_mixin.py:190} INFO - [2026-06-05T09:45:33.304+0000] {dag.py:4180} INFO - Setting next_dagrun for f1_medallion_pipeline to None, run_after=None
[2026-06-05T09:45:33.322+0000] {processor.py:208} INFO - Processing /opt/airflow/dags/dag.py took 0.062 seconds
[2026-06-05T09:46:03.469+0000] {processor.py:186} INFO - Started process (PID=385) to work on /opt/airflow/dags/dag.py
[2026-06-05T09:46:03.470+0000] {processor.py:914} INFO - Processing file /opt/airflow/dags/dag.py for tasks to queue
[2026-06-05T09:46:03.471+0000] {logging_mixin.py:190} INFO - [2026-06-05T09:46:03.471+0000] {dagbag.py:588} INFO - Filling up the DagBag from /opt/airflow/dags/dag.py
[2026-06-05T09:46:03.486+0000] {processor.py:925} INFO - DAG(s) 'f1_medallion_pipeline' retrieved from /opt/airflow/dags/dag.py
[2026-06-05T09:46:03.505+0000] {logging_mixin.py:190} INFO - [2026-06-05T09:46:03.505+0000] {dag.py:3239} INFO - Sync 1 DAGs
[2026-06-05T09:46:03.512+0000] {logging_mixin.py:190} INFO - [2026-06-05T09:46:03.512+0000] {dag.py:4180} INFO - Setting next_dagrun for f1_medallion_pipeline to None, run_after=None
[2026-06-05T09:46:03.525+0000] {processor.py:208} INFO - Processing /opt/airflow/dags/dag.py took 0.061 seconds
[2026-06-05T09:46:33.692+0000] {processor.py:186} INFO - Started process (PID=390) to work on /opt/airflow/dags/dag.py
[2026-06-05T09:46:33.693+0000] {processor.py:914} INFO - Processing file /opt/airflow/dags/dag.py for tasks to queue
[2026-06-05T09:46:33.695+0000] {logging_mixin.py:190} INFO - [2026-06-05T09:46:33.694+0000] {dagbag.py:588} INFO - Filling up the DagBag from /opt/airflow/dags/dag.py
[2026-06-05T09:46:33.707+0000] {processor.py:925} INFO - DAG(s) 'f1_medallion_pipeline' retrieved from /opt/airflow/dags/dag.py
[2026-06-05T09:46:33.722+0000] {logging_mixin.py:190} INFO - [2026-06-05T09:46:33.721+0000] {dag.py:3239} INFO - Sync 1 DAGs
[2026-06-05T09:46:33.728+0000] {logging_mixin.py:190} INFO - [2026-06-05T09:46:33.728+0000] {dag.py:4180} INFO - Setting next_dagrun for f1_medallion_pipeline to None, run_after=None
[2026-06-05T09:46:33.740+0000] {processor.py:208} INFO - Processing /opt/airflow/dags/dag.py took 0.058 seconds
[2026-06-05T09:47:03.897+0000] {processor.py:186} INFO - Started process (PID=395) to work on /opt/airflow/dags/dag.py
[2026-06-05T09:47:03.897+0000] {processor.py:914} INFO - Processing file /opt/airflow/dags/dag.py for tasks to queue
[2026-06-05T09:47:03.899+0000] {logging_mixin.py:190} INFO - [2026-06-05T09:47:03.899+0000] {dagbag.py:588} INFO - Filling up the DagBag from /opt/airflow/dags/dag.py
[2026-06-05T09:47:03.912+0000] {processor.py:925} INFO - DAG(s) 'f1_medallion_pipeline' retrieved from /opt/airflow/dags/dag.py
[2026-06-05T09:47:03.929+0000] {logging_mixin.py:190} INFO - [2026-06-05T09:47:03.929+0000] {dag.py:3239} INFO - Sync 1 DAGs
[2026-06-05T09:47:03.936+0000] {logging_mixin.py:190} INFO - [2026-06-05T09:47:03.936+0000] {dag.py:4180} INFO - Setting next_dagrun for f1_medallion_pipeline to None, run_after=None
[2026-06-05T09:47:03.948+0000] {processor.py:208} INFO - Processing /opt/airflow/dags/dag.py took 0.055 seconds
[2026-06-05T09:47:34.076+0000] {processor.py:186} INFO - Started process (PID=400) to work on /opt/airflow/dags/dag.py
[2026-06-05T09:47:34.077+0000] {processor.py:914} INFO - Processing file /opt/airflow/dags/dag.py for tasks to queue
[2026-06-05T09:47:34.078+0000] {logging_mixin.py:190} INFO - [2026-06-05T09:47:34.078+0000] {dagbag.py:588} INFO - Filling up the DagBag from /opt/airflow/dags/dag.py
[2026-06-05T09:47:34.097+0000] {processor.py:925} INFO - DAG(s) 'f1_medallion_pipeline' retrieved from /opt/airflow/dags/dag.py
[2026-06-05T09:47:34.113+0000] {logging_mixin.py:190} INFO - [2026-06-05T09:47:34.113+0000] {dag.py:3239} INFO - Sync 1 DAGs
[2026-06-05T09:47:34.120+0000] {logging_mixin.py:190} INFO - [2026-06-05T09:47:34.119+0000] {dag.py:4180} INFO - Setting next_dagrun for f1_medallion_pipeline to None, run_after=None
[2026-06-05T09:47:34.135+0000] {processor.py:208} INFO - Processing /opt/airflow/dags/dag.py took 0.064 seconds
[2026-06-05T09:48:04.319+0000] {processor.py:186} INFO - Started process (PID=405) to work on /opt/airflow/dags/dag.py
[2026-06-05T09:48:04.320+0000] {processor.py:914} INFO - Processing file /opt/airflow/dags/dag.py for tasks to queue
[2026-06-05T09:48:04.321+0000] {logging_mixin.py:190} INFO - [2026-06-05T09:48:04.321+0000] {dagbag.py:588} INFO - Filling up the DagBag from /opt/airflow/dags/dag.py
[2026-06-05T09:48:04.335+0000] {processor.py:925} INFO - DAG(s) 'f1_medallion_pipeline' retrieved from /opt/airflow/dags/dag.py
[2026-06-05T09:48:04.350+0000] {logging_mixin.py:190} INFO - [2026-06-05T09:48:04.349+0000] {dag.py:3239} INFO - Sync 1 DAGs
[2026-06-05T09:48:04.357+0000] {logging_mixin.py:190} INFO - [2026-06-05T09:48:04.357+0000] {dag.py:4180} INFO - Setting next_dagrun for f1_medallion_pipeline to None, run_after=None
[2026-06-05T09:48:04.369+0000] {processor.py:208} INFO - Processing /opt/airflow/dags/dag.py took 0.054 seconds
[2026-06-05T09:48:34.519+0000] {processor.py:186} INFO - Started process (PID=410) to work on /opt/airflow/dags/dag.py
[2026-06-05T09:48:34.519+0000] {processor.py:914} INFO - Processing file /opt/airflow/dags/dag.py for tasks to queue
[2026-06-05T09:48:34.521+0000] {logging_mixin.py:190} INFO - [2026-06-05T09:48:34.521+0000] {dagbag.py:588} INFO - Filling up the DagBag from /opt/airflow/dags/dag.py
[2026-06-05T09:48:34.538+0000] {processor.py:925} INFO - DAG(s) 'f1_medallion_pipeline' retrieved from /opt/airflow/dags/dag.py
[2026-06-05T09:48:34.553+0000] {logging_mixin.py:190} INFO - [2026-06-05T09:48:34.553+0000] {dag.py:3239} INFO - Sync 1 DAGs
[2026-06-05T09:48:34.559+0000] {logging_mixin.py:190} INFO - [2026-06-05T09:48:34.559+0000] {dag.py:4180} INFO - Setting next_dagrun for f1_medallion_pipeline to None, run_after=None
[2026-06-05T09:48:34.570+0000] {processor.py:208} INFO - Processing /opt/airflow/dags/dag.py took 0.056 seconds
[2026-06-05T09:49:04.741+0000] {processor.py:186} INFO - Started process (PID=415) to work on /opt/airflow/dags/dag.py
[2026-06-05T09:49:04.742+0000] {processor.py:914} INFO - Processing file /opt/airflow/dags/dag.py for tasks to queue
[2026-06-05T09:49:04.743+0000] {logging_mixin.py:190} INFO - [2026-06-05T09:49:04.743+0000] {dagbag.py:588} INFO - Filling up the DagBag from /opt/airflow/dags/dag.py
[2026-06-05T09:49:04.757+0000] {processor.py:925} INFO - DAG(s) 'f1_medallion_pipeline' retrieved from /opt/airflow/dags/dag.py
[2026-06-05T09:49:04.773+0000] {logging_mixin.py:190} INFO - [2026-06-05T09:49:04.773+0000] {dag.py:3239} INFO - Sync 1 DAGs
[2026-06-05T09:49:04.782+0000] {logging_mixin.py:190} INFO - [2026-06-05T09:49:04.782+0000] {dag.py:4180} INFO - Setting next_dagrun for f1_medallion_pipeline to None, run_after=None
[2026-06-05T09:49:04.795+0000] {processor.py:208} INFO - Processing /opt/airflow/dags/dag.py took 0.058 seconds
[2026-06-05T09:49:34.909+0000] {processor.py:186} INFO - Started process (PID=420) to work on /opt/airflow/dags/dag.py
[2026-06-05T09:49:34.910+0000] {processor.py:914} INFO - Processing file /opt/airflow/dags/dag.py for tasks to queue
[2026-06-05T09:49:34.911+0000] {logging_mixin.py:190} INFO - [2026-06-05T09:49:34.911+0000] {dagbag.py:588} INFO - Filling up the DagBag from /opt/airflow/dags/dag.py
[2026-06-05T09:49:34.924+0000] {processor.py:925} INFO - DAG(s) 'f1_medallion_pipeline' retrieved from /opt/airflow/dags/dag.py
[2026-06-05T09:49:34.941+0000] {logging_mixin.py:190} INFO - [2026-06-05T09:49:34.940+0000] {dag.py:3239} INFO - Sync 1 DAGs
[2026-06-05T09:49:34.948+0000] {logging_mixin.py:190} INFO - [2026-06-05T09:49:34.947+0000] {dag.py:4180} INFO - Setting next_dagrun for f1_medallion_pipeline to None, run_after=None
[2026-06-05T09:49:34.960+0000] {processor.py:208} INFO - Processing /opt/airflow/dags/dag.py took 0.057 seconds
[2026-06-05T09:50:05.139+0000] {processor.py:186} INFO - Started process (PID=425) to work on /opt/airflow/dags/dag.py
[2026-06-05T09:50:05.140+0000] {processor.py:914} INFO - Processing file /opt/airflow/dags/dag.py for tasks to queue
[2026-06-05T09:50:05.141+0000] {logging_mixin.py:190} INFO - [2026-06-05T09:50:05.141+0000] {dagbag.py:588} INFO - Filling up the DagBag from /opt/airflow/dags/dag.py
[2026-06-05T09:50:05.156+0000] {processor.py:925} INFO - DAG(s) 'f1_medallion_pipeline' retrieved from /opt/airflow/dags/dag.py
[2026-06-05T09:50:05.171+0000] {logging_mixin.py:190} INFO - [2026-06-05T09:50:05.170+0000] {dag.py:3239} INFO - Sync 1 DAGs
[2026-06-05T09:50:05.178+0000] {logging_mixin.py:190} INFO - [2026-06-05T09:50:05.178+0000] {dag.py:4180} INFO - Setting next_dagrun for f1_medallion_pipeline to None, run_after=None
[2026-06-05T09:50:05.191+0000] {processor.py:208} INFO - Processing /opt/airflow/dags/dag.py took 0.056 seconds
[2026-06-05T09:50:35.326+0000] {processor.py:186} INFO - Started process (PID=430) to work on /opt/airflow/dags/dag.py
[2026-06-05T09:50:35.328+0000] {processor.py:914} INFO - Processing file /opt/airflow/dags/dag.py for tasks to queue
[2026-06-05T09:50:35.329+0000] {logging_mixin.py:190} INFO - [2026-06-05T09:50:35.329+0000] {dagbag.py:588} INFO - Filling up the DagBag from /opt/airflow/dags/dag.py
[2026-06-05T09:50:35.345+0000] {processor.py:925} INFO - DAG(s) 'f1_medallion_pipeline' retrieved from /opt/airflow/dags/dag.py
[2026-06-05T09:50:35.360+0000] {logging_mixin.py:190} INFO - [2026-06-05T09:50:35.359+0000] {dag.py:3239} INFO - Sync 1 DAGs
[2026-06-05T09:50:35.367+0000] {logging_mixin.py:190} INFO - [2026-06-05T09:50:35.367+0000] {dag.py:4180} INFO - Setting next_dagrun for f1_medallion_pipeline to None, run_after=None
[2026-06-05T09:50:35.378+0000] {processor.py:208} INFO - Processing /opt/airflow/dags/dag.py took 0.057 seconds
[2026-06-05T09:51:05.532+0000] {processor.py:186} INFO - Started process (PID=435) to work on /opt/airflow/dags/dag.py
[2026-06-05T09:51:05.532+0000] {processor.py:914} INFO - Processing file /opt/airflow/dags/dag.py for tasks to queue
[2026-06-05T09:51:05.534+0000] {logging_mixin.py:190} INFO - [2026-06-05T09:51:05.533+0000] {dagbag.py:588} INFO - Filling up the DagBag from /opt/airflow/dags/dag.py
[2026-06-05T09:51:05.548+0000] {processor.py:925} INFO - DAG(s) 'f1_medallion_pipeline' retrieved from /opt/airflow/dags/dag.py
[2026-06-05T09:51:05.564+0000] {logging_mixin.py:190} INFO - [2026-06-05T09:51:05.564+0000] {dag.py:3239} INFO - Sync 1 DAGs
[2026-06-05T09:51:05.570+0000] {logging_mixin.py:190} INFO - [2026-06-05T09:51:05.570+0000] {dag.py:4180} INFO - Setting next_dagrun for f1_medallion_pipeline to None, run_after=None
[2026-06-05T09:51:05.581+0000] {processor.py:208} INFO - Processing /opt/airflow/dags/dag.py took 0.054 seconds
[2026-06-05T09:51:35.720+0000] {processor.py:186} INFO - Started process (PID=440) to work on /opt/airflow/dags/dag.py
[2026-06-05T09:51:35.721+0000] {processor.py:914} INFO - Processing file /opt/airflow/dags/dag.py for tasks to queue
[2026-06-05T09:51:35.722+0000] {logging_mixin.py:190} INFO - [2026-06-05T09:51:35.722+0000] {dagbag.py:588} INFO - Filling up the DagBag from /opt/airflow/dags/dag.py
[2026-06-05T09:51:35.735+0000] {processor.py:925} INFO - DAG(s) 'f1_medallion_pipeline' retrieved from /opt/airflow/dags/dag.py
[2026-06-05T09:51:35.750+0000] {logging_mixin.py:190} INFO - [2026-06-05T09:51:35.750+0000] {dag.py:3239} INFO - Sync 1 DAGs
[2026-06-05T09:51:35.757+0000] {logging_mixin.py:190} INFO - [2026-06-05T09:51:35.757+0000] {dag.py:4180} INFO - Setting next_dagrun for f1_medallion_pipeline to None, run_after=None
[2026-06-05T09:51:35.769+0000] {processor.py:208} INFO - Processing /opt/airflow/dags/dag.py took 0.054 seconds
[2026-06-05T09:52:05.903+0000] {processor.py:186} INFO - Started process (PID=445) to work on /opt/airflow/dags/dag.py
[2026-06-05T09:52:05.904+0000] {processor.py:914} INFO - Processing file /opt/airflow/dags/dag.py for tasks to queue
[2026-06-05T09:52:05.906+0000] {logging_mixin.py:190} INFO - [2026-06-05T09:52:05.906+0000] {dagbag.py:588} INFO - Filling up the DagBag from /opt/airflow/dags/dag.py
[2026-06-05T09:52:05.920+0000] {processor.py:925} INFO - DAG(s) 'f1_medallion_pipeline' retrieved from /opt/airflow/dags/dag.py
[2026-06-05T09:52:05.936+0000] {logging_mixin.py:190} INFO - [2026-06-05T09:52:05.935+0000] {dag.py:3239} INFO - Sync 1 DAGs
[2026-06-05T09:52:05.943+0000] {logging_mixin.py:190} INFO - [2026-06-05T09:52:05.943+0000] {dag.py:4180} INFO - Setting next_dagrun for f1_medallion_pipeline to None, run_after=None
[2026-06-05T09:52:05.954+0000] {processor.py:208} INFO - Processing /opt/airflow/dags/dag.py took 0.055 seconds
[2026-06-05T09:52:36.093+0000] {processor.py:186} INFO - Started process (PID=450) to work on /opt/airflow/dags/dag.py
[2026-06-05T09:52:36.094+0000] {processor.py:914} INFO - Processing file /opt/airflow/dags/dag.py for tasks to queue
[2026-06-05T09:52:36.095+0000] {logging_mixin.py:190} INFO - [2026-06-05T09:52:36.095+0000] {dagbag.py:588} INFO - Filling up the DagBag from /opt/airflow/dags/dag.py
[2026-06-05T09:52:36.108+0000] {processor.py:925} INFO - DAG(s) 'f1_medallion_pipeline' retrieved from /opt/airflow/dags/dag.py
[2026-06-05T09:52:36.123+0000] {logging_mixin.py:190} INFO - [2026-06-05T09:52:36.123+0000] {dag.py:3239} INFO - Sync 1 DAGs
[2026-06-05T09:52:36.130+0000] {logging_mixin.py:190} INFO - [2026-06-05T09:52:36.130+0000] {dag.py:4180} INFO - Setting next_dagrun for f1_medallion_pipeline to None, run_after=None
[2026-06-05T09:52:36.143+0000] {processor.py:208} INFO - Processing /opt/airflow/dags/dag.py took 0.055 seconds
[2026-06-05T09:53:06.284+0000] {processor.py:186} INFO - Started process (PID=455) to work on /opt/airflow/dags/dag.py
[2026-06-05T09:53:06.285+0000] {processor.py:914} INFO - Processing file /opt/airflow/dags/dag.py for tasks to queue
[2026-06-05T09:53:06.287+0000] {logging_mixin.py:190} INFO - [2026-06-05T09:53:06.286+0000] {dagbag.py:588} INFO - Filling up the DagBag from /opt/airflow/dags/dag.py
[2026-06-05T09:53:06.299+0000] {processor.py:925} INFO - DAG(s) 'f1_medallion_pipeline' retrieved from /opt/airflow/dags/dag.py
[2026-06-05T09:53:06.314+0000] {logging_mixin.py:190} INFO - [2026-06-05T09:53:06.314+0000] {dag.py:3239} INFO - Sync 1 DAGs
[2026-06-05T09:53:06.321+0000] {logging_mixin.py:190} INFO - [2026-06-05T09:53:06.321+0000] {dag.py:4180} INFO - Setting next_dagrun for f1_medallion_pipeline to None, run_after=None
[2026-06-05T09:53:06.334+0000] {processor.py:208} INFO - Processing /opt/airflow/dags/dag.py took 0.055 seconds
[2026-06-05T09:53:36.492+0000] {processor.py:186} INFO - Started process (PID=460) to work on /opt/airflow/dags/dag.py
[2026-06-05T09:53:36.493+0000] {processor.py:914} INFO - Processing file /opt/airflow/dags/dag.py for tasks to queue
[2026-06-05T09:53:36.494+0000] {logging_mixin.py:190} INFO - [2026-06-05T09:53:36.494+0000] {dagbag.py:588} INFO - Filling up the DagBag from /opt/airflow/dags/dag.py
[2026-06-05T09:53:36.508+0000] {processor.py:925} INFO - DAG(s) 'f1_medallion_pipeline' retrieved from /opt/airflow/dags/dag.py
[2026-06-05T09:53:36.523+0000] {logging_mixin.py:190} INFO - [2026-06-05T09:53:36.522+0000] {dag.py:3239} INFO - Sync 1 DAGs
[2026-06-05T09:53:36.529+0000] {logging_mixin.py:190} INFO - [2026-06-05T09:53:36.529+0000] {dag.py:4180} INFO - Setting next_dagrun for f1_medallion_pipeline to None, run_after=None
[2026-06-05T09:53:36.541+0000] {processor.py:208} INFO - Processing /opt/airflow/dags/dag.py took 0.052 seconds
[2026-06-05T09:54:06.679+0000] {processor.py:186} INFO - Started process (PID=465) to work on /opt/airflow/dags/dag.py
[2026-06-05T09:54:06.681+0000] {processor.py:914} INFO - Processing file /opt/airflow/dags/dag.py for tasks to queue
[2026-06-05T09:54:06.682+0000] {logging_mixin.py:190} INFO - [2026-06-05T09:54:06.682+0000] {dagbag.py:588} INFO - Filling up the DagBag from /opt/airflow/dags/dag.py
[2026-06-05T09:54:06.701+0000] {processor.py:925} INFO - DAG(s) 'f1_medallion_pipeline' retrieved from /opt/airflow/dags/dag.py
[2026-06-05T09:54:06.717+0000] {logging_mixin.py:190} INFO - [2026-06-05T09:54:06.717+0000] {dag.py:3239} INFO - Sync 1 DAGs
[2026-06-05T09:54:06.724+0000] {logging_mixin.py:190} INFO - [2026-06-05T09:54:06.724+0000] {dag.py:4180} INFO - Setting next_dagrun for f1_medallion_pipeline to None, run_after=None
[2026-06-05T09:54:06.735+0000] {processor.py:208} INFO - Processing /opt/airflow/dags/dag.py took 0.061 seconds
[2026-06-05T09:54:36.881+0000] {processor.py:186} INFO - Started process (PID=470) to work on /opt/airflow/dags/dag.py
[2026-06-05T09:54:36.881+0000] {processor.py:914} INFO - Processing file /opt/airflow/dags/dag.py for tasks to queue
[2026-06-05T09:54:36.883+0000] {logging_mixin.py:190} INFO - [2026-06-05T09:54:36.883+0000] {dagbag.py:588} INFO - Filling up the DagBag from /opt/airflow/dags/dag.py
[2026-06-05T09:54:36.898+0000] {processor.py:925} INFO - DAG(s) 'f1_medallion_pipeline' retrieved from /opt/airflow/dags/dag.py
[2026-06-05T09:54:36.917+0000] {logging_mixin.py:190} INFO - [2026-06-05T09:54:36.917+0000] {dag.py:3239} INFO - Sync 1 DAGs
[2026-06-05T09:54:36.924+0000] {logging_mixin.py:190} INFO - [2026-06-05T09:54:36.924+0000] {dag.py:4180} INFO - Setting next_dagrun for f1_medallion_pipeline to None, run_after=None
[2026-06-05T09:54:36.940+0000] {processor.py:208} INFO - Processing /opt/airflow/dags/dag.py took 0.065 seconds
[2026-06-05T09:55:07.059+0000] {processor.py:186} INFO - Started process (PID=475) to work on /opt/airflow/dags/dag.py
[2026-06-05T09:55:07.060+0000] {processor.py:914} INFO - Processing file /opt/airflow/dags/dag.py for tasks to queue
[2026-06-05T09:55:07.062+0000] {logging_mixin.py:190} INFO - [2026-06-05T09:55:07.061+0000] {dagbag.py:588} INFO - Filling up the DagBag from /opt/airflow/dags/dag.py
[2026-06-05T09:55:07.075+0000] {processor.py:925} INFO - DAG(s) 'f1_medallion_pipeline' retrieved from /opt/airflow/dags/dag.py
[2026-06-05T09:55:07.089+0000] {logging_mixin.py:190} INFO - [2026-06-05T09:55:07.089+0000] {dag.py:3239} INFO - Sync 1 DAGs
[2026-06-05T09:55:07.096+0000] {logging_mixin.py:190} INFO - [2026-06-05T09:55:07.096+0000] {dag.py:4180} INFO - Setting next_dagrun for f1_medallion_pipeline to None, run_after=None
[2026-06-05T09:55:07.108+0000] {processor.py:208} INFO - Processing /opt/airflow/dags/dag.py took 0.053 seconds
[2026-06-05T09:55:37.291+0000] {processor.py:186} INFO - Started process (PID=480) to work on /opt/airflow/dags/dag.py
[2026-06-05T09:55:37.292+0000] {processor.py:914} INFO - Processing file /opt/airflow/dags/dag.py for tasks to queue
[2026-06-05T09:55:37.294+0000] {logging_mixin.py:190} INFO - [2026-06-05T09:55:37.293+0000] {dagbag.py:588} INFO - Filling up the DagBag from /opt/airflow/dags/dag.py
[2026-06-05T09:55:37.308+0000] {processor.py:925} INFO - DAG(s) 'f1_medallion_pipeline' retrieved from /opt/airflow/dags/dag.py
[2026-06-05T09:55:37.324+0000] {logging_mixin.py:190} INFO - [2026-06-05T09:55:37.324+0000] {dag.py:3239} INFO - Sync 1 DAGs
[2026-06-05T09:55:37.332+0000] {logging_mixin.py:190} INFO - [2026-06-05T09:55:37.332+0000] {dag.py:4180} INFO - Setting next_dagrun for f1_medallion_pipeline to None, run_after=None
[2026-06-05T09:55:37.345+0000] {processor.py:208} INFO - Processing /opt/airflow/dags/dag.py took 0.059 seconds
[2026-06-05T09:56:07.481+0000] {processor.py:186} INFO - Started process (PID=485) to work on /opt/airflow/dags/dag.py
[2026-06-05T09:56:07.482+0000] {processor.py:914} INFO - Processing file /opt/airflow/dags/dag.py for tasks to queue
[2026-06-05T09:56:07.484+0000] {logging_mixin.py:190} INFO - [2026-06-05T09:56:07.484+0000] {dagbag.py:588} INFO - Filling up the DagBag from /opt/airflow/dags/dag.py
[2026-06-05T09:56:07.499+0000] {processor.py:925} INFO - DAG(s) 'f1_medallion_pipeline' retrieved from /opt/airflow/dags/dag.py
[2026-06-05T09:56:07.516+0000] {logging_mixin.py:190} INFO - [2026-06-05T09:56:07.515+0000] {dag.py:3239} INFO - Sync 1 DAGs
[2026-06-05T09:56:07.523+0000] {logging_mixin.py:190} INFO - [2026-06-05T09:56:07.523+0000] {dag.py:4180} INFO - Setting next_dagrun for f1_medallion_pipeline to None, run_after=None
[2026-06-05T09:56:07.536+0000] {processor.py:208} INFO - Processing /opt/airflow/dags/dag.py took 0.060 seconds
[2026-06-05T09:56:37.695+0000] {processor.py:186} INFO - Started process (PID=490) to work on /opt/airflow/dags/dag.py
[2026-06-05T09:56:37.695+0000] {processor.py:914} INFO - Processing file /opt/airflow/dags/dag.py for tasks to queue
[2026-06-05T09:56:37.697+0000] {logging_mixin.py:190} INFO - [2026-06-05T09:56:37.697+0000] {dagbag.py:588} INFO - Filling up the DagBag from /opt/airflow/dags/dag.py
[2026-06-05T09:56:37.713+0000] {processor.py:925} INFO - DAG(s) 'f1_medallion_pipeline' retrieved from /opt/airflow/dags/dag.py
[2026-06-05T09:56:37.729+0000] {logging_mixin.py:190} INFO - [2026-06-05T09:56:37.729+0000] {dag.py:3239} INFO - Sync 1 DAGs
[2026-06-05T09:56:37.737+0000] {logging_mixin.py:190} INFO - [2026-06-05T09:56:37.736+0000] {dag.py:4180} INFO - Setting next_dagrun for f1_medallion_pipeline to None, run_after=None
[2026-06-05T09:56:37.748+0000] {processor.py:208} INFO - Processing /opt/airflow/dags/dag.py took 0.058 seconds
[2026-06-05T09:57:07.878+0000] {processor.py:186} INFO - Started process (PID=495) to work on /opt/airflow/dags/dag.py
[2026-06-05T09:57:07.879+0000] {processor.py:914} INFO - Processing file /opt/airflow/dags/dag.py for tasks to queue
[2026-06-05T09:57:07.881+0000] {logging_mixin.py:190} INFO - [2026-06-05T09:57:07.881+0000] {dagbag.py:588} INFO - Filling up the DagBag from /opt/airflow/dags/dag.py
[2026-06-05T09:57:07.897+0000] {processor.py:925} INFO - DAG(s) 'f1_medallion_pipeline' retrieved from /opt/airflow/dags/dag.py
[2026-06-05T09:57:07.913+0000] {logging_mixin.py:190} INFO - [2026-06-05T09:57:07.913+0000] {dag.py:3239} INFO - Sync 1 DAGs
[2026-06-05T09:57:07.920+0000] {logging_mixin.py:190} INFO - [2026-06-05T09:57:07.920+0000] {dag.py:4180} INFO - Setting next_dagrun for f1_medallion_pipeline to None, run_after=None
[2026-06-05T09:57:07.934+0000] {processor.py:208} INFO - Processing /opt/airflow/dags/dag.py took 0.061 seconds
[2026-06-05T09:57:38.092+0000] {processor.py:186} INFO - Started process (PID=500) to work on /opt/airflow/dags/dag.py
[2026-06-05T09:57:38.092+0000] {processor.py:914} INFO - Processing file /opt/airflow/dags/dag.py for tasks to queue
[2026-06-05T09:57:38.094+0000] {logging_mixin.py:190} INFO - [2026-06-05T09:57:38.094+0000] {dagbag.py:588} INFO - Filling up the DagBag from /opt/airflow/dags/dag.py
[2026-06-05T09:57:38.107+0000] {processor.py:925} INFO - DAG(s) 'f1_medallion_pipeline' retrieved from /opt/airflow/dags/dag.py
[2026-06-05T09:57:38.123+0000] {logging_mixin.py:190} INFO - [2026-06-05T09:57:38.123+0000] {dag.py:3239} INFO - Sync 1 DAGs
[2026-06-05T09:57:38.131+0000] {logging_mixin.py:190} INFO - [2026-06-05T09:57:38.130+0000] {dag.py:4180} INFO - Setting next_dagrun for f1_medallion_pipeline to None, run_after=None
[2026-06-05T09:57:38.141+0000] {processor.py:208} INFO - Processing /opt/airflow/dags/dag.py took 0.054 seconds
[2026-06-05T09:58:08.307+0000] {processor.py:186} INFO - Started process (PID=505) to work on /opt/airflow/dags/dag.py
[2026-06-05T09:58:08.308+0000] {processor.py:914} INFO - Processing file /opt/airflow/dags/dag.py for tasks to queue
[2026-06-05T09:58:08.309+0000] {logging_mixin.py:190} INFO - [2026-06-05T09:58:08.309+0000] {dagbag.py:588} INFO - Filling up the DagBag from /opt/airflow/dags/dag.py
[2026-06-05T09:58:08.326+0000] {processor.py:925} INFO - DAG(s) 'f1_medallion_pipeline' retrieved from /opt/airflow/dags/dag.py
[2026-06-05T09:58:08.343+0000] {logging_mixin.py:190} INFO - [2026-06-05T09:58:08.343+0000] {dag.py:3239} INFO - Sync 1 DAGs
[2026-06-05T09:58:08.351+0000] {logging_mixin.py:190} INFO - [2026-06-05T09:58:08.351+0000] {dag.py:4180} INFO - Setting next_dagrun for f1_medallion_pipeline to None, run_after=None
[2026-06-05T09:58:08.363+0000] {processor.py:208} INFO - Processing /opt/airflow/dags/dag.py took 0.061 seconds
[2026-06-05T09:58:38.500+0000] {processor.py:186} INFO - Started process (PID=510) to work on /opt/airflow/dags/dag.py
[2026-06-05T09:58:38.501+0000] {processor.py:914} INFO - Processing file /opt/airflow/dags/dag.py for tasks to queue
[2026-06-05T09:58:38.503+0000] {logging_mixin.py:190} INFO - [2026-06-05T09:58:38.503+0000] {dagbag.py:588} INFO - Filling up the DagBag from /opt/airflow/dags/dag.py
[2026-06-05T09:58:38.516+0000] {processor.py:925} INFO - DAG(s) 'f1_medallion_pipeline' retrieved from /opt/airflow/dags/dag.py
[2026-06-05T09:58:38.531+0000] {logging_mixin.py:190} INFO - [2026-06-05T09:58:38.531+0000] {dag.py:3239} INFO - Sync 1 DAGs
[2026-06-05T09:58:38.540+0000] {logging_mixin.py:190} INFO - [2026-06-05T09:58:38.540+0000] {dag.py:4180} INFO - Setting next_dagrun for f1_medallion_pipeline to None, run_after=None
[2026-06-05T09:58:38.554+0000] {processor.py:208} INFO - Processing /opt/airflow/dags/dag.py took 0.059 seconds
[2026-06-05T09:59:08.701+0000] {processor.py:186} INFO - Started process (PID=515) to work on /opt/airflow/dags/dag.py
[2026-06-05T09:59:08.702+0000] {processor.py:914} INFO - Processing file /opt/airflow/dags/dag.py for tasks to queue
[2026-06-05T09:59:08.703+0000] {logging_mixin.py:190} INFO - [2026-06-05T09:59:08.703+0000] {dagbag.py:588} INFO - Filling up the DagBag from /opt/airflow/dags/dag.py
[2026-06-05T09:59:08.717+0000] {processor.py:925} INFO - DAG(s) 'f1_medallion_pipeline' retrieved from /opt/airflow/dags/dag.py
[2026-06-05T09:59:08.734+0000] {logging_mixin.py:190} INFO - [2026-06-05T09:59:08.734+0000] {dag.py:3239} INFO - Sync 1 DAGs
[2026-06-05T09:59:08.743+0000] {logging_mixin.py:190} INFO - [2026-06-05T09:59:08.742+0000] {dag.py:4180} INFO - Setting next_dagrun for f1_medallion_pipeline to None, run_after=None
[2026-06-05T09:59:08.756+0000] {processor.py:208} INFO - Processing /opt/airflow/dags/dag.py took 0.059 seconds
[2026-06-05T09:59:38.893+0000] {processor.py:186} INFO - Started process (PID=520) to work on /opt/airflow/dags/dag.py
[2026-06-05T09:59:38.894+0000] {processor.py:914} INFO - Processing file /opt/airflow/dags/dag.py for tasks to queue
[2026-06-05T09:59:38.895+0000] {logging_mixin.py:190} INFO - [2026-06-05T09:59:38.895+0000] {dagbag.py:588} INFO - Filling up the DagBag from /opt/airflow/dags/dag.py
[2026-06-05T09:59:38.909+0000] {processor.py:925} INFO - DAG(s) 'f1_medallion_pipeline' retrieved from /opt/airflow/dags/dag.py
[2026-06-05T09:59:38.926+0000] {logging_mixin.py:190} INFO - [2026-06-05T09:59:38.926+0000] {dag.py:3239} INFO - Sync 1 DAGs
[2026-06-05T09:59:38.934+0000] {logging_mixin.py:190} INFO - [2026-06-05T09:59:38.934+0000] {dag.py:4180} INFO - Setting next_dagrun for f1_medallion_pipeline to None, run_after=None
[2026-06-05T09:59:38.947+0000] {processor.py:208} INFO - Processing /opt/airflow/dags/dag.py took 0.059 seconds
[2026-06-05T10:00:09.095+0000] {processor.py:186} INFO - Started process (PID=525) to work on /opt/airflow/dags/dag.py
[2026-06-05T10:00:09.096+0000] {processor.py:914} INFO - Processing file /opt/airflow/dags/dag.py for tasks to queue
[2026-06-05T10:00:09.097+0000] {logging_mixin.py:190} INFO - [2026-06-05T10:00:09.097+0000] {dagbag.py:588} INFO - Filling up the DagBag from /opt/airflow/dags/dag.py
[2026-06-05T10:00:09.112+0000] {processor.py:925} INFO - DAG(s) 'f1_medallion_pipeline' retrieved from /opt/airflow/dags/dag.py
[2026-06-05T10:00:09.127+0000] {logging_mixin.py:190} INFO - [2026-06-05T10:00:09.127+0000] {dag.py:3239} INFO - Sync 1 DAGs
[2026-06-05T10:00:09.135+0000] {logging_mixin.py:190} INFO - [2026-06-05T10:00:09.134+0000] {dag.py:4180} INFO - Setting next_dagrun for f1_medallion_pipeline to None, run_after=None
[2026-06-05T10:00:09.148+0000] {processor.py:208} INFO - Processing /opt/airflow/dags/dag.py took 0.057 seconds
[2026-06-05T10:00:39.282+0000] {processor.py:186} INFO - Started process (PID=530) to work on /opt/airflow/dags/dag.py
[2026-06-05T10:00:39.282+0000] {processor.py:914} INFO - Processing file /opt/airflow/dags/dag.py for tasks to queue
[2026-06-05T10:00:39.284+0000] {logging_mixin.py:190} INFO - [2026-06-05T10:00:39.284+0000] {dagbag.py:588} INFO - Filling up the DagBag from /opt/airflow/dags/dag.py
[2026-06-05T10:00:39.296+0000] {processor.py:925} INFO - DAG(s) 'f1_medallion_pipeline' retrieved from /opt/airflow/dags/dag.py
[2026-06-05T10:00:39.310+0000] {logging_mixin.py:190} INFO - [2026-06-05T10:00:39.310+0000] {dag.py:3239} INFO - Sync 1 DAGs
[2026-06-05T10:00:39.318+0000] {logging_mixin.py:190} INFO - [2026-06-05T10:00:39.318+0000] {dag.py:4180} INFO - Setting next_dagrun for f1_medallion_pipeline to None, run_after=None
[2026-06-05T10:00:39.330+0000] {processor.py:208} INFO - Processing /opt/airflow/dags/dag.py took 0.053 seconds
[2026-06-05T10:01:09.478+0000] {processor.py:186} INFO - Started process (PID=535) to work on /opt/airflow/dags/dag.py
[2026-06-05T10:01:09.478+0000] {processor.py:914} INFO - Processing file /opt/airflow/dags/dag.py for tasks to queue
[2026-06-05T10:01:09.481+0000] {logging_mixin.py:190} INFO - [2026-06-05T10:01:09.480+0000] {dagbag.py:588} INFO - Filling up the DagBag from /opt/airflow/dags/dag.py
[2026-06-05T10:01:09.499+0000] {processor.py:925} INFO - DAG(s) 'f1_medallion_pipeline' retrieved from /opt/airflow/dags/dag.py
[2026-06-05T10:01:09.516+0000] {logging_mixin.py:190} INFO - [2026-06-05T10:01:09.516+0000] {dag.py:3239} INFO - Sync 1 DAGs
[2026-06-05T10:01:09.525+0000] {logging_mixin.py:190} INFO - [2026-06-05T10:01:09.525+0000] {dag.py:4180} INFO - Setting next_dagrun for f1_medallion_pipeline to None, run_after=None
[2026-06-05T10:01:09.540+0000] {processor.py:208} INFO - Processing /opt/airflow/dags/dag.py took 0.068 seconds
[2026-06-05T10:01:39.658+0000] {processor.py:186} INFO - Started process (PID=540) to work on /opt/airflow/dags/dag.py
[2026-06-05T10:01:39.659+0000] {processor.py:914} INFO - Processing file /opt/airflow/dags/dag.py for tasks to queue
[2026-06-05T10:01:39.661+0000] {logging_mixin.py:190} INFO - [2026-06-05T10:01:39.660+0000] {dagbag.py:588} INFO - Filling up the DagBag from /opt/airflow/dags/dag.py
[2026-06-05T10:01:39.674+0000] {processor.py:925} INFO - DAG(s) 'f1_medallion_pipeline' retrieved from /opt/airflow/dags/dag.py
[2026-06-05T10:01:39.689+0000] {logging_mixin.py:190} INFO - [2026-06-05T10:01:39.688+0000] {dag.py:3239} INFO - Sync 1 DAGs
[2026-06-05T10:01:39.697+0000] {logging_mixin.py:190} INFO - [2026-06-05T10:01:39.697+0000] {dag.py:4180} INFO - Setting next_dagrun for f1_medallion_pipeline to None, run_after=None
[2026-06-05T10:01:39.709+0000] {processor.py:208} INFO - Processing /opt/airflow/dags/dag.py took 0.056 seconds
[2026-06-05T10:02:09.884+0000] {processor.py:186} INFO - Started process (PID=545) to work on /opt/airflow/dags/dag.py
[2026-06-05T10:02:09.885+0000] {processor.py:914} INFO - Processing file /opt/airflow/dags/dag.py for tasks to queue
[2026-06-05T10:02:09.886+0000] {logging_mixin.py:190} INFO - [2026-06-05T10:02:09.886+0000] {dagbag.py:588} INFO - Filling up the DagBag from /opt/airflow/dags/dag.py
[2026-06-05T10:02:09.902+0000] {processor.py:925} INFO - DAG(s) 'f1_medallion_pipeline' retrieved from /opt/airflow/dags/dag.py
[2026-06-05T10:02:09.919+0000] {logging_mixin.py:190} INFO - [2026-06-05T10:02:09.919+0000] {dag.py:3239} INFO - Sync 1 DAGs
[2026-06-05T10:02:09.927+0000] {logging_mixin.py:190} INFO - [2026-06-05T10:02:09.926+0000] {dag.py:4180} INFO - Setting next_dagrun for f1_medallion_pipeline to None, run_after=None
[2026-06-05T10:02:09.939+0000] {processor.py:208} INFO - Processing /opt/airflow/dags/dag.py took 0.060 seconds
[2026-06-05T10:02:40.081+0000] {processor.py:186} INFO - Started process (PID=550) to work on /opt/airflow/dags/dag.py
[2026-06-05T10:02:40.082+0000] {processor.py:914} INFO - Processing file /opt/airflow/dags/dag.py for tasks to queue
[2026-06-05T10:02:40.084+0000] {logging_mixin.py:190} INFO - [2026-06-05T10:02:40.084+0000] {dagbag.py:588} INFO - Filling up the DagBag from /opt/airflow/dags/dag.py
[2026-06-05T10:02:40.097+0000] {processor.py:925} INFO - DAG(s) 'f1_medallion_pipeline' retrieved from /opt/airflow/dags/dag.py
[2026-06-05T10:02:40.112+0000] {logging_mixin.py:190} INFO - [2026-06-05T10:02:40.112+0000] {dag.py:3239} INFO - Sync 1 DAGs
[2026-06-05T10:02:40.121+0000] {logging_mixin.py:190} INFO - [2026-06-05T10:02:40.120+0000] {dag.py:4180} INFO - Setting next_dagrun for f1_medallion_pipeline to None, run_after=None
[2026-06-05T10:02:40.133+0000] {processor.py:208} INFO - Processing /opt/airflow/dags/dag.py took 0.057 seconds
[2026-06-05T10:03:10.282+0000] {processor.py:186} INFO - Started process (PID=555) to work on /opt/airflow/dags/dag.py
[2026-06-05T10:03:10.283+0000] {processor.py:914} INFO - Processing file /opt/airflow/dags/dag.py for tasks to queue
[2026-06-05T10:03:10.284+0000] {logging_mixin.py:190} INFO - [2026-06-05T10:03:10.284+0000] {dagbag.py:588} INFO - Filling up the DagBag from /opt/airflow/dags/dag.py
[2026-06-05T10:03:10.299+0000] {processor.py:925} INFO - DAG(s) 'f1_medallion_pipeline' retrieved from /opt/airflow/dags/dag.py
[2026-06-05T10:03:10.316+0000] {logging_mixin.py:190} INFO - [2026-06-05T10:03:10.316+0000] {dag.py:3239} INFO - Sync 1 DAGs
[2026-06-05T10:03:10.324+0000] {logging_mixin.py:190} INFO - [2026-06-05T10:03:10.324+0000] {dag.py:4180} INFO - Setting next_dagrun for f1_medallion_pipeline to None, run_after=None
[2026-06-05T10:03:10.338+0000] {processor.py:208} INFO - Processing /opt/airflow/dags/dag.py took 0.061 seconds
[2026-06-05T10:03:40.480+0000] {processor.py:186} INFO - Started process (PID=560) to work on /opt/airflow/dags/dag.py
[2026-06-05T10:03:40.481+0000] {processor.py:914} INFO - Processing file /opt/airflow/dags/dag.py for tasks to queue
[2026-06-05T10:03:40.483+0000] {logging_mixin.py:190} INFO - [2026-06-05T10:03:40.483+0000] {dagbag.py:588} INFO - Filling up the DagBag from /opt/airflow/dags/dag.py
[2026-06-05T10:03:40.495+0000] {processor.py:925} INFO - DAG(s) 'f1_medallion_pipeline' retrieved from /opt/airflow/dags/dag.py
[2026-06-05T10:03:40.510+0000] {logging_mixin.py:190} INFO - [2026-06-05T10:03:40.510+0000] {dag.py:3239} INFO - Sync 1 DAGs
[2026-06-05T10:03:40.518+0000] {logging_mixin.py:190} INFO - [2026-06-05T10:03:40.518+0000] {dag.py:4180} INFO - Setting next_dagrun for f1_medallion_pipeline to None, run_after=None
[2026-06-05T10:03:40.532+0000] {processor.py:208} INFO - Processing /opt/airflow/dags/dag.py took 0.056 seconds
[2026-06-05T10:04:10.677+0000] {processor.py:186} INFO - Started process (PID=565) to work on /opt/airflow/dags/dag.py
[2026-06-05T10:04:10.678+0000] {processor.py:914} INFO - Processing file /opt/airflow/dags/dag.py for tasks to queue
[2026-06-05T10:04:10.679+0000] {logging_mixin.py:190} INFO - [2026-06-05T10:04:10.679+0000] {dagbag.py:588} INFO - Filling up the DagBag from /opt/airflow/dags/dag.py
[2026-06-05T10:04:10.692+0000] {processor.py:925} INFO - DAG(s) 'f1_medallion_pipeline' retrieved from /opt/airflow/dags/dag.py
[2026-06-05T10:04:10.706+0000] {logging_mixin.py:190} INFO - [2026-06-05T10:04:10.706+0000] {dag.py:3239} INFO - Sync 1 DAGs
[2026-06-05T10:04:10.714+0000] {logging_mixin.py:190} INFO - [2026-06-05T10:04:10.714+0000] {dag.py:4180} INFO - Setting next_dagrun for f1_medallion_pipeline to None, run_after=None
[2026-06-05T10:04:10.725+0000] {processor.py:208} INFO - Processing /opt/airflow/dags/dag.py took 0.052 seconds
[2026-06-05T10:04:40.869+0000] {processor.py:186} INFO - Started process (PID=570) to work on /opt/airflow/dags/dag.py
[2026-06-05T10:04:40.869+0000] {processor.py:914} INFO - Processing file /opt/airflow/dags/dag.py for tasks to queue
[2026-06-05T10:04:40.871+0000] {logging_mixin.py:190} INFO - [2026-06-05T10:04:40.871+0000] {dagbag.py:588} INFO - Filling up the DagBag from /opt/airflow/dags/dag.py
[2026-06-05T10:04:40.885+0000] {processor.py:925} INFO - DAG(s) 'f1_medallion_pipeline' retrieved from /opt/airflow/dags/dag.py
[2026-06-05T10:04:40.900+0000] {logging_mixin.py:190} INFO - [2026-06-05T10:04:40.900+0000] {dag.py:3239} INFO - Sync 1 DAGs
[2026-06-05T10:04:40.909+0000] {logging_mixin.py:190} INFO - [2026-06-05T10:04:40.909+0000] {dag.py:4180} INFO - Setting next_dagrun for f1_medallion_pipeline to None, run_after=None
[2026-06-05T10:04:40.921+0000] {processor.py:208} INFO - Processing /opt/airflow/dags/dag.py took 0.057 seconds
[2026-06-05T10:05:11.046+0000] {processor.py:186} INFO - Started process (PID=575) to work on /opt/airflow/dags/dag.py
[2026-06-05T10:05:11.047+0000] {processor.py:914} INFO - Processing file /opt/airflow/dags/dag.py for tasks to queue
[2026-06-05T10:05:11.048+0000] {logging_mixin.py:190} INFO - [2026-06-05T10:05:11.048+0000] {dagbag.py:588} INFO - Filling up the DagBag from /opt/airflow/dags/dag.py
[2026-06-05T10:05:11.064+0000] {processor.py:925} INFO - DAG(s) 'f1_medallion_pipeline' retrieved from /opt/airflow/dags/dag.py
[2026-06-05T10:05:11.078+0000] {logging_mixin.py:190} INFO - [2026-06-05T10:05:11.078+0000] {dag.py:3239} INFO - Sync 1 DAGs
[2026-06-05T10:05:11.086+0000] {logging_mixin.py:190} INFO - [2026-06-05T10:05:11.086+0000] {dag.py:4180} INFO - Setting next_dagrun for f1_medallion_pipeline to None, run_after=None
[2026-06-05T10:05:11.099+0000] {processor.py:208} INFO - Processing /opt/airflow/dags/dag.py took 0.058 seconds
[2026-06-05T10:05:41.254+0000] {processor.py:186} INFO - Started process (PID=580) to work on /opt/airflow/dags/dag.py
[2026-06-05T10:05:41.255+0000] {processor.py:914} INFO - Processing file /opt/airflow/dags/dag.py for tasks to queue
[2026-06-05T10:05:41.256+0000] {logging_mixin.py:190} INFO - [2026-06-05T10:05:41.256+0000] {dagbag.py:588} INFO - Filling up the DagBag from /opt/airflow/dags/dag.py
[2026-06-05T10:05:41.273+0000] {processor.py:925} INFO - DAG(s) 'f1_medallion_pipeline' retrieved from /opt/airflow/dags/dag.py
[2026-06-05T10:05:41.290+0000] {logging_mixin.py:190} INFO - [2026-06-05T10:05:41.290+0000] {dag.py:3239} INFO - Sync 1 DAGs
[2026-06-05T10:05:41.298+0000] {logging_mixin.py:190} INFO - [2026-06-05T10:05:41.298+0000] {dag.py:4180} INFO - Setting next_dagrun for f1_medallion_pipeline to None, run_after=None
[2026-06-05T10:05:41.312+0000] {processor.py:208} INFO - Processing /opt/airflow/dags/dag.py took 0.062 seconds
[2026-06-05T10:06:11.423+0000] {processor.py:186} INFO - Started process (PID=585) to work on /opt/airflow/dags/dag.py
[2026-06-05T10:06:11.424+0000] {processor.py:914} INFO - Processing file /opt/airflow/dags/dag.py for tasks to queue
[2026-06-05T10:06:11.425+0000] {logging_mixin.py:190} INFO - [2026-06-05T10:06:11.425+0000] {dagbag.py:588} INFO - Filling up the DagBag from /opt/airflow/dags/dag.py
[2026-06-05T10:06:11.438+0000] {processor.py:925} INFO - DAG(s) 'f1_medallion_pipeline' retrieved from /opt/airflow/dags/dag.py
[2026-06-05T10:06:11.455+0000] {logging_mixin.py:190} INFO - [2026-06-05T10:06:11.454+0000] {dag.py:3239} INFO - Sync 1 DAGs
[2026-06-05T10:06:11.462+0000] {logging_mixin.py:190} INFO - [2026-06-05T10:06:11.462+0000] {dag.py:4180} INFO - Setting next_dagrun for f1_medallion_pipeline to None, run_after=None
[2026-06-05T10:06:11.474+0000] {processor.py:208} INFO - Processing /opt/airflow/dags/dag.py took 0.056 seconds
[2026-06-05T10:06:41.660+0000] {processor.py:186} INFO - Started process (PID=590) to work on /opt/airflow/dags/dag.py
[2026-06-05T10:06:41.661+0000] {processor.py:914} INFO - Processing file /opt/airflow/dags/dag.py for tasks to queue
[2026-06-05T10:06:41.662+0000] {logging_mixin.py:190} INFO - [2026-06-05T10:06:41.662+0000] {dagbag.py:588} INFO - Filling up the DagBag from /opt/airflow/dags/dag.py
[2026-06-05T10:06:41.674+0000] {processor.py:925} INFO - DAG(s) 'f1_medallion_pipeline' retrieved from /opt/airflow/dags/dag.py
[2026-06-05T10:06:41.688+0000] {logging_mixin.py:190} INFO - [2026-06-05T10:06:41.688+0000] {dag.py:3239} INFO - Sync 1 DAGs
[2026-06-05T10:06:41.696+0000] {logging_mixin.py:190} INFO - [2026-06-05T10:06:41.696+0000] {dag.py:4180} INFO - Setting next_dagrun for f1_medallion_pipeline to None, run_after=None
[2026-06-05T10:06:41.708+0000] {processor.py:208} INFO - Processing /opt/airflow/dags/dag.py took 0.052 seconds
[2026-06-05T10:07:11.846+0000] {processor.py:186} INFO - Started process (PID=595) to work on /opt/airflow/dags/dag.py
[2026-06-05T10:07:11.847+0000] {processor.py:914} INFO - Processing file /opt/airflow/dags/dag.py for tasks to queue
[2026-06-05T10:07:11.849+0000] {logging_mixin.py:190} INFO - [2026-06-05T10:07:11.848+0000] {dagbag.py:588} INFO - Filling up the DagBag from /opt/airflow/dags/dag.py
[2026-06-05T10:07:11.862+0000] {processor.py:925} INFO - DAG(s) 'f1_medallion_pipeline' retrieved from /opt/airflow/dags/dag.py
[2026-06-05T10:07:11.876+0000] {logging_mixin.py:190} INFO - [2026-06-05T10:07:11.876+0000] {dag.py:3239} INFO - Sync 1 DAGs
[2026-06-05T10:07:11.885+0000] {logging_mixin.py:190} INFO - [2026-06-05T10:07:11.885+0000] {dag.py:4180} INFO - Setting next_dagrun for f1_medallion_pipeline to None, run_after=None
[2026-06-05T10:07:11.899+0000] {processor.py:208} INFO - Processing /opt/airflow/dags/dag.py took 0.057 seconds
[2026-06-05T10:07:42.053+0000] {processor.py:186} INFO - Started process (PID=600) to work on /opt/airflow/dags/dag.py
[2026-06-05T10:07:42.054+0000] {processor.py:914} INFO - Processing file /opt/airflow/dags/dag.py for tasks to queue
[2026-06-05T10:07:42.055+0000] {logging_mixin.py:190} INFO - [2026-06-05T10:07:42.055+0000] {dagbag.py:588} INFO - Filling up the DagBag from /opt/airflow/dags/dag.py
[2026-06-05T10:07:42.071+0000] {processor.py:925} INFO - DAG(s) 'f1_medallion_pipeline' retrieved from /opt/airflow/dags/dag.py
[2026-06-05T10:07:42.086+0000] {logging_mixin.py:190} INFO - [2026-06-05T10:07:42.085+0000] {dag.py:3239} INFO - Sync 1 DAGs
[2026-06-05T10:07:42.094+0000] {logging_mixin.py:190} INFO - [2026-06-05T10:07:42.094+0000] {dag.py:4180} INFO - Setting next_dagrun for f1_medallion_pipeline to None, run_after=None
[2026-06-05T10:07:42.107+0000] {processor.py:208} INFO - Processing /opt/airflow/dags/dag.py took 0.059 seconds
[2026-06-05T10:08:12.253+0000] {processor.py:186} INFO - Started process (PID=605) to work on /opt/airflow/dags/dag.py
[2026-06-05T10:08:12.254+0000] {processor.py:914} INFO - Processing file /opt/airflow/dags/dag.py for tasks to queue
[2026-06-05T10:08:12.255+0000] {logging_mixin.py:190} INFO - [2026-06-05T10:08:12.255+0000] {dagbag.py:588} INFO - Filling up the DagBag from /opt/airflow/dags/dag.py
[2026-06-05T10:08:12.274+0000] {processor.py:925} INFO - DAG(s) 'f1_medallion_pipeline' retrieved from /opt/airflow/dags/dag.py
[2026-06-05T10:08:12.290+0000] {logging_mixin.py:190} INFO - [2026-06-05T10:08:12.290+0000] {dag.py:3239} INFO - Sync 1 DAGs
[2026-06-05T10:08:12.298+0000] {logging_mixin.py:190} INFO - [2026-06-05T10:08:12.298+0000] {dag.py:4180} INFO - Setting next_dagrun for f1_medallion_pipeline to None, run_after=None
[2026-06-05T10:08:12.310+0000] {processor.py:208} INFO - Processing /opt/airflow/dags/dag.py took 0.062 seconds
[2026-06-05T10:08:42.451+0000] {processor.py:186} INFO - Started process (PID=610) to work on /opt/airflow/dags/dag.py
[2026-06-05T10:08:42.452+0000] {processor.py:914} INFO - Processing file /opt/airflow/dags/dag.py for tasks to queue
[2026-06-05T10:08:42.453+0000] {logging_mixin.py:190} INFO - [2026-06-05T10:08:42.453+0000] {dagbag.py:588} INFO - Filling up the DagBag from /opt/airflow/dags/dag.py
[2026-06-05T10:08:42.471+0000] {processor.py:925} INFO - DAG(s) 'f1_medallion_pipeline' retrieved from /opt/airflow/dags/dag.py
[2026-06-05T10:08:42.486+0000] {logging_mixin.py:190} INFO - [2026-06-05T10:08:42.486+0000] {dag.py:3239} INFO - Sync 1 DAGs
[2026-06-05T10:08:42.494+0000] {logging_mixin.py:190} INFO - [2026-06-05T10:08:42.494+0000] {dag.py:4180} INFO - Setting next_dagrun for f1_medallion_pipeline to None, run_after=None
[2026-06-05T10:08:42.506+0000] {processor.py:208} INFO - Processing /opt/airflow/dags/dag.py took 0.060 seconds
[2026-06-05T10:09:12.678+0000] {processor.py:186} INFO - Started process (PID=615) to work on /opt/airflow/dags/dag.py
[2026-06-05T10:09:12.679+0000] {processor.py:914} INFO - Processing file /opt/airflow/dags/dag.py for tasks to queue
[2026-06-05T10:09:12.681+0000] {logging_mixin.py:190} INFO - [2026-06-05T10:09:12.680+0000] {dagbag.py:588} INFO - Filling up the DagBag from /opt/airflow/dags/dag.py
[2026-06-05T10:09:12.694+0000] {processor.py:925} INFO - DAG(s) 'f1_medallion_pipeline' retrieved from /opt/airflow/dags/dag.py
[2026-06-05T10:09:12.709+0000] {logging_mixin.py:190} INFO - [2026-06-05T10:09:12.709+0000] {dag.py:3239} INFO - Sync 1 DAGs
[2026-06-05T10:09:12.717+0000] {logging_mixin.py:190} INFO - [2026-06-05T10:09:12.717+0000] {dag.py:4180} INFO - Setting next_dagrun for f1_medallion_pipeline to None, run_after=None
[2026-06-05T10:09:12.729+0000] {processor.py:208} INFO - Processing /opt/airflow/dags/dag.py took 0.056 seconds
[2026-06-05T10:09:42.877+0000] {processor.py:186} INFO - Started process (PID=620) to work on /opt/airflow/dags/dag.py
[2026-06-05T10:09:42.878+0000] {processor.py:914} INFO - Processing file /opt/airflow/dags/dag.py for tasks to queue
[2026-06-05T10:09:42.879+0000] {logging_mixin.py:190} INFO - [2026-06-05T10:09:42.879+0000] {dagbag.py:588} INFO - Filling up the DagBag from /opt/airflow/dags/dag.py
[2026-06-05T10:09:42.895+0000] {processor.py:925} INFO - DAG(s) 'f1_medallion_pipeline' retrieved from /opt/airflow/dags/dag.py
[2026-06-05T10:09:42.911+0000] {logging_mixin.py:190} INFO - [2026-06-05T10:09:42.911+0000] {dag.py:3239} INFO - Sync 1 DAGs
[2026-06-05T10:09:42.920+0000] {logging_mixin.py:190} INFO - [2026-06-05T10:09:42.920+0000] {dag.py:4180} INFO - Setting next_dagrun for f1_medallion_pipeline to None, run_after=None
[2026-06-05T10:09:42.935+0000] {processor.py:208} INFO - Processing /opt/airflow/dags/dag.py took 0.063 seconds
[2026-06-05T10:10:13.098+0000] {processor.py:186} INFO - Started process (PID=625) to work on /opt/airflow/dags/dag.py
[2026-06-05T10:10:13.099+0000] {processor.py:914} INFO - Processing file /opt/airflow/dags/dag.py for tasks to queue
[2026-06-05T10:10:13.100+0000] {logging_mixin.py:190} INFO - [2026-06-05T10:10:13.100+0000] {dagbag.py:588} INFO - Filling up the DagBag from /opt/airflow/dags/dag.py
[2026-06-05T10:10:13.114+0000] {processor.py:925} INFO - DAG(s) 'f1_medallion_pipeline' retrieved from /opt/airflow/dags/dag.py
[2026-06-05T10:10:13.131+0000] {logging_mixin.py:190} INFO - [2026-06-05T10:10:13.130+0000] {dag.py:3239} INFO - Sync 1 DAGs
[2026-06-05T10:10:13.139+0000] {logging_mixin.py:190} INFO - [2026-06-05T10:10:13.139+0000] {dag.py:4180} INFO - Setting next_dagrun for f1_medallion_pipeline to None, run_after=None
[2026-06-05T10:10:13.152+0000] {processor.py:208} INFO - Processing /opt/airflow/dags/dag.py took 0.059 seconds
[2026-06-05T10:10:43.285+0000] {processor.py:186} INFO - Started process (PID=630) to work on /opt/airflow/dags/dag.py
[2026-06-05T10:10:43.286+0000] {processor.py:914} INFO - Processing file /opt/airflow/dags/dag.py for tasks to queue
[2026-06-05T10:10:43.287+0000] {logging_mixin.py:190} INFO - [2026-06-05T10:10:43.287+0000] {dagbag.py:588} INFO - Filling up the DagBag from /opt/airflow/dags/dag.py
[2026-06-05T10:10:43.303+0000] {processor.py:925} INFO - DAG(s) 'f1_medallion_pipeline' retrieved from /opt/airflow/dags/dag.py
[2026-06-05T10:10:43.319+0000] {logging_mixin.py:190} INFO - [2026-06-05T10:10:43.319+0000] {dag.py:3239} INFO - Sync 1 DAGs
[2026-06-05T10:10:43.327+0000] {logging_mixin.py:190} INFO - [2026-06-05T10:10:43.327+0000] {dag.py:4180} INFO - Setting next_dagrun for f1_medallion_pipeline to None, run_after=None
[2026-06-05T10:10:43.339+0000] {processor.py:208} INFO - Processing /opt/airflow/dags/dag.py took 0.059 seconds
[2026-06-05T10:11:13.501+0000] {processor.py:186} INFO - Started process (PID=635) to work on /opt/airflow/dags/dag.py
[2026-06-05T10:11:13.502+0000] {processor.py:914} INFO - Processing file /opt/airflow/dags/dag.py for tasks to queue
[2026-06-05T10:11:13.503+0000] {logging_mixin.py:190} INFO - [2026-06-05T10:11:13.503+0000] {dagbag.py:588} INFO - Filling up the DagBag from /opt/airflow/dags/dag.py
[2026-06-05T10:11:13.519+0000] {processor.py:925} INFO - DAG(s) 'f1_medallion_pipeline' retrieved from /opt/airflow/dags/dag.py
[2026-06-05T10:11:13.536+0000] {logging_mixin.py:190} INFO - [2026-06-05T10:11:13.536+0000] {dag.py:3239} INFO - Sync 1 DAGs
[2026-06-05T10:11:13.545+0000] {logging_mixin.py:190} INFO - [2026-06-05T10:11:13.545+0000] {dag.py:4180} INFO - Setting next_dagrun for f1_medallion_pipeline to None, run_after=None
[2026-06-05T10:11:13.557+0000] {processor.py:208} INFO - Processing /opt/airflow/dags/dag.py took 0.061 seconds
[2026-06-05T10:11:43.689+0000] {processor.py:186} INFO - Started process (PID=640) to work on /opt/airflow/dags/dag.py
[2026-06-05T10:11:43.690+0000] {processor.py:914} INFO - Processing file /opt/airflow/dags/dag.py for tasks to queue
[2026-06-05T10:11:43.691+0000] {logging_mixin.py:190} INFO - [2026-06-05T10:11:43.691+0000] {dagbag.py:588} INFO - Filling up the DagBag from /opt/airflow/dags/dag.py
[2026-06-05T10:11:43.704+0000] {processor.py:925} INFO - DAG(s) 'f1_medallion_pipeline' retrieved from /opt/airflow/dags/dag.py
[2026-06-05T10:11:43.719+0000] {logging_mixin.py:190} INFO - [2026-06-05T10:11:43.719+0000] {dag.py:3239} INFO - Sync 1 DAGs
[2026-06-05T10:11:43.727+0000] {logging_mixin.py:190} INFO - [2026-06-05T10:11:43.727+0000] {dag.py:4180} INFO - Setting next_dagrun for f1_medallion_pipeline to None, run_after=None
[2026-06-05T10:11:43.741+0000] {processor.py:208} INFO - Processing /opt/airflow/dags/dag.py took 0.057 seconds
[2026-06-05T10:12:13.911+0000] {processor.py:186} INFO - Started process (PID=645) to work on /opt/airflow/dags/dag.py
[2026-06-05T10:12:13.911+0000] {processor.py:914} INFO - Processing file /opt/airflow/dags/dag.py for tasks to queue
[2026-06-05T10:12:13.913+0000] {logging_mixin.py:190} INFO - [2026-06-05T10:12:13.913+0000] {dagbag.py:588} INFO - Filling up the DagBag from /opt/airflow/dags/dag.py
[2026-06-05T10:12:13.929+0000] {processor.py:925} INFO - DAG(s) 'f1_medallion_pipeline' retrieved from /opt/airflow/dags/dag.py
[2026-06-05T10:12:13.946+0000] {logging_mixin.py:190} INFO - [2026-06-05T10:12:13.945+0000] {dag.py:3239} INFO - Sync 1 DAGs
[2026-06-05T10:12:13.954+0000] {logging_mixin.py:190} INFO - [2026-06-05T10:12:13.953+0000] {dag.py:4180} INFO - Setting next_dagrun for f1_medallion_pipeline to None, run_after=None
[2026-06-05T10:12:13.966+0000] {processor.py:208} INFO - Processing /opt/airflow/dags/dag.py took 0.060 seconds
[2026-06-05T10:12:44.100+0000] {processor.py:186} INFO - Started process (PID=650) to work on /opt/airflow/dags/dag.py
[2026-06-05T10:12:44.101+0000] {processor.py:914} INFO - Processing file /opt/airflow/dags/dag.py for tasks to queue
[2026-06-05T10:12:44.102+0000] {logging_mixin.py:190} INFO - [2026-06-05T10:12:44.102+0000] {dagbag.py:588} INFO - Filling up the DagBag from /opt/airflow/dags/dag.py
[2026-06-05T10:12:44.125+0000] {processor.py:925} INFO - DAG(s) 'f1_medallion_pipeline' retrieved from /opt/airflow/dags/dag.py
[2026-06-05T10:12:44.144+0000] {logging_mixin.py:190} INFO - [2026-06-05T10:12:44.144+0000] {dag.py:3239} INFO - Sync 1 DAGs
[2026-06-05T10:12:44.153+0000] {logging_mixin.py:190} INFO - [2026-06-05T10:12:44.153+0000] {dag.py:4180} INFO - Setting next_dagrun for f1_medallion_pipeline to None, run_after=None
[2026-06-05T10:12:44.166+0000] {processor.py:208} INFO - Processing /opt/airflow/dags/dag.py took 0.072 seconds
[2026-06-05T10:13:14.345+0000] {processor.py:186} INFO - Started process (PID=655) to work on /opt/airflow/dags/dag.py
[2026-06-05T10:13:14.346+0000] {processor.py:914} INFO - Processing file /opt/airflow/dags/dag.py for tasks to queue
[2026-06-05T10:13:14.347+0000] {logging_mixin.py:190} INFO - [2026-06-05T10:13:14.347+0000] {dagbag.py:588} INFO - Filling up the DagBag from /opt/airflow/dags/dag.py
[2026-06-05T10:13:14.364+0000] {processor.py:925} INFO - DAG(s) 'f1_medallion_pipeline' retrieved from /opt/airflow/dags/dag.py
[2026-06-05T10:13:14.379+0000] {logging_mixin.py:190} INFO - [2026-06-05T10:13:14.379+0000] {dag.py:3239} INFO - Sync 1 DAGs
[2026-06-05T10:13:14.387+0000] {logging_mixin.py:190} INFO - [2026-06-05T10:13:14.387+0000] {dag.py:4180} INFO - Setting next_dagrun for f1_medallion_pipeline to None, run_after=None
[2026-06-05T10:13:14.400+0000] {processor.py:208} INFO - Processing /opt/airflow/dags/dag.py took 0.060 seconds
[2026-06-05T10:13:44.538+0000] {processor.py:186} INFO - Started process (PID=660) to work on /opt/airflow/dags/dag.py
[2026-06-05T10:13:44.539+0000] {processor.py:914} INFO - Processing file /opt/airflow/dags/dag.py for tasks to queue
[2026-06-05T10:13:44.540+0000] {logging_mixin.py:190} INFO - [2026-06-05T10:13:44.540+0000] {dagbag.py:588} INFO - Filling up the DagBag from /opt/airflow/dags/dag.py
[2026-06-05T10:13:44.554+0000] {processor.py:925} INFO - DAG(s) 'f1_medallion_pipeline' retrieved from /opt/airflow/dags/dag.py
[2026-06-05T10:13:44.569+0000] {logging_mixin.py:190} INFO - [2026-06-05T10:13:44.569+0000] {dag.py:3239} INFO - Sync 1 DAGs
[2026-06-05T10:13:44.577+0000] {logging_mixin.py:190} INFO - [2026-06-05T10:13:44.577+0000] {dag.py:4180} INFO - Setting next_dagrun for f1_medallion_pipeline to None, run_after=None
[2026-06-05T10:13:44.591+0000] {processor.py:208} INFO - Processing /opt/airflow/dags/dag.py took 0.057 seconds
[2026-06-05T10:14:14.756+0000] {processor.py:186} INFO - Started process (PID=665) to work on /opt/airflow/dags/dag.py
[2026-06-05T10:14:14.757+0000] {processor.py:914} INFO - Processing file /opt/airflow/dags/dag.py for tasks to queue
[2026-06-05T10:14:14.759+0000] {logging_mixin.py:190} INFO - [2026-06-05T10:14:14.759+0000] {dagbag.py:588} INFO - Filling up the DagBag from /opt/airflow/dags/dag.py
[2026-06-05T10:14:14.774+0000] {processor.py:925} INFO - DAG(s) 'f1_medallion_pipeline' retrieved from /opt/airflow/dags/dag.py
[2026-06-05T10:14:14.789+0000] {logging_mixin.py:190} INFO - [2026-06-05T10:14:14.789+0000] {dag.py:3239} INFO - Sync 1 DAGs
[2026-06-05T10:14:14.798+0000] {logging_mixin.py:190} INFO - [2026-06-05T10:14:14.798+0000] {dag.py:4180} INFO - Setting next_dagrun for f1_medallion_pipeline to None, run_after=None
[2026-06-05T10:14:14.812+0000] {processor.py:208} INFO - Processing /opt/airflow/dags/dag.py took 0.061 seconds
[2026-06-05T10:14:44.955+0000] {processor.py:186} INFO - Started process (PID=670) to work on /opt/airflow/dags/dag.py
[2026-06-05T10:14:44.956+0000] {processor.py:914} INFO - Processing file /opt/airflow/dags/dag.py for tasks to queue
[2026-06-05T10:14:44.957+0000] {logging_mixin.py:190} INFO - [2026-06-05T10:14:44.957+0000] {dagbag.py:588} INFO - Filling up the DagBag from /opt/airflow/dags/dag.py
[2026-06-05T10:14:44.970+0000] {processor.py:925} INFO - DAG(s) 'f1_medallion_pipeline' retrieved from /opt/airflow/dags/dag.py
[2026-06-05T10:14:44.984+0000] {logging_mixin.py:190} INFO - [2026-06-05T10:14:44.984+0000] {dag.py:3239} INFO - Sync 1 DAGs
[2026-06-05T10:14:44.992+0000] {logging_mixin.py:190} INFO - [2026-06-05T10:14:44.991+0000] {dag.py:4180} INFO - Setting next_dagrun for f1_medallion_pipeline to None, run_after=None
[2026-06-05T10:14:45.004+0000] {processor.py:208} INFO - Processing /opt/airflow/dags/dag.py took 0.053 seconds
[2026-06-05T10:15:15.139+0000] {processor.py:186} INFO - Started process (PID=675) to work on /opt/airflow/dags/dag.py
[2026-06-05T10:15:15.140+0000] {processor.py:914} INFO - Processing file /opt/airflow/dags/dag.py for tasks to queue
[2026-06-05T10:15:15.141+0000] {logging_mixin.py:190} INFO - [2026-06-05T10:15:15.141+0000] {dagbag.py:588} INFO - Filling up the DagBag from /opt/airflow/dags/dag.py
[2026-06-05T10:15:15.156+0000] {processor.py:925} INFO - DAG(s) 'f1_medallion_pipeline' retrieved from /opt/airflow/dags/dag.py
[2026-06-05T10:15:15.171+0000] {logging_mixin.py:190} INFO - [2026-06-05T10:15:15.171+0000] {dag.py:3239} INFO - Sync 1 DAGs
[2026-06-05T10:15:15.179+0000] {logging_mixin.py:190} INFO - [2026-06-05T10:15:15.179+0000] {dag.py:4180} INFO - Setting next_dagrun for f1_medallion_pipeline to None, run_after=None
[2026-06-05T10:15:15.192+0000] {processor.py:208} INFO - Processing /opt/airflow/dags/dag.py took 0.057 seconds
[2026-06-05T10:15:45.335+0000] {processor.py:186} INFO - Started process (PID=680) to work on /opt/airflow/dags/dag.py
[2026-06-05T10:15:45.335+0000] {processor.py:914} INFO - Processing file /opt/airflow/dags/dag.py for tasks to queue
[2026-06-05T10:15:45.337+0000] {logging_mixin.py:190} INFO - [2026-06-05T10:15:45.337+0000] {dagbag.py:588} INFO - Filling up the DagBag from /opt/airflow/dags/dag.py
[2026-06-05T10:15:45.350+0000] {processor.py:925} INFO - DAG(s) 'f1_medallion_pipeline' retrieved from /opt/airflow/dags/dag.py
[2026-06-05T10:15:45.365+0000] {logging_mixin.py:190} INFO - [2026-06-05T10:15:45.365+0000] {dag.py:3239} INFO - Sync 1 DAGs
[2026-06-05T10:15:45.373+0000] {logging_mixin.py:190} INFO - [2026-06-05T10:15:45.373+0000] {dag.py:4180} INFO - Setting next_dagrun for f1_medallion_pipeline to None, run_after=None
[2026-06-05T10:15:45.385+0000] {processor.py:208} INFO - Processing /opt/airflow/dags/dag.py took 0.055 seconds
[2026-06-05T10:16:15.530+0000] {processor.py:186} INFO - Started process (PID=685) to work on /opt/airflow/dags/dag.py
[2026-06-05T10:16:15.531+0000] {processor.py:914} INFO - Processing file /opt/airflow/dags/dag.py for tasks to queue
[2026-06-05T10:16:15.532+0000] {logging_mixin.py:190} INFO - [2026-06-05T10:16:15.532+0000] {dagbag.py:588} INFO - Filling up the DagBag from /opt/airflow/dags/dag.py
[2026-06-05T10:16:15.547+0000] {processor.py:925} INFO - DAG(s) 'f1_medallion_pipeline' retrieved from /opt/airflow/dags/dag.py
[2026-06-05T10:16:15.563+0000] {logging_mixin.py:190} INFO - [2026-06-05T10:16:15.562+0000] {dag.py:3239} INFO - Sync 1 DAGs
[2026-06-05T10:16:15.571+0000] {logging_mixin.py:190} INFO - [2026-06-05T10:16:15.571+0000] {dag.py:4180} INFO - Setting next_dagrun for f1_medallion_pipeline to None, run_after=None
[2026-06-05T10:16:15.584+0000] {processor.py:208} INFO - Processing /opt/airflow/dags/dag.py took 0.058 seconds
[2026-06-05T10:16:45.734+0000] {processor.py:186} INFO - Started process (PID=690) to work on /opt/airflow/dags/dag.py
[2026-06-05T10:16:45.735+0000] {processor.py:914} INFO - Processing file /opt/airflow/dags/dag.py for tasks to queue
[2026-06-05T10:16:45.736+0000] {logging_mixin.py:190} INFO - [2026-06-05T10:16:45.736+0000] {dagbag.py:588} INFO - Filling up the DagBag from /opt/airflow/dags/dag.py
[2026-06-05T10:16:45.750+0000] {processor.py:925} INFO - DAG(s) 'f1_medallion_pipeline' retrieved from /opt/airflow/dags/dag.py
[2026-06-05T10:16:45.765+0000] {logging_mixin.py:190} INFO - [2026-06-05T10:16:45.765+0000] {dag.py:3239} INFO - Sync 1 DAGs
[2026-06-05T10:16:45.773+0000] {logging_mixin.py:190} INFO - [2026-06-05T10:16:45.773+0000] {dag.py:4180} INFO - Setting next_dagrun for f1_medallion_pipeline to None, run_after=None
[2026-06-05T10:16:45.784+0000] {processor.py:208} INFO - Processing /opt/airflow/dags/dag.py took 0.055 seconds
[2026-06-05T10:17:15.929+0000] {processor.py:186} INFO - Started process (PID=695) to work on /opt/airflow/dags/dag.py
[2026-06-05T10:17:15.930+0000] {processor.py:914} INFO - Processing file /opt/airflow/dags/dag.py for tasks to queue
[2026-06-05T10:17:15.931+0000] {logging_mixin.py:190} INFO - [2026-06-05T10:17:15.931+0000] {dagbag.py:588} INFO - Filling up the DagBag from /opt/airflow/dags/dag.py
[2026-06-05T10:17:15.945+0000] {processor.py:925} INFO - DAG(s) 'f1_medallion_pipeline' retrieved from /opt/airflow/dags/dag.py
[2026-06-05T10:17:15.961+0000] {logging_mixin.py:190} INFO - [2026-06-05T10:17:15.961+0000] {dag.py:3239} INFO - Sync 1 DAGs
[2026-06-05T10:17:15.969+0000] {logging_mixin.py:190} INFO - [2026-06-05T10:17:15.969+0000] {dag.py:4180} INFO - Setting next_dagrun for f1_medallion_pipeline to None, run_after=None
[2026-06-05T10:17:15.981+0000] {processor.py:208} INFO - Processing /opt/airflow/dags/dag.py took 0.057 seconds
[2026-06-05T10:17:46.122+0000] {processor.py:186} INFO - Started process (PID=700) to work on /opt/airflow/dags/dag.py
[2026-06-05T10:17:46.122+0000] {processor.py:914} INFO - Processing file /opt/airflow/dags/dag.py for tasks to queue
[2026-06-05T10:17:46.125+0000] {logging_mixin.py:190} INFO - [2026-06-05T10:17:46.125+0000] {dagbag.py:588} INFO - Filling up the DagBag from /opt/airflow/dags/dag.py
[2026-06-05T10:17:46.138+0000] {processor.py:925} INFO - DAG(s) 'f1_medallion_pipeline' retrieved from /opt/airflow/dags/dag.py
[2026-06-05T10:17:46.153+0000] {logging_mixin.py:190} INFO - [2026-06-05T10:17:46.153+0000] {dag.py:3239} INFO - Sync 1 DAGs
[2026-06-05T10:17:46.161+0000] {logging_mixin.py:190} INFO - [2026-06-05T10:17:46.161+0000] {dag.py:4180} INFO - Setting next_dagrun for f1_medallion_pipeline to None, run_after=None
[2026-06-05T10:17:46.176+0000] {processor.py:208} INFO - Processing /opt/airflow/dags/dag.py took 0.059 seconds
[2026-06-05T10:18:16.344+0000] {processor.py:186} INFO - Started process (PID=705) to work on /opt/airflow/dags/dag.py
[2026-06-05T10:18:16.345+0000] {processor.py:914} INFO - Processing file /opt/airflow/dags/dag.py for tasks to queue
[2026-06-05T10:18:16.346+0000] {logging_mixin.py:190} INFO - [2026-06-05T10:18:16.346+0000] {dagbag.py:588} INFO - Filling up the DagBag from /opt/airflow/dags/dag.py
[2026-06-05T10:18:16.367+0000] {processor.py:925} INFO - DAG(s) 'f1_medallion_pipeline' retrieved from /opt/airflow/dags/dag.py
[2026-06-05T10:18:16.382+0000] {logging_mixin.py:190} INFO - [2026-06-05T10:18:16.382+0000] {dag.py:3239} INFO - Sync 1 DAGs
[2026-06-05T10:18:16.390+0000] {logging_mixin.py:190} INFO - [2026-06-05T10:18:16.390+0000] {dag.py:4180} INFO - Setting next_dagrun for f1_medallion_pipeline to None, run_after=None
[2026-06-05T10:18:16.404+0000] {processor.py:208} INFO - Processing /opt/airflow/dags/dag.py took 0.065 seconds
[2026-06-05T10:18:46.531+0000] {processor.py:186} INFO - Started process (PID=710) to work on /opt/airflow/dags/dag.py
[2026-06-05T10:18:46.532+0000] {processor.py:914} INFO - Processing file /opt/airflow/dags/dag.py for tasks to queue
[2026-06-05T10:18:46.534+0000] {logging_mixin.py:190} INFO - [2026-06-05T10:18:46.534+0000] {dagbag.py:588} INFO - Filling up the DagBag from /opt/airflow/dags/dag.py
[2026-06-05T10:18:46.550+0000] {processor.py:925} INFO - DAG(s) 'f1_medallion_pipeline' retrieved from /opt/airflow/dags/dag.py
[2026-06-05T10:18:46.566+0000] {logging_mixin.py:190} INFO - [2026-06-05T10:18:46.566+0000] {dag.py:3239} INFO - Sync 1 DAGs
[2026-06-05T10:18:46.574+0000] {logging_mixin.py:190} INFO - [2026-06-05T10:18:46.574+0000] {dag.py:4180} INFO - Setting next_dagrun for f1_medallion_pipeline to None, run_after=None
[2026-06-05T10:18:46.588+0000] {processor.py:208} INFO - Processing /opt/airflow/dags/dag.py took 0.062 seconds
[2026-06-05T10:19:16.737+0000] {processor.py:186} INFO - Started process (PID=715) to work on /opt/airflow/dags/dag.py
[2026-06-05T10:19:16.738+0000] {processor.py:914} INFO - Processing file /opt/airflow/dags/dag.py for tasks to queue
[2026-06-05T10:19:16.740+0000] {logging_mixin.py:190} INFO - [2026-06-05T10:19:16.739+0000] {dagbag.py:588} INFO - Filling up the DagBag from /opt/airflow/dags/dag.py
[2026-06-05T10:19:16.755+0000] {processor.py:925} INFO - DAG(s) 'f1_medallion_pipeline' retrieved from /opt/airflow/dags/dag.py
[2026-06-05T10:19:16.771+0000] {logging_mixin.py:190} INFO - [2026-06-05T10:19:16.771+0000] {dag.py:3239} INFO - Sync 1 DAGs
[2026-06-05T10:19:16.778+0000] {logging_mixin.py:190} INFO - [2026-06-05T10:19:16.778+0000] {dag.py:4180} INFO - Setting next_dagrun for f1_medallion_pipeline to None, run_after=None
[2026-06-05T10:19:16.811+0000] {processor.py:208} INFO - Processing /opt/airflow/dags/dag.py took 0.078 seconds
[2026-06-05T10:19:46.916+0000] {processor.py:186} INFO - Started process (PID=720) to work on /opt/airflow/dags/dag.py
[2026-06-05T10:19:46.917+0000] {processor.py:914} INFO - Processing file /opt/airflow/dags/dag.py for tasks to queue
[2026-06-05T10:19:46.918+0000] {logging_mixin.py:190} INFO - [2026-06-05T10:19:46.918+0000] {dagbag.py:588} INFO - Filling up the DagBag from /opt/airflow/dags/dag.py
[2026-06-05T10:19:46.935+0000] {processor.py:925} INFO - DAG(s) 'f1_medallion_pipeline' retrieved from /opt/airflow/dags/dag.py
[2026-06-05T10:19:46.953+0000] {logging_mixin.py:190} INFO - [2026-06-05T10:19:46.953+0000] {dag.py:3239} INFO - Sync 1 DAGs
[2026-06-05T10:19:46.961+0000] {logging_mixin.py:190} INFO - [2026-06-05T10:19:46.961+0000] {dag.py:4180} INFO - Setting next_dagrun for f1_medallion_pipeline to None, run_after=None
[2026-06-05T10:19:46.975+0000] {processor.py:208} INFO - Processing /opt/airflow/dags/dag.py took 0.065 seconds
[2026-06-05T10:20:17.166+0000] {processor.py:186} INFO - Started process (PID=725) to work on /opt/airflow/dags/dag.py
[2026-06-05T10:20:17.166+0000] {processor.py:914} INFO - Processing file /opt/airflow/dags/dag.py for tasks to queue
[2026-06-05T10:20:17.168+0000] {logging_mixin.py:190} INFO - [2026-06-05T10:20:17.168+0000] {dagbag.py:588} INFO - Filling up the DagBag from /opt/airflow/dags/dag.py
[2026-06-05T10:20:17.181+0000] {processor.py:925} INFO - DAG(s) 'f1_medallion_pipeline' retrieved from /opt/airflow/dags/dag.py
[2026-06-05T10:20:17.198+0000] {logging_mixin.py:190} INFO - [2026-06-05T10:20:17.198+0000] {dag.py:3239} INFO - Sync 1 DAGs
[2026-06-05T10:20:17.206+0000] {logging_mixin.py:190} INFO - [2026-06-05T10:20:17.205+0000] {dag.py:4180} INFO - Setting next_dagrun for f1_medallion_pipeline to None, run_after=None
[2026-06-05T10:20:17.218+0000] {processor.py:208} INFO - Processing /opt/airflow/dags/dag.py took 0.056 seconds
[2026-06-05T10:20:47.341+0000] {processor.py:186} INFO - Started process (PID=730) to work on /opt/airflow/dags/dag.py
[2026-06-05T10:20:47.342+0000] {processor.py:914} INFO - Processing file /opt/airflow/dags/dag.py for tasks to queue
[2026-06-05T10:20:47.344+0000] {logging_mixin.py:190} INFO - [2026-06-05T10:20:47.343+0000] {dagbag.py:588} INFO - Filling up the DagBag from /opt/airflow/dags/dag.py
[2026-06-05T10:20:47.359+0000] {processor.py:925} INFO - DAG(s) 'f1_medallion_pipeline' retrieved from /opt/airflow/dags/dag.py
[2026-06-05T10:20:47.376+0000] {logging_mixin.py:190} INFO - [2026-06-05T10:20:47.375+0000] {dag.py:3239} INFO - Sync 1 DAGs
[2026-06-05T10:20:47.383+0000] {logging_mixin.py:190} INFO - [2026-06-05T10:20:47.383+0000] {dag.py:4180} INFO - Setting next_dagrun for f1_medallion_pipeline to None, run_after=None
[2026-06-05T10:20:47.398+0000] {processor.py:208} INFO - Processing /opt/airflow/dags/dag.py took 0.062 seconds
[2026-06-05T10:21:17.563+0000] {processor.py:186} INFO - Started process (PID=735) to work on /opt/airflow/dags/dag.py
[2026-06-05T10:21:17.564+0000] {processor.py:914} INFO - Processing file /opt/airflow/dags/dag.py for tasks to queue
[2026-06-05T10:21:17.566+0000] {logging_mixin.py:190} INFO - [2026-06-05T10:21:17.566+0000] {dagbag.py:588} INFO - Filling up the DagBag from /opt/airflow/dags/dag.py
[2026-06-05T10:21:17.580+0000] {processor.py:925} INFO - DAG(s) 'f1_medallion_pipeline' retrieved from /opt/airflow/dags/dag.py
[2026-06-05T10:21:17.595+0000] {logging_mixin.py:190} INFO - [2026-06-05T10:21:17.595+0000] {dag.py:3239} INFO - Sync 1 DAGs
[2026-06-05T10:21:17.604+0000] {logging_mixin.py:190} INFO - [2026-06-05T10:21:17.604+0000] {dag.py:4180} INFO - Setting next_dagrun for f1_medallion_pipeline to None, run_after=None
[2026-06-05T10:21:17.616+0000] {processor.py:208} INFO - Processing /opt/airflow/dags/dag.py took 0.057 seconds
[2026-06-05T10:21:47.760+0000] {processor.py:186} INFO - Started process (PID=740) to work on /opt/airflow/dags/dag.py
[2026-06-05T10:21:47.761+0000] {processor.py:914} INFO - Processing file /opt/airflow/dags/dag.py for tasks to queue
[2026-06-05T10:21:47.762+0000] {logging_mixin.py:190} INFO - [2026-06-05T10:21:47.762+0000] {dagbag.py:588} INFO - Filling up the DagBag from /opt/airflow/dags/dag.py
[2026-06-05T10:21:47.775+0000] {processor.py:925} INFO - DAG(s) 'f1_medallion_pipeline' retrieved from /opt/airflow/dags/dag.py
[2026-06-05T10:21:47.791+0000] {logging_mixin.py:190} INFO - [2026-06-05T10:21:47.791+0000] {dag.py:3239} INFO - Sync 1 DAGs
[2026-06-05T10:21:47.799+0000] {logging_mixin.py:190} INFO - [2026-06-05T10:21:47.799+0000] {dag.py:4180} INFO - Setting next_dagrun for f1_medallion_pipeline to None, run_after=None
[2026-06-05T10:21:47.812+0000] {processor.py:208} INFO - Processing /opt/airflow/dags/dag.py took 0.057 seconds
[2026-06-05T10:22:17.959+0000] {processor.py:186} INFO - Started process (PID=745) to work on /opt/airflow/dags/dag.py
[2026-06-05T10:22:17.960+0000] {processor.py:914} INFO - Processing file /opt/airflow/dags/dag.py for tasks to queue
[2026-06-05T10:22:17.961+0000] {logging_mixin.py:190} INFO - [2026-06-05T10:22:17.961+0000] {dagbag.py:588} INFO - Filling up the DagBag from /opt/airflow/dags/dag.py
[2026-06-05T10:22:17.977+0000] {processor.py:925} INFO - DAG(s) 'f1_medallion_pipeline' retrieved from /opt/airflow/dags/dag.py
[2026-06-05T10:22:17.993+0000] {logging_mixin.py:190} INFO - [2026-06-05T10:22:17.993+0000] {dag.py:3239} INFO - Sync 1 DAGs
[2026-06-05T10:22:18.001+0000] {logging_mixin.py:190} INFO - [2026-06-05T10:22:18.001+0000] {dag.py:4180} INFO - Setting next_dagrun for f1_medallion_pipeline to None, run_after=None
[2026-06-05T10:22:18.015+0000] {processor.py:208} INFO - Processing /opt/airflow/dags/dag.py took 0.060 seconds
[2026-06-05T10:22:48.153+0000] {processor.py:186} INFO - Started process (PID=750) to work on /opt/airflow/dags/dag.py
[2026-06-05T10:22:48.153+0000] {processor.py:914} INFO - Processing file /opt/airflow/dags/dag.py for tasks to queue
[2026-06-05T10:22:48.155+0000] {logging_mixin.py:190} INFO - [2026-06-05T10:22:48.155+0000] {dagbag.py:588} INFO - Filling up the DagBag from /opt/airflow/dags/dag.py
[2026-06-05T10:22:48.167+0000] {processor.py:925} INFO - DAG(s) 'f1_medallion_pipeline' retrieved from /opt/airflow/dags/dag.py
[2026-06-05T10:22:48.182+0000] {logging_mixin.py:190} INFO - [2026-06-05T10:22:48.182+0000] {dag.py:3239} INFO - Sync 1 DAGs
[2026-06-05T10:22:48.190+0000] {logging_mixin.py:190} INFO - [2026-06-05T10:22:48.190+0000] {dag.py:4180} INFO - Setting next_dagrun for f1_medallion_pipeline to None, run_after=None
[2026-06-05T10:22:48.202+0000] {processor.py:208} INFO - Processing /opt/airflow/dags/dag.py took 0.054 seconds
[2026-06-05T10:23:18.393+0000] {processor.py:186} INFO - Started process (PID=755) to work on /opt/airflow/dags/dag.py
[2026-06-05T10:23:18.394+0000] {processor.py:914} INFO - Processing file /opt/airflow/dags/dag.py for tasks to queue
[2026-06-05T10:23:18.396+0000] {logging_mixin.py:190} INFO - [2026-06-05T10:23:18.396+0000] {dagbag.py:588} INFO - Filling up the DagBag from /opt/airflow/dags/dag.py
[2026-06-05T10:23:18.413+0000] {processor.py:925} INFO - DAG(s) 'f1_medallion_pipeline' retrieved from /opt/airflow/dags/dag.py
[2026-06-05T10:23:18.434+0000] {logging_mixin.py:190} INFO - [2026-06-05T10:23:18.434+0000] {dag.py:3239} INFO - Sync 1 DAGs
[2026-06-05T10:23:18.441+0000] {logging_mixin.py:190} INFO - [2026-06-05T10:23:18.441+0000] {dag.py:4180} INFO - Setting next_dagrun for f1_medallion_pipeline to None, run_after=None
[2026-06-05T10:23:18.453+0000] {processor.py:208} INFO - Processing /opt/airflow/dags/dag.py took 0.065 seconds
[2026-06-05T10:23:48.567+0000] {processor.py:186} INFO - Started process (PID=760) to work on /opt/airflow/dags/dag.py
[2026-06-05T10:23:48.567+0000] {processor.py:914} INFO - Processing file /opt/airflow/dags/dag.py for tasks to queue
[2026-06-05T10:23:48.569+0000] {logging_mixin.py:190} INFO - [2026-06-05T10:23:48.568+0000] {dagbag.py:588} INFO - Filling up the DagBag from /opt/airflow/dags/dag.py
[2026-06-05T10:23:48.582+0000] {processor.py:925} INFO - DAG(s) 'f1_medallion_pipeline' retrieved from /opt/airflow/dags/dag.py
[2026-06-05T10:23:48.597+0000] {logging_mixin.py:190} INFO - [2026-06-05T10:23:48.597+0000] {dag.py:3239} INFO - Sync 1 DAGs
[2026-06-05T10:23:48.605+0000] {logging_mixin.py:190} INFO - [2026-06-05T10:23:48.605+0000] {dag.py:4180} INFO - Setting next_dagrun for f1_medallion_pipeline to None, run_after=None
[2026-06-05T10:23:48.616+0000] {processor.py:208} INFO - Processing /opt/airflow/dags/dag.py took 0.054 seconds
[2026-06-05T10:24:18.791+0000] {processor.py:186} INFO - Started process (PID=765) to work on /opt/airflow/dags/dag.py
[2026-06-05T10:24:18.792+0000] {processor.py:914} INFO - Processing file /opt/airflow/dags/dag.py for tasks to queue
[2026-06-05T10:24:18.794+0000] {logging_mixin.py:190} INFO - [2026-06-05T10:24:18.793+0000] {dagbag.py:588} INFO - Filling up the DagBag from /opt/airflow/dags/dag.py
[2026-06-05T10:24:18.807+0000] {processor.py:925} INFO - DAG(s) 'f1_medallion_pipeline' retrieved from /opt/airflow/dags/dag.py
[2026-06-05T10:24:18.822+0000] {logging_mixin.py:190} INFO - [2026-06-05T10:24:18.822+0000] {dag.py:3239} INFO - Sync 1 DAGs
[2026-06-05T10:24:18.830+0000] {logging_mixin.py:190} INFO - [2026-06-05T10:24:18.830+0000] {dag.py:4180} INFO - Setting next_dagrun for f1_medallion_pipeline to None, run_after=None
[2026-06-05T10:24:18.841+0000] {processor.py:208} INFO - Processing /opt/airflow/dags/dag.py took 0.054 seconds
[2026-06-05T10:24:48.971+0000] {processor.py:186} INFO - Started process (PID=770) to work on /opt/airflow/dags/dag.py
[2026-06-05T10:24:48.971+0000] {processor.py:914} INFO - Processing file /opt/airflow/dags/dag.py for tasks to queue
[2026-06-05T10:24:48.973+0000] {logging_mixin.py:190} INFO - [2026-06-05T10:24:48.973+0000] {dagbag.py:588} INFO - Filling up the DagBag from /opt/airflow/dags/dag.py
[2026-06-05T10:24:48.987+0000] {processor.py:925} INFO - DAG(s) 'f1_medallion_pipeline' retrieved from /opt/airflow/dags/dag.py
[2026-06-05T10:24:49.003+0000] {logging_mixin.py:190} INFO - [2026-06-05T10:24:49.003+0000] {dag.py:3239} INFO - Sync 1 DAGs
[2026-06-05T10:24:49.011+0000] {logging_mixin.py:190} INFO - [2026-06-05T10:24:49.011+0000] {dag.py:4180} INFO - Setting next_dagrun for f1_medallion_pipeline to None, run_after=None
[2026-06-05T10:24:49.025+0000] {processor.py:208} INFO - Processing /opt/airflow/dags/dag.py took 0.059 seconds
[2026-06-05T10:25:19.169+0000] {processor.py:186} INFO - Started process (PID=775) to work on /opt/airflow/dags/dag.py
[2026-06-05T10:25:19.170+0000] {processor.py:914} INFO - Processing file /opt/airflow/dags/dag.py for tasks to queue
[2026-06-05T10:25:19.171+0000] {logging_mixin.py:190} INFO - [2026-06-05T10:25:19.171+0000] {dagbag.py:588} INFO - Filling up the DagBag from /opt/airflow/dags/dag.py
[2026-06-05T10:25:19.184+0000] {processor.py:925} INFO - DAG(s) 'f1_medallion_pipeline' retrieved from /opt/airflow/dags/dag.py
[2026-06-05T10:25:19.199+0000] {logging_mixin.py:190} INFO - [2026-06-05T10:25:19.199+0000] {dag.py:3239} INFO - Sync 1 DAGs
[2026-06-05T10:25:19.206+0000] {logging_mixin.py:190} INFO - [2026-06-05T10:25:19.206+0000] {dag.py:4180} INFO - Setting next_dagrun for f1_medallion_pipeline to None, run_after=None
[2026-06-05T10:25:19.218+0000] {processor.py:208} INFO - Processing /opt/airflow/dags/dag.py took 0.053 seconds
[2026-06-05T10:25:49.344+0000] {processor.py:186} INFO - Started process (PID=780) to work on /opt/airflow/dags/dag.py
[2026-06-05T10:25:49.345+0000] {processor.py:914} INFO - Processing file /opt/airflow/dags/dag.py for tasks to queue
[2026-06-05T10:25:49.346+0000] {logging_mixin.py:190} INFO - [2026-06-05T10:25:49.346+0000] {dagbag.py:588} INFO - Filling up the DagBag from /opt/airflow/dags/dag.py
[2026-06-05T10:25:49.360+0000] {processor.py:925} INFO - DAG(s) 'f1_medallion_pipeline' retrieved from /opt/airflow/dags/dag.py
[2026-06-05T10:25:49.375+0000] {logging_mixin.py:190} INFO - [2026-06-05T10:25:49.375+0000] {dag.py:3239} INFO - Sync 1 DAGs
[2026-06-05T10:25:49.383+0000] {logging_mixin.py:190} INFO - [2026-06-05T10:25:49.383+0000] {dag.py:4180} INFO - Setting next_dagrun for f1_medallion_pipeline to None, run_after=None
[2026-06-05T10:25:49.395+0000] {processor.py:208} INFO - Processing /opt/airflow/dags/dag.py took 0.056 seconds
[2026-06-05T10:26:19.536+0000] {processor.py:186} INFO - Started process (PID=785) to work on /opt/airflow/dags/dag.py
[2026-06-05T10:26:19.537+0000] {processor.py:914} INFO - Processing file /opt/airflow/dags/dag.py for tasks to queue
[2026-06-05T10:26:19.538+0000] {logging_mixin.py:190} INFO - [2026-06-05T10:26:19.538+0000] {dagbag.py:588} INFO - Filling up the DagBag from /opt/airflow/dags/dag.py
[2026-06-05T10:26:19.551+0000] {processor.py:925} INFO - DAG(s) 'f1_medallion_pipeline' retrieved from /opt/airflow/dags/dag.py
[2026-06-05T10:26:19.566+0000] {logging_mixin.py:190} INFO - [2026-06-05T10:26:19.566+0000] {dag.py:3239} INFO - Sync 1 DAGs
[2026-06-05T10:26:19.573+0000] {logging_mixin.py:190} INFO - [2026-06-05T10:26:19.573+0000] {dag.py:4180} INFO - Setting next_dagrun for f1_medallion_pipeline to None, run_after=None
[2026-06-05T10:26:19.586+0000] {processor.py:208} INFO - Processing /opt/airflow/dags/dag.py took 0.053 seconds
[2026-06-05T10:26:49.721+0000] {processor.py:186} INFO - Started process (PID=790) to work on /opt/airflow/dags/dag.py
[2026-06-05T10:26:49.722+0000] {processor.py:914} INFO - Processing file /opt/airflow/dags/dag.py for tasks to queue
[2026-06-05T10:26:49.724+0000] {logging_mixin.py:190} INFO - [2026-06-05T10:26:49.724+0000] {dagbag.py:588} INFO - Filling up the DagBag from /opt/airflow/dags/dag.py
[2026-06-05T10:26:49.737+0000] {processor.py:925} INFO - DAG(s) 'f1_medallion_pipeline' retrieved from /opt/airflow/dags/dag.py
[2026-06-05T10:26:49.753+0000] {logging_mixin.py:190} INFO - [2026-06-05T10:26:49.753+0000] {dag.py:3239} INFO - Sync 1 DAGs
[2026-06-05T10:26:49.760+0000] {logging_mixin.py:190} INFO - [2026-06-05T10:26:49.760+0000] {dag.py:4180} INFO - Setting next_dagrun for f1_medallion_pipeline to None, run_after=None
[2026-06-05T10:26:49.773+0000] {processor.py:208} INFO - Processing /opt/airflow/dags/dag.py took 0.057 seconds
[2026-06-05T10:27:19.911+0000] {processor.py:186} INFO - Started process (PID=795) to work on /opt/airflow/dags/dag.py
[2026-06-05T10:27:19.912+0000] {processor.py:914} INFO - Processing file /opt/airflow/dags/dag.py for tasks to queue
[2026-06-05T10:27:19.913+0000] {logging_mixin.py:190} INFO - [2026-06-05T10:27:19.913+0000] {dagbag.py:588} INFO - Filling up the DagBag from /opt/airflow/dags/dag.py
[2026-06-05T10:27:19.929+0000] {processor.py:925} INFO - DAG(s) 'f1_medallion_pipeline' retrieved from /opt/airflow/dags/dag.py
[2026-06-05T10:27:19.947+0000] {logging_mixin.py:190} INFO - [2026-06-05T10:27:19.946+0000] {dag.py:3239} INFO - Sync 1 DAGs
[2026-06-05T10:27:19.955+0000] {logging_mixin.py:190} INFO - [2026-06-05T10:27:19.955+0000] {dag.py:4180} INFO - Setting next_dagrun for f1_medallion_pipeline to None, run_after=None
[2026-06-05T10:27:19.970+0000] {processor.py:208} INFO - Processing /opt/airflow/dags/dag.py took 0.064 seconds
[2026-06-05T10:27:50.122+0000] {processor.py:186} INFO - Started process (PID=800) to work on /opt/airflow/dags/dag.py
[2026-06-05T10:27:50.122+0000] {processor.py:914} INFO - Processing file /opt/airflow/dags/dag.py for tasks to queue
[2026-06-05T10:27:50.124+0000] {logging_mixin.py:190} INFO - [2026-06-05T10:27:50.124+0000] {dagbag.py:588} INFO - Filling up the DagBag from /opt/airflow/dags/dag.py
[2026-06-05T10:27:50.138+0000] {processor.py:925} INFO - DAG(s) 'f1_medallion_pipeline' retrieved from /opt/airflow/dags/dag.py
[2026-06-05T10:27:50.156+0000] {logging_mixin.py:190} INFO - [2026-06-05T10:27:50.156+0000] {dag.py:3239} INFO - Sync 1 DAGs
[2026-06-05T10:27:50.163+0000] {logging_mixin.py:190} INFO - [2026-06-05T10:27:50.163+0000] {dag.py:4180} INFO - Setting next_dagrun for f1_medallion_pipeline to None, run_after=None
[2026-06-05T10:27:50.176+0000] {processor.py:208} INFO - Processing /opt/airflow/dags/dag.py took 0.059 seconds
[2026-06-05T10:28:15.378+0000] {processor.py:186} INFO - Started process (PID=805) to work on /opt/airflow/dags/dag.py
[2026-06-05T10:28:15.379+0000] {processor.py:914} INFO - Processing file /opt/airflow/dags/dag.py for tasks to queue
[2026-06-05T10:28:15.381+0000] {logging_mixin.py:190} INFO - [2026-06-05T10:28:15.380+0000] {dagbag.py:588} INFO - Filling up the DagBag from /opt/airflow/dags/dag.py
[2026-06-05T10:28:15.406+0000] {processor.py:925} INFO - DAG(s) 'f1_medallion_pipeline' retrieved from /opt/airflow/dags/dag.py
[2026-06-05T10:28:15.426+0000] {logging_mixin.py:190} INFO - [2026-06-05T10:28:15.426+0000] {dag.py:3239} INFO - Sync 1 DAGs
[2026-06-05T10:28:15.436+0000] {logging_mixin.py:190} INFO - [2026-06-05T10:28:15.436+0000] {dag.py:4180} INFO - Setting next_dagrun for f1_medallion_pipeline to None, run_after=None
[2026-06-05T10:28:15.457+0000] {processor.py:208} INFO - Processing /opt/airflow/dags/dag.py took 0.085 seconds
[2026-06-05T10:28:24.444+0000] {processor.py:186} INFO - Started process (PID=810) to work on /opt/airflow/dags/dag.py
[2026-06-05T10:28:24.445+0000] {processor.py:914} INFO - Processing file /opt/airflow/dags/dag.py for tasks to queue
[2026-06-05T10:28:24.447+0000] {logging_mixin.py:190} INFO - [2026-06-05T10:28:24.447+0000] {dagbag.py:588} INFO - Filling up the DagBag from /opt/airflow/dags/dag.py
[2026-06-05T10:28:24.471+0000] {processor.py:925} INFO - DAG(s) 'f1_medallion_pipeline' retrieved from /opt/airflow/dags/dag.py
[2026-06-05T10:28:24.490+0000] {logging_mixin.py:190} INFO - [2026-06-05T10:28:24.490+0000] {dag.py:3239} INFO - Sync 1 DAGs
[2026-06-05T10:28:24.499+0000] {logging_mixin.py:190} INFO - [2026-06-05T10:28:24.499+0000] {dag.py:4180} INFO - Setting next_dagrun for f1_medallion_pipeline to None, run_after=None
[2026-06-05T10:28:24.516+0000] {processor.py:208} INFO - Processing /opt/airflow/dags/dag.py took 0.076 seconds
[2026-06-05T10:29:38.849+0000] {processor.py:186} INFO - Started process (PID=195) to work on /opt/airflow/dags/dag.py
[2026-06-05T10:29:38.849+0000] {processor.py:914} INFO - Processing file /opt/airflow/dags/dag.py for tasks to queue
[2026-06-05T10:29:38.851+0000] {logging_mixin.py:190} INFO - [2026-06-05T10:29:38.850+0000] {dagbag.py:588} INFO - Filling up the DagBag from /opt/airflow/dags/dag.py
[2026-06-05T10:29:38.874+0000] {processor.py:925} INFO - DAG(s) 'f1_medallion_pipeline' retrieved from /opt/airflow/dags/dag.py
[2026-06-05T10:29:39.002+0000] {logging_mixin.py:190} INFO - [2026-06-05T10:29:39.002+0000] {override.py:1912} INFO - Created Permission View: can edit on DAG:f1_medallion_pipeline
[2026-06-05T10:29:39.008+0000] {logging_mixin.py:190} INFO - [2026-06-05T10:29:39.008+0000] {override.py:1912} INFO - Created Permission View: can read on DAG:f1_medallion_pipeline
[2026-06-05T10:29:39.014+0000] {logging_mixin.py:190} INFO - [2026-06-05T10:29:39.013+0000] {override.py:1912} INFO - Created Permission View: can delete on DAG:f1_medallion_pipeline
[2026-06-05T10:29:39.020+0000] {logging_mixin.py:190} INFO - [2026-06-05T10:29:39.020+0000] {override.py:1912} INFO - Created Permission View: menu access on DAG Run:f1_medallion_pipeline
[2026-06-05T10:29:39.025+0000] {logging_mixin.py:190} INFO - [2026-06-05T10:29:39.025+0000] {override.py:1912} INFO - Created Permission View: can read on DAG Run:f1_medallion_pipeline
[2026-06-05T10:29:39.030+0000] {logging_mixin.py:190} INFO - [2026-06-05T10:29:39.029+0000] {override.py:1912} INFO - Created Permission View: can delete on DAG Run:f1_medallion_pipeline
[2026-06-05T10:29:39.034+0000] {logging_mixin.py:190} INFO - [2026-06-05T10:29:39.034+0000] {override.py:1912} INFO - Created Permission View: can create on DAG Run:f1_medallion_pipeline
[2026-06-05T10:29:39.034+0000] {logging_mixin.py:190} INFO - [2026-06-05T10:29:39.034+0000] {dag.py:3239} INFO - Sync 1 DAGs
[2026-06-05T10:29:39.041+0000] {logging_mixin.py:190} INFO - [2026-06-05T10:29:39.041+0000] {dag.py:3262} INFO - Creating ORM DAG for f1_medallion_pipeline
[2026-06-05T10:29:39.042+0000] {logging_mixin.py:190} INFO - [2026-06-05T10:29:39.042+0000] {dag.py:4180} INFO - Setting next_dagrun for f1_medallion_pipeline to None, run_after=None
[2026-06-05T10:29:39.056+0000] {processor.py:208} INFO - Processing /opt/airflow/dags/dag.py took 0.212 seconds
[2026-06-05T10:30:09.241+0000] {processor.py:186} INFO - Started process (PID=200) to work on /opt/airflow/dags/dag.py
[2026-06-05T10:30:09.242+0000] {processor.py:914} INFO - Processing file /opt/airflow/dags/dag.py for tasks to queue
[2026-06-05T10:30:09.244+0000] {logging_mixin.py:190} INFO - [2026-06-05T10:30:09.244+0000] {dagbag.py:588} INFO - Filling up the DagBag from /opt/airflow/dags/dag.py
[2026-06-05T10:30:09.260+0000] {processor.py:925} INFO - DAG(s) 'f1_medallion_pipeline' retrieved from /opt/airflow/dags/dag.py
[2026-06-05T10:30:09.279+0000] {logging_mixin.py:190} INFO - [2026-06-05T10:30:09.279+0000] {dag.py:3239} INFO - Sync 1 DAGs
[2026-06-05T10:30:09.289+0000] {logging_mixin.py:190} INFO - [2026-06-05T10:30:09.288+0000] {dag.py:4180} INFO - Setting next_dagrun for f1_medallion_pipeline to None, run_after=None
[2026-06-05T10:30:09.302+0000] {processor.py:208} INFO - Processing /opt/airflow/dags/dag.py took 0.066 seconds
[2026-06-05T10:30:39.418+0000] {processor.py:186} INFO - Started process (PID=208) to work on /opt/airflow/dags/dag.py
[2026-06-05T10:30:39.419+0000] {processor.py:914} INFO - Processing file /opt/airflow/dags/dag.py for tasks to queue
[2026-06-05T10:30:39.421+0000] {logging_mixin.py:190} INFO - [2026-06-05T10:30:39.421+0000] {dagbag.py:588} INFO - Filling up the DagBag from /opt/airflow/dags/dag.py
[2026-06-05T10:30:39.442+0000] {processor.py:925} INFO - DAG(s) 'f1_medallion_pipeline' retrieved from /opt/airflow/dags/dag.py
[2026-06-05T10:30:39.471+0000] {logging_mixin.py:190} INFO - [2026-06-05T10:30:39.470+0000] {dag.py:3239} INFO - Sync 1 DAGs
[2026-06-05T10:30:39.479+0000] {logging_mixin.py:190} INFO - [2026-06-05T10:30:39.479+0000] {dag.py:4180} INFO - Setting next_dagrun for f1_medallion_pipeline to None, run_after=None
[2026-06-05T10:30:39.492+0000] {processor.py:208} INFO - Processing /opt/airflow/dags/dag.py took 0.080 seconds
[2026-06-05T10:31:09.646+0000] {processor.py:186} INFO - Started process (PID=213) to work on /opt/airflow/dags/dag.py
[2026-06-05T10:31:09.647+0000] {processor.py:914} INFO - Processing file /opt/airflow/dags/dag.py for tasks to queue
[2026-06-05T10:31:09.648+0000] {logging_mixin.py:190} INFO - [2026-06-05T10:31:09.648+0000] {dagbag.py:588} INFO - Filling up the DagBag from /opt/airflow/dags/dag.py
[2026-06-05T10:31:09.664+0000] {processor.py:925} INFO - DAG(s) 'f1_medallion_pipeline' retrieved from /opt/airflow/dags/dag.py
[2026-06-05T10:31:09.681+0000] {logging_mixin.py:190} INFO - [2026-06-05T10:31:09.681+0000] {dag.py:3239} INFO - Sync 1 DAGs
[2026-06-05T10:31:09.689+0000] {logging_mixin.py:190} INFO - [2026-06-05T10:31:09.689+0000] {dag.py:4180} INFO - Setting next_dagrun for f1_medallion_pipeline to None, run_after=None
[2026-06-05T10:31:09.701+0000] {processor.py:208} INFO - Processing /opt/airflow/dags/dag.py took 0.060 seconds
[2026-06-05T10:31:39.834+0000] {processor.py:186} INFO - Started process (PID=218) to work on /opt/airflow/dags/dag.py
[2026-06-05T10:31:39.835+0000] {processor.py:914} INFO - Processing file /opt/airflow/dags/dag.py for tasks to queue
[2026-06-05T10:31:39.836+0000] {logging_mixin.py:190} INFO - [2026-06-05T10:31:39.836+0000] {dagbag.py:588} INFO - Filling up the DagBag from /opt/airflow/dags/dag.py
[2026-06-05T10:31:39.850+0000] {processor.py:925} INFO - DAG(s) 'f1_medallion_pipeline' retrieved from /opt/airflow/dags/dag.py
[2026-06-05T10:31:39.867+0000] {logging_mixin.py:190} INFO - [2026-06-05T10:31:39.866+0000] {dag.py:3239} INFO - Sync 1 DAGs
[2026-06-05T10:31:39.876+0000] {logging_mixin.py:190} INFO - [2026-06-05T10:31:39.875+0000] {dag.py:4180} INFO - Setting next_dagrun for f1_medallion_pipeline to None, run_after=None
[2026-06-05T10:31:39.889+0000] {processor.py:208} INFO - Processing /opt/airflow/dags/dag.py took 0.060 seconds
[2026-06-05T10:32:10.046+0000] {processor.py:186} INFO - Started process (PID=223) to work on /opt/airflow/dags/dag.py
[2026-06-05T10:32:10.047+0000] {processor.py:914} INFO - Processing file /opt/airflow/dags/dag.py for tasks to queue
[2026-06-05T10:32:10.048+0000] {logging_mixin.py:190} INFO - [2026-06-05T10:32:10.048+0000] {dagbag.py:588} INFO - Filling up the DagBag from /opt/airflow/dags/dag.py
[2026-06-05T10:32:10.061+0000] {processor.py:925} INFO - DAG(s) 'f1_medallion_pipeline' retrieved from /opt/airflow/dags/dag.py
[2026-06-05T10:32:10.078+0000] {logging_mixin.py:190} INFO - [2026-06-05T10:32:10.078+0000] {dag.py:3239} INFO - Sync 1 DAGs
[2026-06-05T10:32:10.086+0000] {logging_mixin.py:190} INFO - [2026-06-05T10:32:10.086+0000] {dag.py:4180} INFO - Setting next_dagrun for f1_medallion_pipeline to None, run_after=None
[2026-06-05T10:32:10.100+0000] {processor.py:208} INFO - Processing /opt/airflow/dags/dag.py took 0.058 seconds
[2026-06-05T10:32:40.250+0000] {processor.py:186} INFO - Started process (PID=228) to work on /opt/airflow/dags/dag.py
[2026-06-05T10:32:40.251+0000] {processor.py:914} INFO - Processing file /opt/airflow/dags/dag.py for tasks to queue
[2026-06-05T10:32:40.253+0000] {logging_mixin.py:190} INFO - [2026-06-05T10:32:40.253+0000] {dagbag.py:588} INFO - Filling up the DagBag from /opt/airflow/dags/dag.py
[2026-06-05T10:32:40.273+0000] {processor.py:925} INFO - DAG(s) 'f1_medallion_pipeline' retrieved from /opt/airflow/dags/dag.py
[2026-06-05T10:32:40.292+0000] {logging_mixin.py:190} INFO - [2026-06-05T10:32:40.291+0000] {dag.py:3239} INFO - Sync 1 DAGs
[2026-06-05T10:32:40.300+0000] {logging_mixin.py:190} INFO - [2026-06-05T10:32:40.300+0000] {dag.py:4180} INFO - Setting next_dagrun for f1_medallion_pipeline to None, run_after=None
[2026-06-05T10:32:40.317+0000] {processor.py:208} INFO - Processing /opt/airflow/dags/dag.py took 0.072 seconds
[2026-06-05T10:33:10.465+0000] {processor.py:186} INFO - Started process (PID=233) to work on /opt/airflow/dags/dag.py
[2026-06-05T10:33:10.466+0000] {processor.py:914} INFO - Processing file /opt/airflow/dags/dag.py for tasks to queue
[2026-06-05T10:33:10.468+0000] {logging_mixin.py:190} INFO - [2026-06-05T10:33:10.467+0000] {dagbag.py:588} INFO - Filling up the DagBag from /opt/airflow/dags/dag.py
[2026-06-05T10:33:10.486+0000] {processor.py:925} INFO - DAG(s) 'f1_medallion_pipeline' retrieved from /opt/airflow/dags/dag.py
[2026-06-05T10:33:10.504+0000] {logging_mixin.py:190} INFO - [2026-06-05T10:33:10.504+0000] {dag.py:3239} INFO - Sync 1 DAGs
[2026-06-05T10:33:10.512+0000] {logging_mixin.py:190} INFO - [2026-06-05T10:33:10.512+0000] {dag.py:4180} INFO - Setting next_dagrun for f1_medallion_pipeline to None, run_after=None
[2026-06-05T10:33:10.526+0000] {processor.py:208} INFO - Processing /opt/airflow/dags/dag.py took 0.065 seconds
[2026-06-05T10:33:40.690+0000] {processor.py:186} INFO - Started process (PID=238) to work on /opt/airflow/dags/dag.py
[2026-06-05T10:33:40.691+0000] {processor.py:914} INFO - Processing file /opt/airflow/dags/dag.py for tasks to queue
[2026-06-05T10:33:40.692+0000] {logging_mixin.py:190} INFO - [2026-06-05T10:33:40.692+0000] {dagbag.py:588} INFO - Filling up the DagBag from /opt/airflow/dags/dag.py
[2026-06-05T10:33:40.705+0000] {processor.py:925} INFO - DAG(s) 'f1_medallion_pipeline' retrieved from /opt/airflow/dags/dag.py
[2026-06-05T10:33:40.723+0000] {logging_mixin.py:190} INFO - [2026-06-05T10:33:40.723+0000] {dag.py:3239} INFO - Sync 1 DAGs
[2026-06-05T10:33:40.731+0000] {logging_mixin.py:190} INFO - [2026-06-05T10:33:40.731+0000] {dag.py:4180} INFO - Setting next_dagrun for f1_medallion_pipeline to None, run_after=None
[2026-06-05T10:33:40.744+0000] {processor.py:208} INFO - Processing /opt/airflow/dags/dag.py took 0.059 seconds
[2026-06-05T10:34:10.889+0000] {processor.py:186} INFO - Started process (PID=243) to work on /opt/airflow/dags/dag.py
[2026-06-05T10:34:10.890+0000] {processor.py:914} INFO - Processing file /opt/airflow/dags/dag.py for tasks to queue
[2026-06-05T10:34:10.892+0000] {logging_mixin.py:190} INFO - [2026-06-05T10:34:10.891+0000] {dagbag.py:588} INFO - Filling up the DagBag from /opt/airflow/dags/dag.py
[2026-06-05T10:34:10.905+0000] {processor.py:925} INFO - DAG(s) 'f1_medallion_pipeline' retrieved from /opt/airflow/dags/dag.py
[2026-06-05T10:34:10.920+0000] {logging_mixin.py:190} INFO - [2026-06-05T10:34:10.920+0000] {dag.py:3239} INFO - Sync 1 DAGs
[2026-06-05T10:34:10.928+0000] {logging_mixin.py:190} INFO - [2026-06-05T10:34:10.928+0000] {dag.py:4180} INFO - Setting next_dagrun for f1_medallion_pipeline to None, run_after=None
[2026-06-05T10:34:10.945+0000] {processor.py:208} INFO - Processing /opt/airflow/dags/dag.py took 0.062 seconds
[2026-06-05T10:34:41.115+0000] {processor.py:186} INFO - Started process (PID=248) to work on /opt/airflow/dags/dag.py
[2026-06-05T10:34:41.116+0000] {processor.py:914} INFO - Processing file /opt/airflow/dags/dag.py for tasks to queue
[2026-06-05T10:34:41.117+0000] {logging_mixin.py:190} INFO - [2026-06-05T10:34:41.117+0000] {dagbag.py:588} INFO - Filling up the DagBag from /opt/airflow/dags/dag.py
[2026-06-05T10:34:41.133+0000] {processor.py:925} INFO - DAG(s) 'f1_medallion_pipeline' retrieved from /opt/airflow/dags/dag.py
[2026-06-05T10:34:41.152+0000] {logging_mixin.py:190} INFO - [2026-06-05T10:34:41.152+0000] {dag.py:3239} INFO - Sync 1 DAGs
[2026-06-05T10:34:41.161+0000] {logging_mixin.py:190} INFO - [2026-06-05T10:34:41.160+0000] {dag.py:4180} INFO - Setting next_dagrun for f1_medallion_pipeline to None, run_after=None
[2026-06-05T10:34:41.174+0000] {processor.py:208} INFO - Processing /opt/airflow/dags/dag.py took 0.063 seconds
[2026-06-05T10:35:11.310+0000] {processor.py:186} INFO - Started process (PID=253) to work on /opt/airflow/dags/dag.py
[2026-06-05T10:35:11.310+0000] {processor.py:914} INFO - Processing file /opt/airflow/dags/dag.py for tasks to queue
[2026-06-05T10:35:11.312+0000] {logging_mixin.py:190} INFO - [2026-06-05T10:35:11.311+0000] {dagbag.py:588} INFO - Filling up the DagBag from /opt/airflow/dags/dag.py
[2026-06-05T10:35:11.326+0000] {processor.py:925} INFO - DAG(s) 'f1_medallion_pipeline' retrieved from /opt/airflow/dags/dag.py
[2026-06-05T10:35:11.343+0000] {logging_mixin.py:190} INFO - [2026-06-05T10:35:11.343+0000] {dag.py:3239} INFO - Sync 1 DAGs
[2026-06-05T10:35:11.352+0000] {logging_mixin.py:190} INFO - [2026-06-05T10:35:11.352+0000] {dag.py:4180} INFO - Setting next_dagrun for f1_medallion_pipeline to None, run_after=None
[2026-06-05T10:35:11.364+0000] {processor.py:208} INFO - Processing /opt/airflow/dags/dag.py took 0.061 seconds
[2026-06-05T10:35:41.521+0000] {processor.py:186} INFO - Started process (PID=261) to work on /opt/airflow/dags/dag.py
[2026-06-05T10:35:41.521+0000] {processor.py:914} INFO - Processing file /opt/airflow/dags/dag.py for tasks to queue
[2026-06-05T10:35:41.523+0000] {logging_mixin.py:190} INFO - [2026-06-05T10:35:41.523+0000] {dagbag.py:588} INFO - Filling up the DagBag from /opt/airflow/dags/dag.py
[2026-06-05T10:35:41.539+0000] {processor.py:925} INFO - DAG(s) 'f1_medallion_pipeline' retrieved from /opt/airflow/dags/dag.py
[2026-06-05T10:35:41.556+0000] {logging_mixin.py:190} INFO - [2026-06-05T10:35:41.556+0000] {dag.py:3239} INFO - Sync 1 DAGs
[2026-06-05T10:35:41.565+0000] {logging_mixin.py:190} INFO - [2026-06-05T10:35:41.565+0000] {dag.py:4180} INFO - Setting next_dagrun for f1_medallion_pipeline to None, run_after=None
[2026-06-05T10:35:41.578+0000] {processor.py:208} INFO - Processing /opt/airflow/dags/dag.py took 0.062 seconds
[2026-06-05T10:36:11.715+0000] {processor.py:186} INFO - Started process (PID=266) to work on /opt/airflow/dags/dag.py
[2026-06-05T10:36:11.716+0000] {processor.py:914} INFO - Processing file /opt/airflow/dags/dag.py for tasks to queue
[2026-06-05T10:36:11.717+0000] {logging_mixin.py:190} INFO - [2026-06-05T10:36:11.717+0000] {dagbag.py:588} INFO - Filling up the DagBag from /opt/airflow/dags/dag.py
[2026-06-05T10:36:11.734+0000] {processor.py:925} INFO - DAG(s) 'f1_medallion_pipeline' retrieved from /opt/airflow/dags/dag.py
[2026-06-05T10:36:11.751+0000] {logging_mixin.py:190} INFO - [2026-06-05T10:36:11.751+0000] {dag.py:3239} INFO - Sync 1 DAGs
[2026-06-05T10:36:11.759+0000] {logging_mixin.py:190} INFO - [2026-06-05T10:36:11.759+0000] {dag.py:4180} INFO - Setting next_dagrun for f1_medallion_pipeline to None, run_after=None
[2026-06-05T10:36:11.773+0000] {processor.py:208} INFO - Processing /opt/airflow/dags/dag.py took 0.063 seconds
[2026-06-05T10:36:41.917+0000] {processor.py:186} INFO - Started process (PID=271) to work on /opt/airflow/dags/dag.py
[2026-06-05T10:36:41.917+0000] {processor.py:914} INFO - Processing file /opt/airflow/dags/dag.py for tasks to queue
[2026-06-05T10:36:41.919+0000] {logging_mixin.py:190} INFO - [2026-06-05T10:36:41.919+0000] {dagbag.py:588} INFO - Filling up the DagBag from /opt/airflow/dags/dag.py
[2026-06-05T10:36:41.932+0000] {processor.py:925} INFO - DAG(s) 'f1_medallion_pipeline' retrieved from /opt/airflow/dags/dag.py
[2026-06-05T10:36:41.948+0000] {logging_mixin.py:190} INFO - [2026-06-05T10:36:41.948+0000] {dag.py:3239} INFO - Sync 1 DAGs
[2026-06-05T10:36:41.956+0000] {logging_mixin.py:190} INFO - [2026-06-05T10:36:41.956+0000] {dag.py:4180} INFO - Setting next_dagrun for f1_medallion_pipeline to None, run_after=None
[2026-06-05T10:36:41.969+0000] {processor.py:208} INFO - Processing /opt/airflow/dags/dag.py took 0.058 seconds
[2026-06-05T10:37:12.112+0000] {processor.py:186} INFO - Started process (PID=276) to work on /opt/airflow/dags/dag.py
[2026-06-05T10:37:12.113+0000] {processor.py:914} INFO - Processing file /opt/airflow/dags/dag.py for tasks to queue
[2026-06-05T10:37:12.114+0000] {logging_mixin.py:190} INFO - [2026-06-05T10:37:12.114+0000] {dagbag.py:588} INFO - Filling up the DagBag from /opt/airflow/dags/dag.py
[2026-06-05T10:37:12.135+0000] {processor.py:925} INFO - DAG(s) 'f1_medallion_pipeline' retrieved from /opt/airflow/dags/dag.py
[2026-06-05T10:37:12.154+0000] {logging_mixin.py:190} INFO - [2026-06-05T10:37:12.154+0000] {dag.py:3239} INFO - Sync 1 DAGs
[2026-06-05T10:37:12.162+0000] {logging_mixin.py:190} INFO - [2026-06-05T10:37:12.162+0000] {dag.py:4180} INFO - Setting next_dagrun for f1_medallion_pipeline to None, run_after=None
[2026-06-05T10:37:12.174+0000] {processor.py:208} INFO - Processing /opt/airflow/dags/dag.py took 0.068 seconds
[2026-06-05T10:37:42.304+0000] {processor.py:186} INFO - Started process (PID=281) to work on /opt/airflow/dags/dag.py
[2026-06-05T10:37:42.305+0000] {processor.py:914} INFO - Processing file /opt/airflow/dags/dag.py for tasks to queue
[2026-06-05T10:37:42.306+0000] {logging_mixin.py:190} INFO - [2026-06-05T10:37:42.306+0000] {dagbag.py:588} INFO - Filling up the DagBag from /opt/airflow/dags/dag.py
[2026-06-05T10:37:42.319+0000] {processor.py:925} INFO - DAG(s) 'f1_medallion_pipeline' retrieved from /opt/airflow/dags/dag.py
[2026-06-05T10:37:42.334+0000] {logging_mixin.py:190} INFO - [2026-06-05T10:37:42.334+0000] {dag.py:3239} INFO - Sync 1 DAGs
[2026-06-05T10:37:42.341+0000] {logging_mixin.py:190} INFO - [2026-06-05T10:37:42.341+0000] {dag.py:4180} INFO - Setting next_dagrun for f1_medallion_pipeline to None, run_after=None
[2026-06-05T10:37:42.353+0000] {processor.py:208} INFO - Processing /opt/airflow/dags/dag.py took 0.054 seconds
[2026-06-05T10:38:12.525+0000] {processor.py:186} INFO - Started process (PID=286) to work on /opt/airflow/dags/dag.py
[2026-06-05T10:38:12.525+0000] {processor.py:914} INFO - Processing file /opt/airflow/dags/dag.py for tasks to queue
[2026-06-05T10:38:12.527+0000] {logging_mixin.py:190} INFO - [2026-06-05T10:38:12.526+0000] {dagbag.py:588} INFO - Filling up the DagBag from /opt/airflow/dags/dag.py
[2026-06-05T10:38:12.540+0000] {processor.py:925} INFO - DAG(s) 'f1_medallion_pipeline' retrieved from /opt/airflow/dags/dag.py
[2026-06-05T10:38:12.554+0000] {logging_mixin.py:190} INFO - [2026-06-05T10:38:12.554+0000] {dag.py:3239} INFO - Sync 1 DAGs
[2026-06-05T10:38:12.561+0000] {logging_mixin.py:190} INFO - [2026-06-05T10:38:12.561+0000] {dag.py:4180} INFO - Setting next_dagrun for f1_medallion_pipeline to None, run_after=None
[2026-06-05T10:38:12.574+0000] {processor.py:208} INFO - Processing /opt/airflow/dags/dag.py took 0.053 seconds
[2026-06-05T10:38:42.704+0000] {processor.py:186} INFO - Started process (PID=291) to work on /opt/airflow/dags/dag.py
[2026-06-05T10:38:42.704+0000] {processor.py:914} INFO - Processing file /opt/airflow/dags/dag.py for tasks to queue
[2026-06-05T10:38:42.706+0000] {logging_mixin.py:190} INFO - [2026-06-05T10:38:42.706+0000] {dagbag.py:588} INFO - Filling up the DagBag from /opt/airflow/dags/dag.py
[2026-06-05T10:38:42.721+0000] {processor.py:925} INFO - DAG(s) 'f1_medallion_pipeline' retrieved from /opt/airflow/dags/dag.py
[2026-06-05T10:38:42.735+0000] {logging_mixin.py:190} INFO - [2026-06-05T10:38:42.735+0000] {dag.py:3239} INFO - Sync 1 DAGs
[2026-06-05T10:38:42.742+0000] {logging_mixin.py:190} INFO - [2026-06-05T10:38:42.742+0000] {dag.py:4180} INFO - Setting next_dagrun for f1_medallion_pipeline to None, run_after=None
[2026-06-05T10:38:42.755+0000] {processor.py:208} INFO - Processing /opt/airflow/dags/dag.py took 0.056 seconds
[2026-06-05T10:39:12.914+0000] {processor.py:186} INFO - Started process (PID=296) to work on /opt/airflow/dags/dag.py
[2026-06-05T10:39:12.915+0000] {processor.py:914} INFO - Processing file /opt/airflow/dags/dag.py for tasks to queue
[2026-06-05T10:39:12.916+0000] {logging_mixin.py:190} INFO - [2026-06-05T10:39:12.916+0000] {dagbag.py:588} INFO - Filling up the DagBag from /opt/airflow/dags/dag.py
[2026-06-05T10:39:12.929+0000] {processor.py:925} INFO - DAG(s) 'f1_medallion_pipeline' retrieved from /opt/airflow/dags/dag.py
[2026-06-05T10:39:12.944+0000] {logging_mixin.py:190} INFO - [2026-06-05T10:39:12.944+0000] {dag.py:3239} INFO - Sync 1 DAGs
[2026-06-05T10:39:12.951+0000] {logging_mixin.py:190} INFO - [2026-06-05T10:39:12.951+0000] {dag.py:4180} INFO - Setting next_dagrun for f1_medallion_pipeline to None, run_after=None
[2026-06-05T10:39:12.963+0000] {processor.py:208} INFO - Processing /opt/airflow/dags/dag.py took 0.053 seconds
[2026-06-05T10:39:43.107+0000] {processor.py:186} INFO - Started process (PID=301) to work on /opt/airflow/dags/dag.py
[2026-06-05T10:39:43.107+0000] {processor.py:914} INFO - Processing file /opt/airflow/dags/dag.py for tasks to queue
[2026-06-05T10:39:43.109+0000] {logging_mixin.py:190} INFO - [2026-06-05T10:39:43.109+0000] {dagbag.py:588} INFO - Filling up the DagBag from /opt/airflow/dags/dag.py
[2026-06-05T10:39:43.122+0000] {processor.py:925} INFO - DAG(s) 'f1_medallion_pipeline' retrieved from /opt/airflow/dags/dag.py
[2026-06-05T10:39:43.137+0000] {logging_mixin.py:190} INFO - [2026-06-05T10:39:43.137+0000] {dag.py:3239} INFO - Sync 1 DAGs
[2026-06-05T10:39:43.144+0000] {logging_mixin.py:190} INFO - [2026-06-05T10:39:43.144+0000] {dag.py:4180} INFO - Setting next_dagrun for f1_medallion_pipeline to None, run_after=None
[2026-06-05T10:39:43.157+0000] {processor.py:208} INFO - Processing /opt/airflow/dags/dag.py took 0.054 seconds
[2026-06-05T10:40:13.319+0000] {processor.py:186} INFO - Started process (PID=306) to work on /opt/airflow/dags/dag.py
[2026-06-05T10:40:13.320+0000] {processor.py:914} INFO - Processing file /opt/airflow/dags/dag.py for tasks to queue
[2026-06-05T10:40:13.321+0000] {logging_mixin.py:190} INFO - [2026-06-05T10:40:13.321+0000] {dagbag.py:588} INFO - Filling up the DagBag from /opt/airflow/dags/dag.py
[2026-06-05T10:40:13.334+0000] {processor.py:925} INFO - DAG(s) 'f1_medallion_pipeline' retrieved from /opt/airflow/dags/dag.py
[2026-06-05T10:40:13.349+0000] {logging_mixin.py:190} INFO - [2026-06-05T10:40:13.349+0000] {dag.py:3239} INFO - Sync 1 DAGs
[2026-06-05T10:40:13.356+0000] {logging_mixin.py:190} INFO - [2026-06-05T10:40:13.356+0000] {dag.py:4180} INFO - Setting next_dagrun for f1_medallion_pipeline to None, run_after=None
[2026-06-05T10:40:13.369+0000] {processor.py:208} INFO - Processing /opt/airflow/dags/dag.py took 0.054 seconds
[2026-06-05T10:40:43.501+0000] {processor.py:186} INFO - Started process (PID=311) to work on /opt/airflow/dags/dag.py
[2026-06-05T10:40:43.502+0000] {processor.py:914} INFO - Processing file /opt/airflow/dags/dag.py for tasks to queue
[2026-06-05T10:40:43.503+0000] {logging_mixin.py:190} INFO - [2026-06-05T10:40:43.503+0000] {dagbag.py:588} INFO - Filling up the DagBag from /opt/airflow/dags/dag.py
[2026-06-05T10:40:43.517+0000] {processor.py:925} INFO - DAG(s) 'f1_medallion_pipeline' retrieved from /opt/airflow/dags/dag.py
[2026-06-05T10:40:43.533+0000] {logging_mixin.py:190} INFO - [2026-06-05T10:40:43.533+0000] {dag.py:3239} INFO - Sync 1 DAGs
[2026-06-05T10:40:43.540+0000] {logging_mixin.py:190} INFO - [2026-06-05T10:40:43.540+0000] {dag.py:4180} INFO - Setting next_dagrun for f1_medallion_pipeline to None, run_after=None
[2026-06-05T10:40:43.552+0000] {processor.py:208} INFO - Processing /opt/airflow/dags/dag.py took 0.056 seconds
[2026-06-05T10:41:13.703+0000] {processor.py:186} INFO - Started process (PID=316) to work on /opt/airflow/dags/dag.py
[2026-06-05T10:41:13.704+0000] {processor.py:914} INFO - Processing file /opt/airflow/dags/dag.py for tasks to queue
[2026-06-05T10:41:13.705+0000] {logging_mixin.py:190} INFO - [2026-06-05T10:41:13.705+0000] {dagbag.py:588} INFO - Filling up the DagBag from /opt/airflow/dags/dag.py
[2026-06-05T10:41:13.718+0000] {processor.py:925} INFO - DAG(s) 'f1_medallion_pipeline' retrieved from /opt/airflow/dags/dag.py
[2026-06-05T10:41:13.734+0000] {logging_mixin.py:190} INFO - [2026-06-05T10:41:13.733+0000] {dag.py:3239} INFO - Sync 1 DAGs
[2026-06-05T10:41:13.741+0000] {logging_mixin.py:190} INFO - [2026-06-05T10:41:13.741+0000] {dag.py:4180} INFO - Setting next_dagrun for f1_medallion_pipeline to None, run_after=None
[2026-06-05T10:41:13.754+0000] {processor.py:208} INFO - Processing /opt/airflow/dags/dag.py took 0.055 seconds
[2026-06-05T10:41:43.892+0000] {processor.py:186} INFO - Started process (PID=321) to work on /opt/airflow/dags/dag.py
[2026-06-05T10:41:43.893+0000] {processor.py:914} INFO - Processing file /opt/airflow/dags/dag.py for tasks to queue
[2026-06-05T10:41:43.894+0000] {logging_mixin.py:190} INFO - [2026-06-05T10:41:43.894+0000] {dagbag.py:588} INFO - Filling up the DagBag from /opt/airflow/dags/dag.py
[2026-06-05T10:41:43.912+0000] {processor.py:925} INFO - DAG(s) 'f1_medallion_pipeline' retrieved from /opt/airflow/dags/dag.py
[2026-06-05T10:41:43.928+0000] {logging_mixin.py:190} INFO - [2026-06-05T10:41:43.928+0000] {dag.py:3239} INFO - Sync 1 DAGs
[2026-06-05T10:41:43.935+0000] {logging_mixin.py:190} INFO - [2026-06-05T10:41:43.935+0000] {dag.py:4180} INFO - Setting next_dagrun for f1_medallion_pipeline to None, run_after=None
[2026-06-05T10:41:43.948+0000] {processor.py:208} INFO - Processing /opt/airflow/dags/dag.py took 0.061 seconds
[2026-06-05T10:42:14.077+0000] {processor.py:186} INFO - Started process (PID=326) to work on /opt/airflow/dags/dag.py
[2026-06-05T10:42:14.077+0000] {processor.py:914} INFO - Processing file /opt/airflow/dags/dag.py for tasks to queue
[2026-06-05T10:42:14.079+0000] {logging_mixin.py:190} INFO - [2026-06-05T10:42:14.078+0000] {dagbag.py:588} INFO - Filling up the DagBag from /opt/airflow/dags/dag.py
[2026-06-05T10:42:14.092+0000] {processor.py:925} INFO - DAG(s) 'f1_medallion_pipeline' retrieved from /opt/airflow/dags/dag.py
[2026-06-05T10:42:14.107+0000] {logging_mixin.py:190} INFO - [2026-06-05T10:42:14.107+0000] {dag.py:3239} INFO - Sync 1 DAGs
[2026-06-05T10:42:14.115+0000] {logging_mixin.py:190} INFO - [2026-06-05T10:42:14.114+0000] {dag.py:4180} INFO - Setting next_dagrun for f1_medallion_pipeline to None, run_after=None
[2026-06-05T10:42:14.127+0000] {processor.py:208} INFO - Processing /opt/airflow/dags/dag.py took 0.055 seconds
[2026-06-05T10:42:44.294+0000] {processor.py:186} INFO - Started process (PID=331) to work on /opt/airflow/dags/dag.py
[2026-06-05T10:42:44.294+0000] {processor.py:914} INFO - Processing file /opt/airflow/dags/dag.py for tasks to queue
[2026-06-05T10:42:44.296+0000] {logging_mixin.py:190} INFO - [2026-06-05T10:42:44.296+0000] {dagbag.py:588} INFO - Filling up the DagBag from /opt/airflow/dags/dag.py
[2026-06-05T10:42:44.312+0000] {processor.py:925} INFO - DAG(s) 'f1_medallion_pipeline' retrieved from /opt/airflow/dags/dag.py
[2026-06-05T10:42:44.329+0000] {logging_mixin.py:190} INFO - [2026-06-05T10:42:44.329+0000] {dag.py:3239} INFO - Sync 1 DAGs
[2026-06-05T10:42:44.337+0000] {logging_mixin.py:190} INFO - [2026-06-05T10:42:44.337+0000] {dag.py:4180} INFO - Setting next_dagrun for f1_medallion_pipeline to None, run_after=None
[2026-06-05T10:42:44.352+0000] {processor.py:208} INFO - Processing /opt/airflow/dags/dag.py took 0.062 seconds
[2026-06-05T10:43:14.483+0000] {processor.py:186} INFO - Started process (PID=336) to work on /opt/airflow/dags/dag.py
[2026-06-05T10:43:14.483+0000] {processor.py:914} INFO - Processing file /opt/airflow/dags/dag.py for tasks to queue
[2026-06-05T10:43:14.485+0000] {logging_mixin.py:190} INFO - [2026-06-05T10:43:14.485+0000] {dagbag.py:588} INFO - Filling up the DagBag from /opt/airflow/dags/dag.py
[2026-06-05T10:43:14.500+0000] {processor.py:925} INFO - DAG(s) 'f1_medallion_pipeline' retrieved from /opt/airflow/dags/dag.py
[2026-06-05T10:43:14.516+0000] {logging_mixin.py:190} INFO - [2026-06-05T10:43:14.516+0000] {dag.py:3239} INFO - Sync 1 DAGs
[2026-06-05T10:43:14.525+0000] {logging_mixin.py:190} INFO - [2026-06-05T10:43:14.525+0000] {dag.py:4180} INFO - Setting next_dagrun for f1_medallion_pipeline to None, run_after=None
[2026-06-05T10:43:14.539+0000] {processor.py:208} INFO - Processing /opt/airflow/dags/dag.py took 0.061 seconds
[2026-06-05T10:43:44.684+0000] {processor.py:186} INFO - Started process (PID=341) to work on /opt/airflow/dags/dag.py
[2026-06-05T10:43:44.685+0000] {processor.py:914} INFO - Processing file /opt/airflow/dags/dag.py for tasks to queue
[2026-06-05T10:43:44.686+0000] {logging_mixin.py:190} INFO - [2026-06-05T10:43:44.686+0000] {dagbag.py:588} INFO - Filling up the DagBag from /opt/airflow/dags/dag.py
[2026-06-05T10:43:44.702+0000] {processor.py:925} INFO - DAG(s) 'f1_medallion_pipeline' retrieved from /opt/airflow/dags/dag.py
[2026-06-05T10:43:44.718+0000] {logging_mixin.py:190} INFO - [2026-06-05T10:43:44.717+0000] {dag.py:3239} INFO - Sync 1 DAGs
[2026-06-05T10:43:44.726+0000] {logging_mixin.py:190} INFO - [2026-06-05T10:43:44.726+0000] {dag.py:4180} INFO - Setting next_dagrun for f1_medallion_pipeline to None, run_after=None
[2026-06-05T10:43:44.738+0000] {processor.py:208} INFO - Processing /opt/airflow/dags/dag.py took 0.059 seconds
[2026-06-05T10:44:14.860+0000] {processor.py:186} INFO - Started process (PID=346) to work on /opt/airflow/dags/dag.py
[2026-06-05T10:44:14.860+0000] {processor.py:914} INFO - Processing file /opt/airflow/dags/dag.py for tasks to queue
[2026-06-05T10:44:14.862+0000] {logging_mixin.py:190} INFO - [2026-06-05T10:44:14.862+0000] {dagbag.py:588} INFO - Filling up the DagBag from /opt/airflow/dags/dag.py
[2026-06-05T10:44:14.878+0000] {processor.py:925} INFO - DAG(s) 'f1_medallion_pipeline' retrieved from /opt/airflow/dags/dag.py
[2026-06-05T10:44:14.893+0000] {logging_mixin.py:190} INFO - [2026-06-05T10:44:14.893+0000] {dag.py:3239} INFO - Sync 1 DAGs
[2026-06-05T10:44:14.904+0000] {logging_mixin.py:190} INFO - [2026-06-05T10:44:14.904+0000] {dag.py:4180} INFO - Setting next_dagrun for f1_medallion_pipeline to None, run_after=None
[2026-06-05T10:44:14.919+0000] {processor.py:208} INFO - Processing /opt/airflow/dags/dag.py took 0.065 seconds
[2026-06-05T10:44:45.079+0000] {processor.py:186} INFO - Started process (PID=351) to work on /opt/airflow/dags/dag.py
[2026-06-05T10:44:45.080+0000] {processor.py:914} INFO - Processing file /opt/airflow/dags/dag.py for tasks to queue
[2026-06-05T10:44:45.081+0000] {logging_mixin.py:190} INFO - [2026-06-05T10:44:45.081+0000] {dagbag.py:588} INFO - Filling up the DagBag from /opt/airflow/dags/dag.py
[2026-06-05T10:44:45.095+0000] {processor.py:925} INFO - DAG(s) 'f1_medallion_pipeline' retrieved from /opt/airflow/dags/dag.py
[2026-06-05T10:44:45.112+0000] {logging_mixin.py:190} INFO - [2026-06-05T10:44:45.111+0000] {dag.py:3239} INFO - Sync 1 DAGs
[2026-06-05T10:44:45.119+0000] {logging_mixin.py:190} INFO - [2026-06-05T10:44:45.119+0000] {dag.py:4180} INFO - Setting next_dagrun for f1_medallion_pipeline to None, run_after=None
[2026-06-05T10:44:45.131+0000] {processor.py:208} INFO - Processing /opt/airflow/dags/dag.py took 0.057 seconds
[2026-06-05T10:45:15.253+0000] {processor.py:186} INFO - Started process (PID=356) to work on /opt/airflow/dags/dag.py
[2026-06-05T10:45:15.254+0000] {processor.py:914} INFO - Processing file /opt/airflow/dags/dag.py for tasks to queue
[2026-06-05T10:45:15.255+0000] {logging_mixin.py:190} INFO - [2026-06-05T10:45:15.255+0000] {dagbag.py:588} INFO - Filling up the DagBag from /opt/airflow/dags/dag.py
[2026-06-05T10:45:15.270+0000] {processor.py:925} INFO - DAG(s) 'f1_medallion_pipeline' retrieved from /opt/airflow/dags/dag.py
[2026-06-05T10:45:15.286+0000] {logging_mixin.py:190} INFO - [2026-06-05T10:45:15.286+0000] {dag.py:3239} INFO - Sync 1 DAGs
[2026-06-05T10:45:15.294+0000] {logging_mixin.py:190} INFO - [2026-06-05T10:45:15.294+0000] {dag.py:4180} INFO - Setting next_dagrun for f1_medallion_pipeline to None, run_after=None
[2026-06-05T10:45:15.306+0000] {processor.py:208} INFO - Processing /opt/airflow/dags/dag.py took 0.058 seconds
[2026-06-05T10:46:19.117+0000] {processor.py:186} INFO - Started process (PID=195) to work on /opt/airflow/dags/dag.py
[2026-06-05T10:46:19.118+0000] {processor.py:914} INFO - Processing file /opt/airflow/dags/dag.py for tasks to queue
[2026-06-05T10:46:19.119+0000] {logging_mixin.py:190} INFO - [2026-06-05T10:46:19.119+0000] {dagbag.py:588} INFO - Filling up the DagBag from /opt/airflow/dags/dag.py
[2026-06-05T10:46:19.145+0000] {processor.py:925} INFO - DAG(s) 'f1_medallion_pipeline' retrieved from /opt/airflow/dags/dag.py
[2026-06-05T10:46:19.280+0000] {logging_mixin.py:190} INFO - [2026-06-05T10:46:19.280+0000] {override.py:1912} INFO - Created Permission View: can edit on DAG:f1_medallion_pipeline
[2026-06-05T10:46:19.288+0000] {logging_mixin.py:190} INFO - [2026-06-05T10:46:19.288+0000] {override.py:1912} INFO - Created Permission View: can read on DAG:f1_medallion_pipeline
[2026-06-05T10:46:19.295+0000] {logging_mixin.py:190} INFO - [2026-06-05T10:46:19.295+0000] {override.py:1912} INFO - Created Permission View: can delete on DAG:f1_medallion_pipeline
[2026-06-05T10:46:19.302+0000] {logging_mixin.py:190} INFO - [2026-06-05T10:46:19.302+0000] {override.py:1912} INFO - Created Permission View: menu access on DAG Run:f1_medallion_pipeline
[2026-06-05T10:46:19.307+0000] {logging_mixin.py:190} INFO - [2026-06-05T10:46:19.307+0000] {override.py:1912} INFO - Created Permission View: can delete on DAG Run:f1_medallion_pipeline
[2026-06-05T10:46:19.314+0000] {logging_mixin.py:190} INFO - [2026-06-05T10:46:19.313+0000] {override.py:1912} INFO - Created Permission View: can read on DAG Run:f1_medallion_pipeline
[2026-06-05T10:46:19.319+0000] {logging_mixin.py:190} INFO - [2026-06-05T10:46:19.318+0000] {override.py:1912} INFO - Created Permission View: can create on DAG Run:f1_medallion_pipeline
[2026-06-05T10:46:19.319+0000] {logging_mixin.py:190} INFO - [2026-06-05T10:46:19.319+0000] {dag.py:3239} INFO - Sync 1 DAGs
[2026-06-05T10:46:19.327+0000] {logging_mixin.py:190} INFO - [2026-06-05T10:46:19.327+0000] {dag.py:3262} INFO - Creating ORM DAG for f1_medallion_pipeline
[2026-06-05T10:46:19.328+0000] {logging_mixin.py:190} INFO - [2026-06-05T10:46:19.327+0000] {dag.py:4180} INFO - Setting next_dagrun for f1_medallion_pipeline to None, run_after=None
[2026-06-05T10:46:19.343+0000] {processor.py:208} INFO - Processing /opt/airflow/dags/dag.py took 0.230 seconds
[2026-06-05T10:46:49.526+0000] {processor.py:186} INFO - Started process (PID=200) to work on /opt/airflow/dags/dag.py
[2026-06-05T10:46:49.527+0000] {processor.py:914} INFO - Processing file /opt/airflow/dags/dag.py for tasks to queue
[2026-06-05T10:46:49.529+0000] {logging_mixin.py:190} INFO - [2026-06-05T10:46:49.529+0000] {dagbag.py:588} INFO - Filling up the DagBag from /opt/airflow/dags/dag.py
[2026-06-05T10:46:49.544+0000] {processor.py:925} INFO - DAG(s) 'f1_medallion_pipeline' retrieved from /opt/airflow/dags/dag.py
[2026-06-05T10:46:49.561+0000] {logging_mixin.py:190} INFO - [2026-06-05T10:46:49.561+0000] {dag.py:3239} INFO - Sync 1 DAGs
[2026-06-05T10:46:49.571+0000] {logging_mixin.py:190} INFO - [2026-06-05T10:46:49.571+0000] {dag.py:4180} INFO - Setting next_dagrun for f1_medallion_pipeline to None, run_after=None
[2026-06-05T10:46:49.584+0000] {processor.py:208} INFO - Processing /opt/airflow/dags/dag.py took 0.064 seconds
[2026-06-05T10:47:19.708+0000] {processor.py:186} INFO - Started process (PID=208) to work on /opt/airflow/dags/dag.py
[2026-06-05T10:47:19.709+0000] {processor.py:914} INFO - Processing file /opt/airflow/dags/dag.py for tasks to queue
[2026-06-05T10:47:19.711+0000] {logging_mixin.py:190} INFO - [2026-06-05T10:47:19.711+0000] {dagbag.py:588} INFO - Filling up the DagBag from /opt/airflow/dags/dag.py
[2026-06-05T10:47:19.727+0000] {processor.py:925} INFO - DAG(s) 'f1_medallion_pipeline' retrieved from /opt/airflow/dags/dag.py
[2026-06-05T10:47:19.748+0000] {logging_mixin.py:190} INFO - [2026-06-05T10:47:19.747+0000] {dag.py:3239} INFO - Sync 1 DAGs
[2026-06-05T10:47:19.756+0000] {logging_mixin.py:190} INFO - [2026-06-05T10:47:19.756+0000] {dag.py:4180} INFO - Setting next_dagrun for f1_medallion_pipeline to None, run_after=None
[2026-06-05T10:47:19.771+0000] {processor.py:208} INFO - Processing /opt/airflow/dags/dag.py took 0.068 seconds
[2026-06-05T10:47:49.935+0000] {processor.py:186} INFO - Started process (PID=213) to work on /opt/airflow/dags/dag.py
[2026-06-05T10:47:49.936+0000] {processor.py:914} INFO - Processing file /opt/airflow/dags/dag.py for tasks to queue
[2026-06-05T10:47:49.939+0000] {logging_mixin.py:190} INFO - [2026-06-05T10:47:49.938+0000] {dagbag.py:588} INFO - Filling up the DagBag from /opt/airflow/dags/dag.py
[2026-06-05T10:47:49.964+0000] {processor.py:925} INFO - DAG(s) 'f1_medallion_pipeline' retrieved from /opt/airflow/dags/dag.py
[2026-06-05T10:47:49.993+0000] {logging_mixin.py:190} INFO - [2026-06-05T10:47:49.993+0000] {dag.py:3239} INFO - Sync 1 DAGs
[2026-06-05T10:47:50.002+0000] {logging_mixin.py:190} INFO - [2026-06-05T10:47:50.001+0000] {dag.py:4180} INFO - Setting next_dagrun for f1_medallion_pipeline to None, run_after=None
[2026-06-05T10:47:50.019+0000] {processor.py:208} INFO - Processing /opt/airflow/dags/dag.py took 0.090 seconds
[2026-06-05T10:48:20.182+0000] {processor.py:186} INFO - Started process (PID=218) to work on /opt/airflow/dags/dag.py
[2026-06-05T10:48:20.183+0000] {processor.py:914} INFO - Processing file /opt/airflow/dags/dag.py for tasks to queue
[2026-06-05T10:48:20.185+0000] {logging_mixin.py:190} INFO - [2026-06-05T10:48:20.185+0000] {dagbag.py:588} INFO - Filling up the DagBag from /opt/airflow/dags/dag.py
[2026-06-05T10:48:20.202+0000] {processor.py:925} INFO - DAG(s) 'f1_medallion_pipeline' retrieved from /opt/airflow/dags/dag.py
[2026-06-05T10:48:20.218+0000] {logging_mixin.py:190} INFO - [2026-06-05T10:48:20.218+0000] {dag.py:3239} INFO - Sync 1 DAGs
[2026-06-05T10:48:20.227+0000] {logging_mixin.py:190} INFO - [2026-06-05T10:48:20.227+0000] {dag.py:4180} INFO - Setting next_dagrun for f1_medallion_pipeline to None, run_after=None
[2026-06-05T10:48:20.243+0000] {processor.py:208} INFO - Processing /opt/airflow/dags/dag.py took 0.067 seconds
[2026-06-05T10:48:50.407+0000] {processor.py:186} INFO - Started process (PID=223) to work on /opt/airflow/dags/dag.py
[2026-06-05T10:48:50.408+0000] {processor.py:914} INFO - Processing file /opt/airflow/dags/dag.py for tasks to queue
[2026-06-05T10:48:50.410+0000] {logging_mixin.py:190} INFO - [2026-06-05T10:48:50.410+0000] {dagbag.py:588} INFO - Filling up the DagBag from /opt/airflow/dags/dag.py
[2026-06-05T10:48:50.428+0000] {processor.py:925} INFO - DAG(s) 'f1_medallion_pipeline' retrieved from /opt/airflow/dags/dag.py
[2026-06-05T10:48:50.449+0000] {logging_mixin.py:190} INFO - [2026-06-05T10:48:50.449+0000] {dag.py:3239} INFO - Sync 1 DAGs
[2026-06-05T10:48:50.459+0000] {logging_mixin.py:190} INFO - [2026-06-05T10:48:50.459+0000] {dag.py:4180} INFO - Setting next_dagrun for f1_medallion_pipeline to None, run_after=None
[2026-06-05T10:48:50.475+0000] {processor.py:208} INFO - Processing /opt/airflow/dags/dag.py took 0.073 seconds
[2026-06-05T10:49:20.641+0000] {processor.py:186} INFO - Started process (PID=228) to work on /opt/airflow/dags/dag.py
[2026-06-05T10:49:20.642+0000] {processor.py:914} INFO - Processing file /opt/airflow/dags/dag.py for tasks to queue
[2026-06-05T10:49:20.643+0000] {logging_mixin.py:190} INFO - [2026-06-05T10:49:20.643+0000] {dagbag.py:588} INFO - Filling up the DagBag from /opt/airflow/dags/dag.py
[2026-06-05T10:49:20.662+0000] {processor.py:925} INFO - DAG(s) 'f1_medallion_pipeline' retrieved from /opt/airflow/dags/dag.py
[2026-06-05T10:49:20.681+0000] {logging_mixin.py:190} INFO - [2026-06-05T10:49:20.681+0000] {dag.py:3239} INFO - Sync 1 DAGs
[2026-06-05T10:49:20.690+0000] {logging_mixin.py:190} INFO - [2026-06-05T10:49:20.690+0000] {dag.py:4180} INFO - Setting next_dagrun for f1_medallion_pipeline to None, run_after=None
[2026-06-05T10:49:20.707+0000] {processor.py:208} INFO - Processing /opt/airflow/dags/dag.py took 0.071 seconds
[2026-06-05T10:50:17.427+0000] {processor.py:186} INFO - Started process (PID=195) to work on /opt/airflow/dags/dag.py
[2026-06-05T10:50:17.428+0000] {processor.py:914} INFO - Processing file /opt/airflow/dags/dag.py for tasks to queue
[2026-06-05T10:50:17.429+0000] {logging_mixin.py:190} INFO - [2026-06-05T10:50:17.429+0000] {dagbag.py:588} INFO - Filling up the DagBag from /opt/airflow/dags/dag.py
[2026-06-05T10:50:17.455+0000] {processor.py:925} INFO - DAG(s) 'f1_medallion_pipeline' retrieved from /opt/airflow/dags/dag.py
[2026-06-05T10:50:17.585+0000] {logging_mixin.py:190} INFO - [2026-06-05T10:50:17.585+0000] {override.py:1912} INFO - Created Permission View: can delete on DAG:f1_medallion_pipeline
[2026-06-05T10:50:17.593+0000] {logging_mixin.py:190} INFO - [2026-06-05T10:50:17.592+0000] {override.py:1912} INFO - Created Permission View: can edit on DAG:f1_medallion_pipeline
[2026-06-05T10:50:17.599+0000] {logging_mixin.py:190} INFO - [2026-06-05T10:50:17.599+0000] {override.py:1912} INFO - Created Permission View: can read on DAG:f1_medallion_pipeline
[2026-06-05T10:50:17.609+0000] {logging_mixin.py:190} INFO - [2026-06-05T10:50:17.609+0000] {override.py:1912} INFO - Created Permission View: menu access on DAG Run:f1_medallion_pipeline
[2026-06-05T10:50:17.615+0000] {logging_mixin.py:190} INFO - [2026-06-05T10:50:17.615+0000] {override.py:1912} INFO - Created Permission View: can create on DAG Run:f1_medallion_pipeline
[2026-06-05T10:50:17.622+0000] {logging_mixin.py:190} INFO - [2026-06-05T10:50:17.622+0000] {override.py:1912} INFO - Created Permission View: can delete on DAG Run:f1_medallion_pipeline
[2026-06-05T10:50:17.627+0000] {logging_mixin.py:190} INFO - [2026-06-05T10:50:17.627+0000] {override.py:1912} INFO - Created Permission View: can read on DAG Run:f1_medallion_pipeline
[2026-06-05T10:50:17.628+0000] {logging_mixin.py:190} INFO - [2026-06-05T10:50:17.628+0000] {dag.py:3239} INFO - Sync 1 DAGs
[2026-06-05T10:50:17.636+0000] {logging_mixin.py:190} INFO - [2026-06-05T10:50:17.636+0000] {dag.py:3262} INFO - Creating ORM DAG for f1_medallion_pipeline
[2026-06-05T10:50:17.637+0000] {logging_mixin.py:190} INFO - [2026-06-05T10:50:17.636+0000] {dag.py:4180} INFO - Setting next_dagrun for f1_medallion_pipeline to None, run_after=None
[2026-06-05T10:50:17.653+0000] {processor.py:208} INFO - Processing /opt/airflow/dags/dag.py took 0.231 seconds
[2026-06-05T10:50:47.834+0000] {processor.py:186} INFO - Started process (PID=200) to work on /opt/airflow/dags/dag.py
[2026-06-05T10:50:47.835+0000] {processor.py:914} INFO - Processing file /opt/airflow/dags/dag.py for tasks to queue
[2026-06-05T10:50:47.837+0000] {logging_mixin.py:190} INFO - [2026-06-05T10:50:47.837+0000] {dagbag.py:588} INFO - Filling up the DagBag from /opt/airflow/dags/dag.py
[2026-06-05T10:50:47.852+0000] {processor.py:925} INFO - DAG(s) 'f1_medallion_pipeline' retrieved from /opt/airflow/dags/dag.py
[2026-06-05T10:50:47.870+0000] {logging_mixin.py:190} INFO - [2026-06-05T10:50:47.870+0000] {dag.py:3239} INFO - Sync 1 DAGs
[2026-06-05T10:50:47.879+0000] {logging_mixin.py:190} INFO - [2026-06-05T10:50:47.878+0000] {dag.py:4180} INFO - Setting next_dagrun for f1_medallion_pipeline to None, run_after=None
[2026-06-05T10:50:47.893+0000] {processor.py:208} INFO - Processing /opt/airflow/dags/dag.py took 0.065 seconds
[2026-06-05T10:51:18.005+0000] {processor.py:186} INFO - Started process (PID=208) to work on /opt/airflow/dags/dag.py
[2026-06-05T10:51:18.006+0000] {processor.py:914} INFO - Processing file /opt/airflow/dags/dag.py for tasks to queue
[2026-06-05T10:51:18.007+0000] {logging_mixin.py:190} INFO - [2026-06-05T10:51:18.007+0000] {dagbag.py:588} INFO - Filling up the DagBag from /opt/airflow/dags/dag.py
[2026-06-05T10:51:18.020+0000] {processor.py:925} INFO - DAG(s) 'f1_medallion_pipeline' retrieved from /opt/airflow/dags/dag.py
[2026-06-05T10:51:18.039+0000] {logging_mixin.py:190} INFO - [2026-06-05T10:51:18.039+0000] {dag.py:3239} INFO - Sync 1 DAGs
[2026-06-05T10:51:18.047+0000] {logging_mixin.py:190} INFO - [2026-06-05T10:51:18.047+0000] {dag.py:4180} INFO - Setting next_dagrun for f1_medallion_pipeline to None, run_after=None
[2026-06-05T10:51:18.061+0000] {processor.py:208} INFO - Processing /opt/airflow/dags/dag.py took 0.060 seconds
[2026-06-05T10:51:48.227+0000] {processor.py:186} INFO - Started process (PID=213) to work on /opt/airflow/dags/dag.py
[2026-06-05T10:51:48.228+0000] {processor.py:914} INFO - Processing file /opt/airflow/dags/dag.py for tasks to queue
[2026-06-05T10:51:48.230+0000] {logging_mixin.py:190} INFO - [2026-06-05T10:51:48.230+0000] {dagbag.py:588} INFO - Filling up the DagBag from /opt/airflow/dags/dag.py
[2026-06-05T10:51:48.247+0000] {processor.py:925} INFO - DAG(s) 'f1_medallion_pipeline' retrieved from /opt/airflow/dags/dag.py
[2026-06-05T10:51:48.265+0000] {logging_mixin.py:190} INFO - [2026-06-05T10:51:48.265+0000] {dag.py:3239} INFO - Sync 1 DAGs
[2026-06-05T10:51:48.274+0000] {logging_mixin.py:190} INFO - [2026-06-05T10:51:48.274+0000] {dag.py:4180} INFO - Setting next_dagrun for f1_medallion_pipeline to None, run_after=None
[2026-06-05T10:51:48.289+0000] {processor.py:208} INFO - Processing /opt/airflow/dags/dag.py took 0.067 seconds
[2026-06-05T10:52:18.407+0000] {processor.py:186} INFO - Started process (PID=218) to work on /opt/airflow/dags/dag.py
[2026-06-05T10:52:18.408+0000] {processor.py:914} INFO - Processing file /opt/airflow/dags/dag.py for tasks to queue
[2026-06-05T10:52:18.409+0000] {logging_mixin.py:190} INFO - [2026-06-05T10:52:18.409+0000] {dagbag.py:588} INFO - Filling up the DagBag from /opt/airflow/dags/dag.py
[2026-06-05T10:52:18.423+0000] {processor.py:925} INFO - DAG(s) 'f1_medallion_pipeline' retrieved from /opt/airflow/dags/dag.py
[2026-06-05T10:52:18.442+0000] {logging_mixin.py:190} INFO - [2026-06-05T10:52:18.442+0000] {dag.py:3239} INFO - Sync 1 DAGs
[2026-06-05T10:52:18.450+0000] {logging_mixin.py:190} INFO - [2026-06-05T10:52:18.450+0000] {dag.py:4180} INFO - Setting next_dagrun for f1_medallion_pipeline to None, run_after=None
[2026-06-05T10:52:18.468+0000] {processor.py:208} INFO - Processing /opt/airflow/dags/dag.py took 0.066 seconds
[2026-06-05T10:52:48.619+0000] {processor.py:186} INFO - Started process (PID=223) to work on /opt/airflow/dags/dag.py
[2026-06-05T10:52:48.620+0000] {processor.py:914} INFO - Processing file /opt/airflow/dags/dag.py for tasks to queue
[2026-06-05T10:52:48.621+0000] {logging_mixin.py:190} INFO - [2026-06-05T10:52:48.621+0000] {dagbag.py:588} INFO - Filling up the DagBag from /opt/airflow/dags/dag.py
[2026-06-05T10:52:48.636+0000] {processor.py:925} INFO - DAG(s) 'f1_medallion_pipeline' retrieved from /opt/airflow/dags/dag.py
[2026-06-05T10:52:48.654+0000] {logging_mixin.py:190} INFO - [2026-06-05T10:52:48.654+0000] {dag.py:3239} INFO - Sync 1 DAGs
[2026-06-05T10:52:48.663+0000] {logging_mixin.py:190} INFO - [2026-06-05T10:52:48.662+0000] {dag.py:4180} INFO - Setting next_dagrun for f1_medallion_pipeline to None, run_after=None
[2026-06-05T10:52:48.677+0000] {processor.py:208} INFO - Processing /opt/airflow/dags/dag.py took 0.062 seconds
[2026-06-05T10:53:18.840+0000] {processor.py:186} INFO - Started process (PID=228) to work on /opt/airflow/dags/dag.py
[2026-06-05T10:53:18.840+0000] {processor.py:914} INFO - Processing file /opt/airflow/dags/dag.py for tasks to queue
[2026-06-05T10:53:18.842+0000] {logging_mixin.py:190} INFO - [2026-06-05T10:53:18.842+0000] {dagbag.py:588} INFO - Filling up the DagBag from /opt/airflow/dags/dag.py
[2026-06-05T10:53:18.857+0000] {processor.py:925} INFO - DAG(s) 'f1_medallion_pipeline' retrieved from /opt/airflow/dags/dag.py
[2026-06-05T10:53:18.877+0000] {logging_mixin.py:190} INFO - [2026-06-05T10:53:18.876+0000] {dag.py:3239} INFO - Sync 1 DAGs
[2026-06-05T10:53:18.886+0000] {logging_mixin.py:190} INFO - [2026-06-05T10:53:18.886+0000] {dag.py:4180} INFO - Setting next_dagrun for f1_medallion_pipeline to None, run_after=None
[2026-06-05T10:53:18.903+0000] {processor.py:208} INFO - Processing /opt/airflow/dags/dag.py took 0.069 seconds
[2026-06-05T10:53:31.969+0000] {processor.py:186} INFO - Started process (PID=233) to work on /opt/airflow/dags/dag.py
[2026-06-05T10:53:31.970+0000] {processor.py:914} INFO - Processing file /opt/airflow/dags/dag.py for tasks to queue
[2026-06-05T10:53:31.972+0000] {logging_mixin.py:190} INFO - [2026-06-05T10:53:31.971+0000] {dagbag.py:588} INFO - Filling up the DagBag from /opt/airflow/dags/dag.py
[2026-06-05T10:53:31.983+0000] {logging_mixin.py:190} INFO - [2026-06-05T10:53:31.982+0000] {dagbag.py:387} ERROR - Failed to import: /opt/airflow/dags/dag.py
Traceback (most recent call last):
  File "/home/airflow/.local/lib/python3.11/site-packages/airflow/models/dagbag.py", line 383, in parse
    loader.exec_module(new_module)
  File "<frozen importlib._bootstrap_external>", line 936, in exec_module
  File "<frozen importlib._bootstrap_external>", line 1074, in get_code
  File "<frozen importlib._bootstrap_external>", line 1004, in source_to_code
  File "<frozen importlib._bootstrap>", line 241, in _call_with_frames_removed
  File "/opt/airflow/dags/dag.py", line 8
    sys.path.append("/opt/airflow)
                    ^
SyntaxError: unterminated string literal (detected at line 8)
[2026-06-05T10:53:31.983+0000] {processor.py:927} WARNING - No viable dags retrieved from /opt/airflow/dags/dag.py
[2026-06-05T10:53:32.003+0000] {processor.py:208} INFO - Processing /opt/airflow/dags/dag.py took 0.038 seconds
[2026-06-05T10:54:08.761+0000] {processor.py:186} INFO - Started process (PID=195) to work on /opt/airflow/dags/dag.py
[2026-06-05T10:54:08.761+0000] {processor.py:914} INFO - Processing file /opt/airflow/dags/dag.py for tasks to queue
[2026-06-05T10:54:08.762+0000] {logging_mixin.py:190} INFO - [2026-06-05T10:54:08.762+0000] {dagbag.py:588} INFO - Filling up the DagBag from /opt/airflow/dags/dag.py
[2026-06-05T10:54:08.772+0000] {logging_mixin.py:190} INFO - [2026-06-05T10:54:08.771+0000] {dagbag.py:387} ERROR - Failed to import: /opt/airflow/dags/dag.py
Traceback (most recent call last):
  File "/home/airflow/.local/lib/python3.11/site-packages/airflow/models/dagbag.py", line 383, in parse
    loader.exec_module(new_module)
  File "<frozen importlib._bootstrap_external>", line 936, in exec_module
  File "<frozen importlib._bootstrap_external>", line 1074, in get_code
  File "<frozen importlib._bootstrap_external>", line 1004, in source_to_code
  File "<frozen importlib._bootstrap>", line 241, in _call_with_frames_removed
  File "/opt/airflow/dags/dag.py", line 8
    sys.path.append("/opt/airflow)
                    ^
SyntaxError: unterminated string literal (detected at line 8)
[2026-06-05T10:54:08.772+0000] {processor.py:927} WARNING - No viable dags retrieved from /opt/airflow/dags/dag.py
[2026-06-05T10:54:08.787+0000] {processor.py:208} INFO - Processing /opt/airflow/dags/dag.py took 0.032 seconds
[2026-06-05T10:54:38.960+0000] {processor.py:186} INFO - Started process (PID=200) to work on /opt/airflow/dags/dag.py
[2026-06-05T10:54:38.960+0000] {processor.py:914} INFO - Processing file /opt/airflow/dags/dag.py for tasks to queue
[2026-06-05T10:54:38.962+0000] {logging_mixin.py:190} INFO - [2026-06-05T10:54:38.962+0000] {dagbag.py:588} INFO - Filling up the DagBag from /opt/airflow/dags/dag.py
[2026-06-05T10:54:38.972+0000] {logging_mixin.py:190} INFO - [2026-06-05T10:54:38.972+0000] {dagbag.py:387} ERROR - Failed to import: /opt/airflow/dags/dag.py
Traceback (most recent call last):
  File "/home/airflow/.local/lib/python3.11/site-packages/airflow/models/dagbag.py", line 383, in parse
    loader.exec_module(new_module)
  File "<frozen importlib._bootstrap_external>", line 936, in exec_module
  File "<frozen importlib._bootstrap_external>", line 1074, in get_code
  File "<frozen importlib._bootstrap_external>", line 1004, in source_to_code
  File "<frozen importlib._bootstrap>", line 241, in _call_with_frames_removed
  File "/opt/airflow/dags/dag.py", line 8
    sys.path.append("/opt/airflow)
                    ^
SyntaxError: unterminated string literal (detected at line 8)
[2026-06-05T10:54:38.973+0000] {processor.py:927} WARNING - No viable dags retrieved from /opt/airflow/dags/dag.py
[2026-06-05T10:54:38.988+0000] {processor.py:208} INFO - Processing /opt/airflow/dags/dag.py took 0.033 seconds
[2026-06-05T10:55:09.161+0000] {processor.py:186} INFO - Started process (PID=205) to work on /opt/airflow/dags/dag.py
[2026-06-05T10:55:09.161+0000] {processor.py:914} INFO - Processing file /opt/airflow/dags/dag.py for tasks to queue
[2026-06-05T10:55:09.163+0000] {logging_mixin.py:190} INFO - [2026-06-05T10:55:09.163+0000] {dagbag.py:588} INFO - Filling up the DagBag from /opt/airflow/dags/dag.py
[2026-06-05T10:55:09.171+0000] {logging_mixin.py:190} INFO - [2026-06-05T10:55:09.170+0000] {dagbag.py:387} ERROR - Failed to import: /opt/airflow/dags/dag.py
Traceback (most recent call last):
  File "/home/airflow/.local/lib/python3.11/site-packages/airflow/models/dagbag.py", line 383, in parse
    loader.exec_module(new_module)
  File "<frozen importlib._bootstrap_external>", line 936, in exec_module
  File "<frozen importlib._bootstrap_external>", line 1074, in get_code
  File "<frozen importlib._bootstrap_external>", line 1004, in source_to_code
  File "<frozen importlib._bootstrap>", line 241, in _call_with_frames_removed
  File "/opt/airflow/dags/dag.py", line 8
    sys.path.append("/opt/airflow)
                    ^
SyntaxError: unterminated string literal (detected at line 8)
[2026-06-05T10:55:09.171+0000] {processor.py:927} WARNING - No viable dags retrieved from /opt/airflow/dags/dag.py
[2026-06-05T10:55:09.185+0000] {processor.py:208} INFO - Processing /opt/airflow/dags/dag.py took 0.030 seconds
[2026-06-05T10:55:39.351+0000] {processor.py:186} INFO - Started process (PID=210) to work on /opt/airflow/dags/dag.py
[2026-06-05T10:55:39.351+0000] {processor.py:914} INFO - Processing file /opt/airflow/dags/dag.py for tasks to queue
[2026-06-05T10:55:39.354+0000] {logging_mixin.py:190} INFO - [2026-06-05T10:55:39.353+0000] {dagbag.py:588} INFO - Filling up the DagBag from /opt/airflow/dags/dag.py
[2026-06-05T10:55:39.363+0000] {logging_mixin.py:190} INFO - [2026-06-05T10:55:39.362+0000] {dagbag.py:387} ERROR - Failed to import: /opt/airflow/dags/dag.py
Traceback (most recent call last):
  File "/home/airflow/.local/lib/python3.11/site-packages/airflow/models/dagbag.py", line 383, in parse
    loader.exec_module(new_module)
  File "<frozen importlib._bootstrap_external>", line 936, in exec_module
  File "<frozen importlib._bootstrap_external>", line 1074, in get_code
  File "<frozen importlib._bootstrap_external>", line 1004, in source_to_code
  File "<frozen importlib._bootstrap>", line 241, in _call_with_frames_removed
  File "/opt/airflow/dags/dag.py", line 8
    sys.path.append("/opt/airflow)
                    ^
SyntaxError: unterminated string literal (detected at line 8)
[2026-06-05T10:55:39.364+0000] {processor.py:927} WARNING - No viable dags retrieved from /opt/airflow/dags/dag.py
[2026-06-05T10:55:39.379+0000] {processor.py:208} INFO - Processing /opt/airflow/dags/dag.py took 0.034 seconds
[2026-06-05T10:56:09.546+0000] {processor.py:186} INFO - Started process (PID=215) to work on /opt/airflow/dags/dag.py
[2026-06-05T10:56:09.547+0000] {processor.py:914} INFO - Processing file /opt/airflow/dags/dag.py for tasks to queue
[2026-06-05T10:56:09.548+0000] {logging_mixin.py:190} INFO - [2026-06-05T10:56:09.548+0000] {dagbag.py:588} INFO - Filling up the DagBag from /opt/airflow/dags/dag.py
[2026-06-05T10:56:09.558+0000] {logging_mixin.py:190} INFO - [2026-06-05T10:56:09.558+0000] {dagbag.py:387} ERROR - Failed to import: /opt/airflow/dags/dag.py
Traceback (most recent call last):
  File "/home/airflow/.local/lib/python3.11/site-packages/airflow/models/dagbag.py", line 383, in parse
    loader.exec_module(new_module)
  File "<frozen importlib._bootstrap_external>", line 936, in exec_module
  File "<frozen importlib._bootstrap_external>", line 1074, in get_code
  File "<frozen importlib._bootstrap_external>", line 1004, in source_to_code
  File "<frozen importlib._bootstrap>", line 241, in _call_with_frames_removed
  File "/opt/airflow/dags/dag.py", line 8
    sys.path.append("/opt/airflow)
                    ^
SyntaxError: unterminated string literal (detected at line 8)
[2026-06-05T10:56:09.559+0000] {processor.py:927} WARNING - No viable dags retrieved from /opt/airflow/dags/dag.py
[2026-06-05T10:56:09.577+0000] {processor.py:208} INFO - Processing /opt/airflow/dags/dag.py took 0.037 seconds
[2026-06-05T10:56:24.660+0000] {processor.py:186} INFO - Started process (PID=220) to work on /opt/airflow/dags/dag.py
[2026-06-05T10:56:24.661+0000] {processor.py:914} INFO - Processing file /opt/airflow/dags/dag.py for tasks to queue
[2026-06-05T10:56:24.662+0000] {logging_mixin.py:190} INFO - [2026-06-05T10:56:24.662+0000] {dagbag.py:588} INFO - Filling up the DagBag from /opt/airflow/dags/dag.py
[2026-06-05T10:56:24.671+0000] {logging_mixin.py:190} INFO - [2026-06-05T10:56:24.671+0000] {dagbag.py:387} ERROR - Failed to import: /opt/airflow/dags/dag.py
Traceback (most recent call last):
  File "/home/airflow/.local/lib/python3.11/site-packages/airflow/models/dagbag.py", line 383, in parse
    loader.exec_module(new_module)
  File "<frozen importlib._bootstrap_external>", line 936, in exec_module
  File "<frozen importlib._bootstrap_external>", line 1074, in get_code
  File "<frozen importlib._bootstrap_external>", line 1004, in source_to_code
  File "<frozen importlib._bootstrap>", line 241, in _call_with_frames_removed
  File "/opt/airflow/dags/dag.py", line 25
    from silver.load import
                           ^
SyntaxError: invalid syntax
[2026-06-05T10:56:24.672+0000] {processor.py:927} WARNING - No viable dags retrieved from /opt/airflow/dags/dag.py
[2026-06-05T10:56:24.687+0000] {processor.py:208} INFO - Processing /opt/airflow/dags/dag.py took 0.033 seconds
[2026-06-05T10:57:04.848+0000] {processor.py:186} INFO - Started process (PID=195) to work on /opt/airflow/dags/dag.py
[2026-06-05T10:57:04.849+0000] {processor.py:914} INFO - Processing file /opt/airflow/dags/dag.py for tasks to queue
[2026-06-05T10:57:04.850+0000] {logging_mixin.py:190} INFO - [2026-06-05T10:57:04.850+0000] {dagbag.py:588} INFO - Filling up the DagBag from /opt/airflow/dags/dag.py
[2026-06-05T10:57:04.861+0000] {logging_mixin.py:190} INFO - [2026-06-05T10:57:04.860+0000] {dagbag.py:387} ERROR - Failed to import: /opt/airflow/dags/dag.py
Traceback (most recent call last):
  File "/home/airflow/.local/lib/python3.11/site-packages/airflow/models/dagbag.py", line 383, in parse
    loader.exec_module(new_module)
  File "<frozen importlib._bootstrap_external>", line 936, in exec_module
  File "<frozen importlib._bootstrap_external>", line 1074, in get_code
  File "<frozen importlib._bootstrap_external>", line 1004, in source_to_code
  File "<frozen importlib._bootstrap>", line 241, in _call_with_frames_removed
  File "/opt/airflow/dags/dag.py", line 25
    from silver.load import
                           ^
SyntaxError: invalid syntax
[2026-06-05T10:57:04.861+0000] {processor.py:927} WARNING - No viable dags retrieved from /opt/airflow/dags/dag.py
[2026-06-05T10:57:04.875+0000] {processor.py:208} INFO - Processing /opt/airflow/dags/dag.py took 0.032 seconds
[2026-06-05T10:57:35.036+0000] {processor.py:186} INFO - Started process (PID=200) to work on /opt/airflow/dags/dag.py
[2026-06-05T10:57:35.036+0000] {processor.py:914} INFO - Processing file /opt/airflow/dags/dag.py for tasks to queue
[2026-06-05T10:57:35.038+0000] {logging_mixin.py:190} INFO - [2026-06-05T10:57:35.038+0000] {dagbag.py:588} INFO - Filling up the DagBag from /opt/airflow/dags/dag.py
[2026-06-05T10:57:35.050+0000] {logging_mixin.py:190} INFO - [2026-06-05T10:57:35.049+0000] {dagbag.py:387} ERROR - Failed to import: /opt/airflow/dags/dag.py
Traceback (most recent call last):
  File "/home/airflow/.local/lib/python3.11/site-packages/airflow/models/dagbag.py", line 383, in parse
    loader.exec_module(new_module)
  File "<frozen importlib._bootstrap_external>", line 936, in exec_module
  File "<frozen importlib._bootstrap_external>", line 1074, in get_code
  File "<frozen importlib._bootstrap_external>", line 1004, in source_to_code
  File "<frozen importlib._bootstrap>", line 241, in _call_with_frames_removed
  File "/opt/airflow/dags/dag.py", line 25
    from silver.load import
                           ^
SyntaxError: invalid syntax
[2026-06-05T10:57:35.050+0000] {processor.py:927} WARNING - No viable dags retrieved from /opt/airflow/dags/dag.py
[2026-06-05T10:57:35.065+0000] {processor.py:208} INFO - Processing /opt/airflow/dags/dag.py took 0.035 seconds
[2026-06-05T10:58:01.237+0000] {processor.py:186} INFO - Started process (PID=205) to work on /opt/airflow/dags/dag.py
[2026-06-05T10:58:01.239+0000] {processor.py:914} INFO - Processing file /opt/airflow/dags/dag.py for tasks to queue
[2026-06-05T10:58:01.241+0000] {logging_mixin.py:190} INFO - [2026-06-05T10:58:01.240+0000] {dagbag.py:588} INFO - Filling up the DagBag from /opt/airflow/dags/dag.py
[2026-06-05T10:58:01.273+0000] {processor.py:925} INFO - DAG(s) 'f1_medallion_pipeline' retrieved from /opt/airflow/dags/dag.py
[2026-06-05T10:58:01.403+0000] {logging_mixin.py:190} INFO - [2026-06-05T10:58:01.402+0000] {override.py:1912} INFO - Created Permission View: can edit on DAG:f1_medallion_pipeline
[2026-06-05T10:58:01.410+0000] {logging_mixin.py:190} INFO - [2026-06-05T10:58:01.410+0000] {override.py:1912} INFO - Created Permission View: can read on DAG:f1_medallion_pipeline
[2026-06-05T10:58:01.416+0000] {logging_mixin.py:190} INFO - [2026-06-05T10:58:01.416+0000] {override.py:1912} INFO - Created Permission View: can delete on DAG:f1_medallion_pipeline
[2026-06-05T10:58:01.426+0000] {logging_mixin.py:190} INFO - [2026-06-05T10:58:01.426+0000] {override.py:1912} INFO - Created Permission View: can create on DAG Run:f1_medallion_pipeline
[2026-06-05T10:58:01.431+0000] {logging_mixin.py:190} INFO - [2026-06-05T10:58:01.431+0000] {override.py:1912} INFO - Created Permission View: can read on DAG Run:f1_medallion_pipeline
[2026-06-05T10:58:01.438+0000] {logging_mixin.py:190} INFO - [2026-06-05T10:58:01.438+0000] {override.py:1912} INFO - Created Permission View: menu access on DAG Run:f1_medallion_pipeline
[2026-06-05T10:58:01.442+0000] {logging_mixin.py:190} INFO - [2026-06-05T10:58:01.442+0000] {override.py:1912} INFO - Created Permission View: can delete on DAG Run:f1_medallion_pipeline
[2026-06-05T10:58:01.443+0000] {logging_mixin.py:190} INFO - [2026-06-05T10:58:01.443+0000] {dag.py:3239} INFO - Sync 1 DAGs
[2026-06-05T10:58:01.451+0000] {logging_mixin.py:190} INFO - [2026-06-05T10:58:01.451+0000] {dag.py:3262} INFO - Creating ORM DAG for f1_medallion_pipeline
[2026-06-05T10:58:01.452+0000] {logging_mixin.py:190} INFO - [2026-06-05T10:58:01.452+0000] {dag.py:4180} INFO - Setting next_dagrun for f1_medallion_pipeline to None, run_after=None
[2026-06-05T10:58:01.471+0000] {processor.py:208} INFO - Processing /opt/airflow/dags/dag.py took 0.241 seconds
[2026-06-05T10:58:38.939+0000] {processor.py:186} INFO - Started process (PID=195) to work on /opt/airflow/dags/dag.py
[2026-06-05T10:58:38.940+0000] {processor.py:914} INFO - Processing file /opt/airflow/dags/dag.py for tasks to queue
[2026-06-05T10:58:38.941+0000] {logging_mixin.py:190} INFO - [2026-06-05T10:58:38.941+0000] {dagbag.py:588} INFO - Filling up the DagBag from /opt/airflow/dags/dag.py
[2026-06-05T10:58:38.966+0000] {processor.py:925} INFO - DAG(s) 'f1_medallion_pipeline' retrieved from /opt/airflow/dags/dag.py
[2026-06-05T10:58:39.091+0000] {logging_mixin.py:190} INFO - [2026-06-05T10:58:39.090+0000] {override.py:1912} INFO - Created Permission View: can read on DAG:f1_medallion_pipeline
[2026-06-05T10:58:39.098+0000] {logging_mixin.py:190} INFO - [2026-06-05T10:58:39.098+0000] {override.py:1912} INFO - Created Permission View: can edit on DAG:f1_medallion_pipeline
[2026-06-05T10:58:39.104+0000] {logging_mixin.py:190} INFO - [2026-06-05T10:58:39.104+0000] {override.py:1912} INFO - Created Permission View: can delete on DAG:f1_medallion_pipeline
[2026-06-05T10:58:39.112+0000] {logging_mixin.py:190} INFO - [2026-06-05T10:58:39.112+0000] {override.py:1912} INFO - Created Permission View: can read on DAG Run:f1_medallion_pipeline
[2026-06-05T10:58:39.117+0000] {logging_mixin.py:190} INFO - [2026-06-05T10:58:39.117+0000] {override.py:1912} INFO - Created Permission View: menu access on DAG Run:f1_medallion_pipeline
[2026-06-05T10:58:39.121+0000] {logging_mixin.py:190} INFO - [2026-06-05T10:58:39.121+0000] {override.py:1912} INFO - Created Permission View: can create on DAG Run:f1_medallion_pipeline
[2026-06-05T10:58:39.127+0000] {logging_mixin.py:190} INFO - [2026-06-05T10:58:39.126+0000] {override.py:1912} INFO - Created Permission View: can delete on DAG Run:f1_medallion_pipeline
[2026-06-05T10:58:39.127+0000] {logging_mixin.py:190} INFO - [2026-06-05T10:58:39.127+0000] {dag.py:3239} INFO - Sync 1 DAGs
[2026-06-05T10:58:39.136+0000] {logging_mixin.py:190} INFO - [2026-06-05T10:58:39.135+0000] {dag.py:3262} INFO - Creating ORM DAG for f1_medallion_pipeline
[2026-06-05T10:58:39.136+0000] {logging_mixin.py:190} INFO - [2026-06-05T10:58:39.136+0000] {dag.py:4180} INFO - Setting next_dagrun for f1_medallion_pipeline to None, run_after=None
[2026-06-05T10:58:39.152+0000] {processor.py:208} INFO - Processing /opt/airflow/dags/dag.py took 0.219 seconds
[2026-06-05T10:59:09.330+0000] {processor.py:186} INFO - Started process (PID=203) to work on /opt/airflow/dags/dag.py
[2026-06-05T10:59:09.331+0000] {processor.py:914} INFO - Processing file /opt/airflow/dags/dag.py for tasks to queue
[2026-06-05T10:59:09.333+0000] {logging_mixin.py:190} INFO - [2026-06-05T10:59:09.332+0000] {dagbag.py:588} INFO - Filling up the DagBag from /opt/airflow/dags/dag.py
[2026-06-05T10:59:09.346+0000] {processor.py:925} INFO - DAG(s) 'f1_medallion_pipeline' retrieved from /opt/airflow/dags/dag.py
[2026-06-05T10:59:09.365+0000] {logging_mixin.py:190} INFO - [2026-06-05T10:59:09.365+0000] {dag.py:3239} INFO - Sync 1 DAGs
[2026-06-05T10:59:09.374+0000] {logging_mixin.py:190} INFO - [2026-06-05T10:59:09.374+0000] {dag.py:4180} INFO - Setting next_dagrun for f1_medallion_pipeline to None, run_after=None
[2026-06-05T10:59:09.387+0000] {processor.py:208} INFO - Processing /opt/airflow/dags/dag.py took 0.062 seconds
[2026-06-05T10:59:39.506+0000] {processor.py:186} INFO - Started process (PID=208) to work on /opt/airflow/dags/dag.py
[2026-06-05T10:59:39.506+0000] {processor.py:914} INFO - Processing file /opt/airflow/dags/dag.py for tasks to queue
[2026-06-05T10:59:39.508+0000] {logging_mixin.py:190} INFO - [2026-06-05T10:59:39.508+0000] {dagbag.py:588} INFO - Filling up the DagBag from /opt/airflow/dags/dag.py
[2026-06-05T10:59:39.524+0000] {processor.py:925} INFO - DAG(s) 'f1_medallion_pipeline' retrieved from /opt/airflow/dags/dag.py
[2026-06-05T10:59:39.543+0000] {logging_mixin.py:190} INFO - [2026-06-05T10:59:39.543+0000] {dag.py:3239} INFO - Sync 1 DAGs
[2026-06-05T10:59:39.551+0000] {logging_mixin.py:190} INFO - [2026-06-05T10:59:39.551+0000] {dag.py:4180} INFO - Setting next_dagrun for f1_medallion_pipeline to None, run_after=None
[2026-06-05T10:59:39.564+0000] {processor.py:208} INFO - Processing /opt/airflow/dags/dag.py took 0.064 seconds
[2026-06-05T11:00:09.724+0000] {processor.py:186} INFO - Started process (PID=213) to work on /opt/airflow/dags/dag.py
[2026-06-05T11:00:09.724+0000] {processor.py:914} INFO - Processing file /opt/airflow/dags/dag.py for tasks to queue
[2026-06-05T11:00:09.726+0000] {logging_mixin.py:190} INFO - [2026-06-05T11:00:09.726+0000] {dagbag.py:588} INFO - Filling up the DagBag from /opt/airflow/dags/dag.py
[2026-06-05T11:00:09.745+0000] {processor.py:925} INFO - DAG(s) 'f1_medallion_pipeline' retrieved from /opt/airflow/dags/dag.py
[2026-06-05T11:00:09.767+0000] {logging_mixin.py:190} INFO - [2026-06-05T11:00:09.767+0000] {dag.py:3239} INFO - Sync 1 DAGs
[2026-06-05T11:00:09.777+0000] {logging_mixin.py:190} INFO - [2026-06-05T11:00:09.777+0000] {dag.py:4180} INFO - Setting next_dagrun for f1_medallion_pipeline to None, run_after=None
[2026-06-05T11:00:09.791+0000] {processor.py:208} INFO - Processing /opt/airflow/dags/dag.py took 0.073 seconds
[2026-06-05T11:00:39.900+0000] {processor.py:186} INFO - Started process (PID=218) to work on /opt/airflow/dags/dag.py
[2026-06-05T11:00:39.900+0000] {processor.py:914} INFO - Processing file /opt/airflow/dags/dag.py for tasks to queue
[2026-06-05T11:00:39.902+0000] {logging_mixin.py:190} INFO - [2026-06-05T11:00:39.902+0000] {dagbag.py:588} INFO - Filling up the DagBag from /opt/airflow/dags/dag.py
[2026-06-05T11:00:39.917+0000] {processor.py:925} INFO - DAG(s) 'f1_medallion_pipeline' retrieved from /opt/airflow/dags/dag.py
[2026-06-05T11:00:39.939+0000] {logging_mixin.py:190} INFO - [2026-06-05T11:00:39.939+0000] {dag.py:3239} INFO - Sync 1 DAGs
[2026-06-05T11:00:39.947+0000] {logging_mixin.py:190} INFO - [2026-06-05T11:00:39.947+0000] {dag.py:4180} INFO - Setting next_dagrun for f1_medallion_pipeline to None, run_after=None
[2026-06-05T11:00:39.962+0000] {processor.py:208} INFO - Processing /opt/airflow/dags/dag.py took 0.068 seconds
[2026-06-05T11:06:24.051+0000] {processor.py:186} INFO - Started process (PID=196) to work on /opt/airflow/dags/dag.py
[2026-06-05T11:06:24.052+0000] {processor.py:914} INFO - Processing file /opt/airflow/dags/dag.py for tasks to queue
[2026-06-05T11:06:24.053+0000] {logging_mixin.py:190} INFO - [2026-06-05T11:06:24.053+0000] {dagbag.py:588} INFO - Filling up the DagBag from /opt/airflow/dags/dag.py
[2026-06-05T11:06:24.069+0000] {processor.py:925} INFO - DAG(s) 'f1_medallion_pipeline' retrieved from /opt/airflow/dags/dag.py
[2026-06-05T11:06:24.087+0000] {logging_mixin.py:190} INFO - [2026-06-05T11:06:24.087+0000] {dag.py:3239} INFO - Sync 1 DAGs
[2026-06-05T11:06:24.098+0000] {logging_mixin.py:190} INFO - [2026-06-05T11:06:24.098+0000] {dag.py:4180} INFO - Setting next_dagrun for f1_medallion_pipeline to None, run_after=None
[2026-06-05T11:06:24.113+0000] {processor.py:208} INFO - Processing /opt/airflow/dags/dag.py took 0.067 seconds
[2026-06-05T11:06:54.246+0000] {processor.py:186} INFO - Started process (PID=209) to work on /opt/airflow/dags/dag.py
[2026-06-05T11:06:54.247+0000] {processor.py:914} INFO - Processing file /opt/airflow/dags/dag.py for tasks to queue
[2026-06-05T11:06:54.249+0000] {logging_mixin.py:190} INFO - [2026-06-05T11:06:54.249+0000] {dagbag.py:588} INFO - Filling up the DagBag from /opt/airflow/dags/dag.py
[2026-06-05T11:06:54.265+0000] {processor.py:925} INFO - DAG(s) 'f1_medallion_pipeline' retrieved from /opt/airflow/dags/dag.py
[2026-06-05T11:06:54.286+0000] {logging_mixin.py:190} INFO - [2026-06-05T11:06:54.286+0000] {dag.py:3239} INFO - Sync 1 DAGs
[2026-06-05T11:06:54.296+0000] {logging_mixin.py:190} INFO - [2026-06-05T11:06:54.296+0000] {dag.py:4180} INFO - Setting next_dagrun for f1_medallion_pipeline to None, run_after=None
[2026-06-05T11:06:54.311+0000] {processor.py:208} INFO - Processing /opt/airflow/dags/dag.py took 0.072 seconds
[2026-06-05T11:07:24.446+0000] {processor.py:186} INFO - Started process (PID=214) to work on /opt/airflow/dags/dag.py
[2026-06-05T11:07:24.446+0000] {processor.py:914} INFO - Processing file /opt/airflow/dags/dag.py for tasks to queue
[2026-06-05T11:07:24.448+0000] {logging_mixin.py:190} INFO - [2026-06-05T11:07:24.448+0000] {dagbag.py:588} INFO - Filling up the DagBag from /opt/airflow/dags/dag.py
[2026-06-05T11:07:24.463+0000] {processor.py:925} INFO - DAG(s) 'f1_medallion_pipeline' retrieved from /opt/airflow/dags/dag.py
[2026-06-05T11:07:24.480+0000] {logging_mixin.py:190} INFO - [2026-06-05T11:07:24.480+0000] {dag.py:3239} INFO - Sync 1 DAGs
[2026-06-05T11:07:24.488+0000] {logging_mixin.py:190} INFO - [2026-06-05T11:07:24.488+0000] {dag.py:4180} INFO - Setting next_dagrun for f1_medallion_pipeline to None, run_after=None
[2026-06-05T11:07:24.503+0000] {processor.py:208} INFO - Processing /opt/airflow/dags/dag.py took 0.063 seconds
[2026-06-05T11:07:54.661+0000] {processor.py:186} INFO - Started process (PID=219) to work on /opt/airflow/dags/dag.py
[2026-06-05T11:07:54.662+0000] {processor.py:914} INFO - Processing file /opt/airflow/dags/dag.py for tasks to queue
[2026-06-05T11:07:54.664+0000] {logging_mixin.py:190} INFO - [2026-06-05T11:07:54.664+0000] {dagbag.py:588} INFO - Filling up the DagBag from /opt/airflow/dags/dag.py
[2026-06-05T11:07:54.681+0000] {processor.py:925} INFO - DAG(s) 'f1_medallion_pipeline' retrieved from /opt/airflow/dags/dag.py
[2026-06-05T11:07:54.699+0000] {logging_mixin.py:190} INFO - [2026-06-05T11:07:54.698+0000] {dag.py:3239} INFO - Sync 1 DAGs
[2026-06-05T11:07:54.706+0000] {logging_mixin.py:190} INFO - [2026-06-05T11:07:54.706+0000] {dag.py:4180} INFO - Setting next_dagrun for f1_medallion_pipeline to None, run_after=None
[2026-06-05T11:07:54.719+0000] {processor.py:208} INFO - Processing /opt/airflow/dags/dag.py took 0.064 seconds
[2026-06-05T11:08:24.849+0000] {processor.py:186} INFO - Started process (PID=224) to work on /opt/airflow/dags/dag.py
[2026-06-05T11:08:24.849+0000] {processor.py:914} INFO - Processing file /opt/airflow/dags/dag.py for tasks to queue
[2026-06-05T11:08:24.851+0000] {logging_mixin.py:190} INFO - [2026-06-05T11:08:24.851+0000] {dagbag.py:588} INFO - Filling up the DagBag from /opt/airflow/dags/dag.py
[2026-06-05T11:08:24.867+0000] {processor.py:925} INFO - DAG(s) 'f1_medallion_pipeline' retrieved from /opt/airflow/dags/dag.py
[2026-06-05T11:08:24.884+0000] {logging_mixin.py:190} INFO - [2026-06-05T11:08:24.883+0000] {dag.py:3239} INFO - Sync 1 DAGs
[2026-06-05T11:08:24.892+0000] {logging_mixin.py:190} INFO - [2026-06-05T11:08:24.892+0000] {dag.py:4180} INFO - Setting next_dagrun for f1_medallion_pipeline to None, run_after=None
[2026-06-05T11:08:24.906+0000] {processor.py:208} INFO - Processing /opt/airflow/dags/dag.py took 0.062 seconds
[2026-06-05T11:09:28.897+0000] {processor.py:186} INFO - Started process (PID=195) to work on /opt/airflow/dags/dag.py
[2026-06-05T11:09:28.897+0000] {processor.py:914} INFO - Processing file /opt/airflow/dags/dag.py for tasks to queue
[2026-06-05T11:09:28.899+0000] {logging_mixin.py:190} INFO - [2026-06-05T11:09:28.899+0000] {dagbag.py:588} INFO - Filling up the DagBag from /opt/airflow/dags/dag.py
[2026-06-05T11:09:28.924+0000] {processor.py:925} INFO - DAG(s) 'f1_medallion_pipeline' retrieved from /opt/airflow/dags/dag.py
[2026-06-05T11:09:29.045+0000] {logging_mixin.py:190} INFO - [2026-06-05T11:09:29.045+0000] {override.py:1912} INFO - Created Permission View: can read on DAG:f1_medallion_pipeline
[2026-06-05T11:09:29.053+0000] {logging_mixin.py:190} INFO - [2026-06-05T11:09:29.053+0000] {override.py:1912} INFO - Created Permission View: can delete on DAG:f1_medallion_pipeline
[2026-06-05T11:09:29.060+0000] {logging_mixin.py:190} INFO - [2026-06-05T11:09:29.060+0000] {override.py:1912} INFO - Created Permission View: can edit on DAG:f1_medallion_pipeline
[2026-06-05T11:09:29.066+0000] {logging_mixin.py:190} INFO - [2026-06-05T11:09:29.066+0000] {override.py:1912} INFO - Created Permission View: can create on DAG Run:f1_medallion_pipeline
[2026-06-05T11:09:29.071+0000] {logging_mixin.py:190} INFO - [2026-06-05T11:09:29.071+0000] {override.py:1912} INFO - Created Permission View: menu access on DAG Run:f1_medallion_pipeline
[2026-06-05T11:09:29.077+0000] {logging_mixin.py:190} INFO - [2026-06-05T11:09:29.077+0000] {override.py:1912} INFO - Created Permission View: can read on DAG Run:f1_medallion_pipeline
[2026-06-05T11:09:29.082+0000] {logging_mixin.py:190} INFO - [2026-06-05T11:09:29.082+0000] {override.py:1912} INFO - Created Permission View: can delete on DAG Run:f1_medallion_pipeline
[2026-06-05T11:09:29.082+0000] {logging_mixin.py:190} INFO - [2026-06-05T11:09:29.082+0000] {dag.py:3239} INFO - Sync 1 DAGs
[2026-06-05T11:09:29.090+0000] {logging_mixin.py:190} INFO - [2026-06-05T11:09:29.090+0000] {dag.py:3262} INFO - Creating ORM DAG for f1_medallion_pipeline
[2026-06-05T11:09:29.090+0000] {logging_mixin.py:190} INFO - [2026-06-05T11:09:29.090+0000] {dag.py:4180} INFO - Setting next_dagrun for f1_medallion_pipeline to None, run_after=None
[2026-06-05T11:09:29.103+0000] {processor.py:208} INFO - Processing /opt/airflow/dags/dag.py took 0.211 seconds
[2026-06-05T11:09:59.283+0000] {processor.py:186} INFO - Started process (PID=203) to work on /opt/airflow/dags/dag.py
[2026-06-05T11:09:59.284+0000] {processor.py:914} INFO - Processing file /opt/airflow/dags/dag.py for tasks to queue
[2026-06-05T11:09:59.286+0000] {logging_mixin.py:190} INFO - [2026-06-05T11:09:59.286+0000] {dagbag.py:588} INFO - Filling up the DagBag from /opt/airflow/dags/dag.py
[2026-06-05T11:09:59.301+0000] {processor.py:925} INFO - DAG(s) 'f1_medallion_pipeline' retrieved from /opt/airflow/dags/dag.py
[2026-06-05T11:09:59.320+0000] {logging_mixin.py:190} INFO - [2026-06-05T11:09:59.320+0000] {dag.py:3239} INFO - Sync 1 DAGs
[2026-06-05T11:09:59.329+0000] {logging_mixin.py:190} INFO - [2026-06-05T11:09:59.329+0000] {dag.py:4180} INFO - Setting next_dagrun for f1_medallion_pipeline to None, run_after=None
[2026-06-05T11:09:59.343+0000] {processor.py:208} INFO - Processing /opt/airflow/dags/dag.py took 0.065 seconds
[2026-06-05T11:10:29.461+0000] {processor.py:186} INFO - Started process (PID=208) to work on /opt/airflow/dags/dag.py
[2026-06-05T11:10:29.462+0000] {processor.py:914} INFO - Processing file /opt/airflow/dags/dag.py for tasks to queue
[2026-06-05T11:10:29.464+0000] {logging_mixin.py:190} INFO - [2026-06-05T11:10:29.463+0000] {dagbag.py:588} INFO - Filling up the DagBag from /opt/airflow/dags/dag.py
[2026-06-05T11:10:29.479+0000] {processor.py:925} INFO - DAG(s) 'f1_medallion_pipeline' retrieved from /opt/airflow/dags/dag.py
[2026-06-05T11:10:29.500+0000] {logging_mixin.py:190} INFO - [2026-06-05T11:10:29.500+0000] {dag.py:3239} INFO - Sync 1 DAGs
[2026-06-05T11:10:29.509+0000] {logging_mixin.py:190} INFO - [2026-06-05T11:10:29.509+0000] {dag.py:4180} INFO - Setting next_dagrun for f1_medallion_pipeline to None, run_after=None
[2026-06-05T11:10:29.521+0000] {processor.py:208} INFO - Processing /opt/airflow/dags/dag.py took 0.066 seconds
[2026-06-05T11:18:53.840+0000] {processor.py:186} INFO - Started process (PID=196) to work on /opt/airflow/dags/dag.py
[2026-06-05T11:18:53.841+0000] {processor.py:914} INFO - Processing file /opt/airflow/dags/dag.py for tasks to queue
[2026-06-05T11:18:53.843+0000] {logging_mixin.py:190} INFO - [2026-06-05T11:18:53.842+0000] {dagbag.py:588} INFO - Filling up the DagBag from /opt/airflow/dags/dag.py
[2026-06-05T11:18:53.874+0000] {processor.py:925} INFO - DAG(s) 'f1_medallion_pipeline' retrieved from /opt/airflow/dags/dag.py
[2026-06-05T11:18:54.008+0000] {logging_mixin.py:190} INFO - [2026-06-05T11:18:54.007+0000] {override.py:1912} INFO - Created Permission View: can read on DAG Run:f1_medallion_pipeline
[2026-06-05T11:18:54.013+0000] {logging_mixin.py:190} INFO - [2026-06-05T11:18:54.013+0000] {override.py:1912} INFO - Created Permission View: menu access on DAG Run:f1_medallion_pipeline
[2026-06-05T11:18:54.018+0000] {logging_mixin.py:190} INFO - [2026-06-05T11:18:54.018+0000] {override.py:1912} INFO - Created Permission View: can create on DAG Run:f1_medallion_pipeline
[2026-06-05T11:18:54.023+0000] {logging_mixin.py:190} INFO - [2026-06-05T11:18:54.022+0000] {override.py:1912} INFO - Created Permission View: can delete on DAG Run:f1_medallion_pipeline
[2026-06-05T11:18:54.023+0000] {logging_mixin.py:190} INFO - [2026-06-05T11:18:54.023+0000] {dag.py:3239} INFO - Sync 1 DAGs
[2026-06-05T11:18:54.031+0000] {logging_mixin.py:190} INFO - [2026-06-05T11:18:54.031+0000] {dag.py:4180} INFO - Setting next_dagrun for f1_medallion_pipeline to None, run_after=None
[2026-06-05T11:18:54.043+0000] {processor.py:208} INFO - Processing /opt/airflow/dags/dag.py took 0.209 seconds
[2026-06-05T11:19:24.231+0000] {processor.py:186} INFO - Started process (PID=204) to work on /opt/airflow/dags/dag.py
[2026-06-05T11:19:24.232+0000] {processor.py:914} INFO - Processing file /opt/airflow/dags/dag.py for tasks to queue
[2026-06-05T11:19:24.234+0000] {logging_mixin.py:190} INFO - [2026-06-05T11:19:24.234+0000] {dagbag.py:588} INFO - Filling up the DagBag from /opt/airflow/dags/dag.py
[2026-06-05T11:19:24.249+0000] {processor.py:925} INFO - DAG(s) 'f1_medallion_pipeline' retrieved from /opt/airflow/dags/dag.py
[2026-06-05T11:19:24.269+0000] {logging_mixin.py:190} INFO - [2026-06-05T11:19:24.268+0000] {dag.py:3239} INFO - Sync 1 DAGs
[2026-06-05T11:19:24.278+0000] {logging_mixin.py:190} INFO - [2026-06-05T11:19:24.278+0000] {dag.py:4180} INFO - Setting next_dagrun for f1_medallion_pipeline to None, run_after=None
[2026-06-05T11:19:24.293+0000] {processor.py:208} INFO - Processing /opt/airflow/dags/dag.py took 0.067 seconds
[2026-06-05T11:19:54.410+0000] {processor.py:186} INFO - Started process (PID=209) to work on /opt/airflow/dags/dag.py
[2026-06-05T11:19:54.410+0000] {processor.py:914} INFO - Processing file /opt/airflow/dags/dag.py for tasks to queue
[2026-06-05T11:19:54.412+0000] {logging_mixin.py:190} INFO - [2026-06-05T11:19:54.412+0000] {dagbag.py:588} INFO - Filling up the DagBag from /opt/airflow/dags/dag.py
[2026-06-05T11:19:54.435+0000] {processor.py:925} INFO - DAG(s) 'f1_medallion_pipeline' retrieved from /opt/airflow/dags/dag.py
[2026-06-05T11:19:54.460+0000] {logging_mixin.py:190} INFO - [2026-06-05T11:19:54.459+0000] {dag.py:3239} INFO - Sync 1 DAGs
[2026-06-05T11:19:54.467+0000] {logging_mixin.py:190} INFO - [2026-06-05T11:19:54.467+0000] {dag.py:4180} INFO - Setting next_dagrun for f1_medallion_pipeline to None, run_after=None
[2026-06-05T11:19:54.481+0000] {processor.py:208} INFO - Processing /opt/airflow/dags/dag.py took 0.076 seconds
[2026-06-05T11:20:24.642+0000] {processor.py:186} INFO - Started process (PID=214) to work on /opt/airflow/dags/dag.py
[2026-06-05T11:20:24.643+0000] {processor.py:914} INFO - Processing file /opt/airflow/dags/dag.py for tasks to queue
[2026-06-05T11:20:24.644+0000] {logging_mixin.py:190} INFO - [2026-06-05T11:20:24.644+0000] {dagbag.py:588} INFO - Filling up the DagBag from /opt/airflow/dags/dag.py
[2026-06-05T11:20:24.658+0000] {processor.py:925} INFO - DAG(s) 'f1_medallion_pipeline' retrieved from /opt/airflow/dags/dag.py
[2026-06-05T11:20:24.673+0000] {logging_mixin.py:190} INFO - [2026-06-05T11:20:24.673+0000] {dag.py:3239} INFO - Sync 1 DAGs
[2026-06-05T11:20:24.681+0000] {logging_mixin.py:190} INFO - [2026-06-05T11:20:24.680+0000] {dag.py:4180} INFO - Setting next_dagrun for f1_medallion_pipeline to None, run_after=None
[2026-06-05T11:20:24.696+0000] {processor.py:208} INFO - Processing /opt/airflow/dags/dag.py took 0.058 seconds
[2026-06-05T11:26:00.198+0000] {processor.py:186} INFO - Started process (PID=197) to work on /opt/airflow/dags/dag.py
[2026-06-05T11:26:00.199+0000] {processor.py:914} INFO - Processing file /opt/airflow/dags/dag.py for tasks to queue
[2026-06-05T11:26:00.201+0000] {logging_mixin.py:190} INFO - [2026-06-05T11:26:00.201+0000] {dagbag.py:588} INFO - Filling up the DagBag from /opt/airflow/dags/dag.py
[2026-06-05T11:26:00.217+0000] {processor.py:925} INFO - DAG(s) 'f1_medallion_pipeline' retrieved from /opt/airflow/dags/dag.py
[2026-06-05T11:26:00.242+0000] {logging_mixin.py:190} INFO - [2026-06-05T11:26:00.242+0000] {dag.py:3239} INFO - Sync 1 DAGs
[2026-06-05T11:26:00.260+0000] {logging_mixin.py:190} INFO - [2026-06-05T11:26:00.260+0000] {dag.py:4180} INFO - Setting next_dagrun for f1_medallion_pipeline to None, run_after=None
[2026-06-05T11:26:00.274+0000] {processor.py:208} INFO - Processing /opt/airflow/dags/dag.py took 0.081 seconds
[2026-06-05T11:26:30.388+0000] {processor.py:186} INFO - Started process (PID=204) to work on /opt/airflow/dags/dag.py
[2026-06-05T11:26:30.388+0000] {processor.py:914} INFO - Processing file /opt/airflow/dags/dag.py for tasks to queue
[2026-06-05T11:26:30.390+0000] {logging_mixin.py:190} INFO - [2026-06-05T11:26:30.390+0000] {dagbag.py:588} INFO - Filling up the DagBag from /opt/airflow/dags/dag.py
[2026-06-05T11:26:30.404+0000] {processor.py:925} INFO - DAG(s) 'f1_medallion_pipeline' retrieved from /opt/airflow/dags/dag.py
[2026-06-05T11:26:30.425+0000] {logging_mixin.py:190} INFO - [2026-06-05T11:26:30.425+0000] {dag.py:3239} INFO - Sync 1 DAGs
[2026-06-05T11:26:30.433+0000] {logging_mixin.py:190} INFO - [2026-06-05T11:26:30.433+0000] {dag.py:4180} INFO - Setting next_dagrun for f1_medallion_pipeline to None, run_after=None
[2026-06-05T11:26:30.447+0000] {processor.py:208} INFO - Processing /opt/airflow/dags/dag.py took 0.064 seconds
[2026-06-05T11:27:00.600+0000] {processor.py:186} INFO - Started process (PID=209) to work on /opt/airflow/dags/dag.py
[2026-06-05T11:27:00.601+0000] {processor.py:914} INFO - Processing file /opt/airflow/dags/dag.py for tasks to queue
[2026-06-05T11:27:00.603+0000] {logging_mixin.py:190} INFO - [2026-06-05T11:27:00.602+0000] {dagbag.py:588} INFO - Filling up the DagBag from /opt/airflow/dags/dag.py
[2026-06-05T11:27:00.616+0000] {processor.py:925} INFO - DAG(s) 'f1_medallion_pipeline' retrieved from /opt/airflow/dags/dag.py
[2026-06-05T11:27:00.634+0000] {logging_mixin.py:190} INFO - [2026-06-05T11:27:00.634+0000] {dag.py:3239} INFO - Sync 1 DAGs
[2026-06-05T11:27:00.643+0000] {logging_mixin.py:190} INFO - [2026-06-05T11:27:00.643+0000] {dag.py:4180} INFO - Setting next_dagrun for f1_medallion_pipeline to None, run_after=None
[2026-06-05T11:27:00.658+0000] {processor.py:208} INFO - Processing /opt/airflow/dags/dag.py took 0.062 seconds
[2026-06-05T11:27:30.785+0000] {processor.py:186} INFO - Started process (PID=214) to work on /opt/airflow/dags/dag.py
[2026-06-05T11:27:30.786+0000] {processor.py:914} INFO - Processing file /opt/airflow/dags/dag.py for tasks to queue
[2026-06-05T11:27:30.788+0000] {logging_mixin.py:190} INFO - [2026-06-05T11:27:30.788+0000] {dagbag.py:588} INFO - Filling up the DagBag from /opt/airflow/dags/dag.py
[2026-06-05T11:27:30.803+0000] {processor.py:925} INFO - DAG(s) 'f1_medallion_pipeline' retrieved from /opt/airflow/dags/dag.py
[2026-06-05T11:27:30.822+0000] {logging_mixin.py:190} INFO - [2026-06-05T11:27:30.822+0000] {dag.py:3239} INFO - Sync 1 DAGs
[2026-06-05T11:27:30.831+0000] {logging_mixin.py:190} INFO - [2026-06-05T11:27:30.830+0000] {dag.py:4180} INFO - Setting next_dagrun for f1_medallion_pipeline to None, run_after=None
[2026-06-05T11:27:30.843+0000] {processor.py:208} INFO - Processing /opt/airflow/dags/dag.py took 0.064 seconds
[2026-06-05T11:28:01.013+0000] {processor.py:186} INFO - Started process (PID=219) to work on /opt/airflow/dags/dag.py
[2026-06-05T11:28:01.013+0000] {processor.py:914} INFO - Processing file /opt/airflow/dags/dag.py for tasks to queue
[2026-06-05T11:28:01.015+0000] {logging_mixin.py:190} INFO - [2026-06-05T11:28:01.015+0000] {dagbag.py:588} INFO - Filling up the DagBag from /opt/airflow/dags/dag.py
[2026-06-05T11:28:01.032+0000] {processor.py:925} INFO - DAG(s) 'f1_medallion_pipeline' retrieved from /opt/airflow/dags/dag.py
[2026-06-05T11:28:01.050+0000] {logging_mixin.py:190} INFO - [2026-06-05T11:28:01.050+0000] {dag.py:3239} INFO - Sync 1 DAGs
[2026-06-05T11:28:01.059+0000] {logging_mixin.py:190} INFO - [2026-06-05T11:28:01.058+0000] {dag.py:4180} INFO - Setting next_dagrun for f1_medallion_pipeline to None, run_after=None
[2026-06-05T11:28:01.073+0000] {processor.py:208} INFO - Processing /opt/airflow/dags/dag.py took 0.065 seconds
[2026-06-05T11:28:31.199+0000] {processor.py:186} INFO - Started process (PID=224) to work on /opt/airflow/dags/dag.py
[2026-06-05T11:28:31.200+0000] {processor.py:914} INFO - Processing file /opt/airflow/dags/dag.py for tasks to queue
[2026-06-05T11:28:31.202+0000] {logging_mixin.py:190} INFO - [2026-06-05T11:28:31.201+0000] {dagbag.py:588} INFO - Filling up the DagBag from /opt/airflow/dags/dag.py
[2026-06-05T11:28:31.217+0000] {processor.py:925} INFO - DAG(s) 'f1_medallion_pipeline' retrieved from /opt/airflow/dags/dag.py
[2026-06-05T11:28:31.239+0000] {logging_mixin.py:190} INFO - [2026-06-05T11:28:31.239+0000] {dag.py:3239} INFO - Sync 1 DAGs
[2026-06-05T11:28:31.250+0000] {logging_mixin.py:190} INFO - [2026-06-05T11:28:31.250+0000] {dag.py:4180} INFO - Setting next_dagrun for f1_medallion_pipeline to None, run_after=None
[2026-06-05T11:28:31.266+0000] {processor.py:208} INFO - Processing /opt/airflow/dags/dag.py took 0.073 seconds
[2026-06-05T11:29:01.414+0000] {processor.py:186} INFO - Started process (PID=229) to work on /opt/airflow/dags/dag.py
[2026-06-05T11:29:01.415+0000] {processor.py:914} INFO - Processing file /opt/airflow/dags/dag.py for tasks to queue
[2026-06-05T11:29:01.416+0000] {logging_mixin.py:190} INFO - [2026-06-05T11:29:01.416+0000] {dagbag.py:588} INFO - Filling up the DagBag from /opt/airflow/dags/dag.py
[2026-06-05T11:29:01.437+0000] {processor.py:925} INFO - DAG(s) 'f1_medallion_pipeline' retrieved from /opt/airflow/dags/dag.py
[2026-06-05T11:29:01.457+0000] {logging_mixin.py:190} INFO - [2026-06-05T11:29:01.457+0000] {dag.py:3239} INFO - Sync 1 DAGs
[2026-06-05T11:29:01.465+0000] {logging_mixin.py:190} INFO - [2026-06-05T11:29:01.465+0000] {dag.py:4180} INFO - Setting next_dagrun for f1_medallion_pipeline to None, run_after=None
[2026-06-05T11:29:01.479+0000] {processor.py:208} INFO - Processing /opt/airflow/dags/dag.py took 0.071 seconds
[2026-06-05T11:29:31.597+0000] {processor.py:186} INFO - Started process (PID=234) to work on /opt/airflow/dags/dag.py
[2026-06-05T11:29:31.598+0000] {processor.py:914} INFO - Processing file /opt/airflow/dags/dag.py for tasks to queue
[2026-06-05T11:29:31.599+0000] {logging_mixin.py:190} INFO - [2026-06-05T11:29:31.599+0000] {dagbag.py:588} INFO - Filling up the DagBag from /opt/airflow/dags/dag.py
[2026-06-05T11:29:31.614+0000] {processor.py:925} INFO - DAG(s) 'f1_medallion_pipeline' retrieved from /opt/airflow/dags/dag.py
[2026-06-05T11:29:31.631+0000] {logging_mixin.py:190} INFO - [2026-06-05T11:29:31.631+0000] {dag.py:3239} INFO - Sync 1 DAGs
[2026-06-05T11:29:31.638+0000] {logging_mixin.py:190} INFO - [2026-06-05T11:29:31.638+0000] {dag.py:4180} INFO - Setting next_dagrun for f1_medallion_pipeline to None, run_after=None
[2026-06-05T11:29:31.653+0000] {processor.py:208} INFO - Processing /opt/airflow/dags/dag.py took 0.060 seconds
[2026-06-05T11:30:01.830+0000] {processor.py:186} INFO - Started process (PID=239) to work on /opt/airflow/dags/dag.py
[2026-06-05T11:30:01.831+0000] {processor.py:914} INFO - Processing file /opt/airflow/dags/dag.py for tasks to queue
[2026-06-05T11:30:01.833+0000] {logging_mixin.py:190} INFO - [2026-06-05T11:30:01.832+0000] {dagbag.py:588} INFO - Filling up the DagBag from /opt/airflow/dags/dag.py
[2026-06-05T11:30:01.847+0000] {processor.py:925} INFO - DAG(s) 'f1_medallion_pipeline' retrieved from /opt/airflow/dags/dag.py
[2026-06-05T11:30:01.865+0000] {logging_mixin.py:190} INFO - [2026-06-05T11:30:01.865+0000] {dag.py:3239} INFO - Sync 1 DAGs
[2026-06-05T11:30:01.873+0000] {logging_mixin.py:190} INFO - [2026-06-05T11:30:01.872+0000] {dag.py:4180} INFO - Setting next_dagrun for f1_medallion_pipeline to None, run_after=None
[2026-06-05T11:30:01.887+0000] {processor.py:208} INFO - Processing /opt/airflow/dags/dag.py took 0.061 seconds
[2026-06-05T11:30:41.971+0000] {processor.py:186} INFO - Started process (PID=195) to work on /opt/airflow/dags/dag.py
[2026-06-05T11:30:41.972+0000] {processor.py:914} INFO - Processing file /opt/airflow/dags/dag.py for tasks to queue
[2026-06-05T11:30:41.973+0000] {logging_mixin.py:190} INFO - [2026-06-05T11:30:41.973+0000] {dagbag.py:588} INFO - Filling up the DagBag from /opt/airflow/dags/dag.py
[2026-06-05T11:30:41.999+0000] {processor.py:925} INFO - DAG(s) 'f1_medallion_pipeline' retrieved from /opt/airflow/dags/dag.py
[2026-06-05T11:30:42.031+0000] {logging_mixin.py:190} INFO - [2026-06-05T11:30:42.031+0000] {dag.py:3239} INFO - Sync 1 DAGs
[2026-06-05T11:30:42.043+0000] {logging_mixin.py:190} INFO - [2026-06-05T11:30:42.042+0000] {dag.py:4180} INFO - Setting next_dagrun for f1_medallion_pipeline to None, run_after=None
[2026-06-05T11:30:42.057+0000] {processor.py:208} INFO - Processing /opt/airflow/dags/dag.py took 0.093 seconds
[2026-06-05T11:31:12.153+0000] {processor.py:186} INFO - Started process (PID=203) to work on /opt/airflow/dags/dag.py
[2026-06-05T11:31:12.154+0000] {processor.py:914} INFO - Processing file /opt/airflow/dags/dag.py for tasks to queue
[2026-06-05T11:31:12.157+0000] {logging_mixin.py:190} INFO - [2026-06-05T11:31:12.156+0000] {dagbag.py:588} INFO - Filling up the DagBag from /opt/airflow/dags/dag.py
[2026-06-05T11:31:12.171+0000] {processor.py:925} INFO - DAG(s) 'f1_medallion_pipeline' retrieved from /opt/airflow/dags/dag.py
[2026-06-05T11:31:12.192+0000] {logging_mixin.py:190} INFO - [2026-06-05T11:31:12.191+0000] {dag.py:3239} INFO - Sync 1 DAGs
[2026-06-05T11:31:12.201+0000] {logging_mixin.py:190} INFO - [2026-06-05T11:31:12.201+0000] {dag.py:4180} INFO - Setting next_dagrun for f1_medallion_pipeline to None, run_after=None
[2026-06-05T11:31:12.217+0000] {processor.py:208} INFO - Processing /opt/airflow/dags/dag.py took 0.069 seconds
[2026-06-05T11:31:42.389+0000] {processor.py:186} INFO - Started process (PID=208) to work on /opt/airflow/dags/dag.py
[2026-06-05T11:31:42.390+0000] {processor.py:914} INFO - Processing file /opt/airflow/dags/dag.py for tasks to queue
[2026-06-05T11:31:42.392+0000] {logging_mixin.py:190} INFO - [2026-06-05T11:31:42.391+0000] {dagbag.py:588} INFO - Filling up the DagBag from /opt/airflow/dags/dag.py
[2026-06-05T11:31:42.406+0000] {processor.py:925} INFO - DAG(s) 'f1_medallion_pipeline' retrieved from /opt/airflow/dags/dag.py
[2026-06-05T11:31:42.424+0000] {logging_mixin.py:190} INFO - [2026-06-05T11:31:42.424+0000] {dag.py:3239} INFO - Sync 1 DAGs
[2026-06-05T11:31:42.432+0000] {logging_mixin.py:190} INFO - [2026-06-05T11:31:42.432+0000] {dag.py:4180} INFO - Setting next_dagrun for f1_medallion_pipeline to None, run_after=None
[2026-06-05T11:31:42.445+0000] {processor.py:208} INFO - Processing /opt/airflow/dags/dag.py took 0.060 seconds
[2026-06-05T11:32:12.565+0000] {processor.py:186} INFO - Started process (PID=213) to work on /opt/airflow/dags/dag.py
[2026-06-05T11:32:12.566+0000] {processor.py:914} INFO - Processing file /opt/airflow/dags/dag.py for tasks to queue
[2026-06-05T11:32:12.568+0000] {logging_mixin.py:190} INFO - [2026-06-05T11:32:12.567+0000] {dagbag.py:588} INFO - Filling up the DagBag from /opt/airflow/dags/dag.py
[2026-06-05T11:32:12.583+0000] {processor.py:925} INFO - DAG(s) 'f1_medallion_pipeline' retrieved from /opt/airflow/dags/dag.py
[2026-06-05T11:32:12.600+0000] {logging_mixin.py:190} INFO - [2026-06-05T11:32:12.600+0000] {dag.py:3239} INFO - Sync 1 DAGs
[2026-06-05T11:32:12.609+0000] {logging_mixin.py:190} INFO - [2026-06-05T11:32:12.609+0000] {dag.py:4180} INFO - Setting next_dagrun for f1_medallion_pipeline to None, run_after=None
[2026-06-05T11:32:12.624+0000] {processor.py:208} INFO - Processing /opt/airflow/dags/dag.py took 0.063 seconds
[2026-06-05T11:32:42.762+0000] {processor.py:186} INFO - Started process (PID=218) to work on /opt/airflow/dags/dag.py
[2026-06-05T11:32:42.762+0000] {processor.py:914} INFO - Processing file /opt/airflow/dags/dag.py for tasks to queue
[2026-06-05T11:32:42.764+0000] {logging_mixin.py:190} INFO - [2026-06-05T11:32:42.764+0000] {dagbag.py:588} INFO - Filling up the DagBag from /opt/airflow/dags/dag.py
[2026-06-05T11:32:42.778+0000] {processor.py:925} INFO - DAG(s) 'f1_medallion_pipeline' retrieved from /opt/airflow/dags/dag.py
[2026-06-05T11:32:42.796+0000] {logging_mixin.py:190} INFO - [2026-06-05T11:32:42.796+0000] {dag.py:3239} INFO - Sync 1 DAGs
[2026-06-05T11:32:42.804+0000] {logging_mixin.py:190} INFO - [2026-06-05T11:32:42.804+0000] {dag.py:4180} INFO - Setting next_dagrun for f1_medallion_pipeline to None, run_after=None
[2026-06-05T11:32:42.817+0000] {processor.py:208} INFO - Processing /opt/airflow/dags/dag.py took 0.060 seconds
[2026-06-05T11:33:12.948+0000] {processor.py:186} INFO - Started process (PID=223) to work on /opt/airflow/dags/dag.py
[2026-06-05T11:33:12.948+0000] {processor.py:914} INFO - Processing file /opt/airflow/dags/dag.py for tasks to queue
[2026-06-05T11:33:12.950+0000] {logging_mixin.py:190} INFO - [2026-06-05T11:33:12.950+0000] {dagbag.py:588} INFO - Filling up the DagBag from /opt/airflow/dags/dag.py
[2026-06-05T11:33:12.968+0000] {processor.py:925} INFO - DAG(s) 'f1_medallion_pipeline' retrieved from /opt/airflow/dags/dag.py
[2026-06-05T11:33:12.990+0000] {logging_mixin.py:190} INFO - [2026-06-05T11:33:12.989+0000] {dag.py:3239} INFO - Sync 1 DAGs
[2026-06-05T11:33:12.999+0000] {logging_mixin.py:190} INFO - [2026-06-05T11:33:12.999+0000] {dag.py:4180} INFO - Setting next_dagrun for f1_medallion_pipeline to None, run_after=None
[2026-06-05T11:33:13.014+0000] {processor.py:208} INFO - Processing /opt/airflow/dags/dag.py took 0.073 seconds
[2026-06-05T11:33:43.165+0000] {processor.py:186} INFO - Started process (PID=228) to work on /opt/airflow/dags/dag.py
[2026-06-05T11:33:43.165+0000] {processor.py:914} INFO - Processing file /opt/airflow/dags/dag.py for tasks to queue
[2026-06-05T11:33:43.167+0000] {logging_mixin.py:190} INFO - [2026-06-05T11:33:43.167+0000] {dagbag.py:588} INFO - Filling up the DagBag from /opt/airflow/dags/dag.py
[2026-06-05T11:33:43.185+0000] {processor.py:925} INFO - DAG(s) 'f1_medallion_pipeline' retrieved from /opt/airflow/dags/dag.py
[2026-06-05T11:33:43.205+0000] {logging_mixin.py:190} INFO - [2026-06-05T11:33:43.204+0000] {dag.py:3239} INFO - Sync 1 DAGs
[2026-06-05T11:33:43.213+0000] {logging_mixin.py:190} INFO - [2026-06-05T11:33:43.213+0000] {dag.py:4180} INFO - Setting next_dagrun for f1_medallion_pipeline to None, run_after=None
[2026-06-05T11:33:43.229+0000] {processor.py:208} INFO - Processing /opt/airflow/dags/dag.py took 0.069 seconds
[2026-06-05T11:34:13.361+0000] {processor.py:186} INFO - Started process (PID=233) to work on /opt/airflow/dags/dag.py
[2026-06-05T11:34:13.362+0000] {processor.py:914} INFO - Processing file /opt/airflow/dags/dag.py for tasks to queue
[2026-06-05T11:34:13.364+0000] {logging_mixin.py:190} INFO - [2026-06-05T11:34:13.364+0000] {dagbag.py:588} INFO - Filling up the DagBag from /opt/airflow/dags/dag.py
[2026-06-05T11:34:13.380+0000] {processor.py:925} INFO - DAG(s) 'f1_medallion_pipeline' retrieved from /opt/airflow/dags/dag.py
[2026-06-05T11:34:13.399+0000] {logging_mixin.py:190} INFO - [2026-06-05T11:34:13.399+0000] {dag.py:3239} INFO - Sync 1 DAGs
[2026-06-05T11:34:13.408+0000] {logging_mixin.py:190} INFO - [2026-06-05T11:34:13.408+0000] {dag.py:4180} INFO - Setting next_dagrun for f1_medallion_pipeline to None, run_after=None
[2026-06-05T11:34:13.423+0000] {processor.py:208} INFO - Processing /opt/airflow/dags/dag.py took 0.066 seconds
[2026-06-05T11:34:43.572+0000] {processor.py:186} INFO - Started process (PID=238) to work on /opt/airflow/dags/dag.py
[2026-06-05T11:34:43.573+0000] {processor.py:914} INFO - Processing file /opt/airflow/dags/dag.py for tasks to queue
[2026-06-05T11:34:43.575+0000] {logging_mixin.py:190} INFO - [2026-06-05T11:34:43.574+0000] {dagbag.py:588} INFO - Filling up the DagBag from /opt/airflow/dags/dag.py
[2026-06-05T11:34:43.592+0000] {processor.py:925} INFO - DAG(s) 'f1_medallion_pipeline' retrieved from /opt/airflow/dags/dag.py
[2026-06-05T11:34:43.612+0000] {logging_mixin.py:190} INFO - [2026-06-05T11:34:43.612+0000] {dag.py:3239} INFO - Sync 1 DAGs
[2026-06-05T11:34:43.621+0000] {logging_mixin.py:190} INFO - [2026-06-05T11:34:43.620+0000] {dag.py:4180} INFO - Setting next_dagrun for f1_medallion_pipeline to None, run_after=None
[2026-06-05T11:34:43.636+0000] {processor.py:208} INFO - Processing /opt/airflow/dags/dag.py took 0.068 seconds
[2026-06-05T11:35:43.591+0000] {processor.py:186} INFO - Started process (PID=196) to work on /opt/airflow/dags/dag.py
[2026-06-05T11:35:43.592+0000] {processor.py:914} INFO - Processing file /opt/airflow/dags/dag.py for tasks to queue
[2026-06-05T11:35:43.594+0000] {logging_mixin.py:190} INFO - [2026-06-05T11:35:43.594+0000] {dagbag.py:588} INFO - Filling up the DagBag from /opt/airflow/dags/dag.py
[2026-06-05T11:35:43.613+0000] {processor.py:925} INFO - DAG(s) 'f1_medallion_pipeline' retrieved from /opt/airflow/dags/dag.py
[2026-06-05T11:35:43.643+0000] {logging_mixin.py:190} INFO - [2026-06-05T11:35:43.642+0000] {dag.py:3239} INFO - Sync 1 DAGs
[2026-06-05T11:35:43.652+0000] {logging_mixin.py:190} INFO - [2026-06-05T11:35:43.652+0000] {dag.py:4180} INFO - Setting next_dagrun for f1_medallion_pipeline to None, run_after=None
[2026-06-05T11:35:43.666+0000] {processor.py:208} INFO - Processing /opt/airflow/dags/dag.py took 0.081 seconds
[2026-06-05T11:36:13.789+0000] {processor.py:186} INFO - Started process (PID=205) to work on /opt/airflow/dags/dag.py
[2026-06-05T11:36:13.790+0000] {processor.py:914} INFO - Processing file /opt/airflow/dags/dag.py for tasks to queue
[2026-06-05T11:36:13.792+0000] {logging_mixin.py:190} INFO - [2026-06-05T11:36:13.792+0000] {dagbag.py:588} INFO - Filling up the DagBag from /opt/airflow/dags/dag.py
[2026-06-05T11:36:13.811+0000] {processor.py:925} INFO - DAG(s) 'f1_medallion_pipeline' retrieved from /opt/airflow/dags/dag.py
[2026-06-05T11:36:13.832+0000] {logging_mixin.py:190} INFO - [2026-06-05T11:36:13.831+0000] {dag.py:3239} INFO - Sync 1 DAGs
[2026-06-05T11:36:13.841+0000] {logging_mixin.py:190} INFO - [2026-06-05T11:36:13.841+0000] {dag.py:4180} INFO - Setting next_dagrun for f1_medallion_pipeline to None, run_after=None
[2026-06-05T11:36:13.856+0000] {processor.py:208} INFO - Processing /opt/airflow/dags/dag.py took 0.075 seconds
[2026-06-05T11:36:44.042+0000] {processor.py:186} INFO - Started process (PID=210) to work on /opt/airflow/dags/dag.py
[2026-06-05T11:36:44.043+0000] {processor.py:914} INFO - Processing file /opt/airflow/dags/dag.py for tasks to queue
[2026-06-05T11:36:44.045+0000] {logging_mixin.py:190} INFO - [2026-06-05T11:36:44.044+0000] {dagbag.py:588} INFO - Filling up the DagBag from /opt/airflow/dags/dag.py
[2026-06-05T11:36:44.060+0000] {processor.py:925} INFO - DAG(s) 'f1_medallion_pipeline' retrieved from /opt/airflow/dags/dag.py
[2026-06-05T11:36:44.080+0000] {logging_mixin.py:190} INFO - [2026-06-05T11:36:44.080+0000] {dag.py:3239} INFO - Sync 1 DAGs
[2026-06-05T11:36:44.088+0000] {logging_mixin.py:190} INFO - [2026-06-05T11:36:44.088+0000] {dag.py:4180} INFO - Setting next_dagrun for f1_medallion_pipeline to None, run_after=None
[2026-06-05T11:36:44.099+0000] {processor.py:208} INFO - Processing /opt/airflow/dags/dag.py took 0.064 seconds
[2026-06-05T11:37:14.248+0000] {processor.py:186} INFO - Started process (PID=215) to work on /opt/airflow/dags/dag.py
[2026-06-05T11:37:14.249+0000] {processor.py:914} INFO - Processing file /opt/airflow/dags/dag.py for tasks to queue
[2026-06-05T11:37:14.251+0000] {logging_mixin.py:190} INFO - [2026-06-05T11:37:14.251+0000] {dagbag.py:588} INFO - Filling up the DagBag from /opt/airflow/dags/dag.py
[2026-06-05T11:37:14.268+0000] {processor.py:925} INFO - DAG(s) 'f1_medallion_pipeline' retrieved from /opt/airflow/dags/dag.py
[2026-06-05T11:37:14.286+0000] {logging_mixin.py:190} INFO - [2026-06-05T11:37:14.286+0000] {dag.py:3239} INFO - Sync 1 DAGs
[2026-06-05T11:37:14.294+0000] {logging_mixin.py:190} INFO - [2026-06-05T11:37:14.294+0000] {dag.py:4180} INFO - Setting next_dagrun for f1_medallion_pipeline to None, run_after=None
[2026-06-05T11:37:14.307+0000] {processor.py:208} INFO - Processing /opt/airflow/dags/dag.py took 0.067 seconds
[2026-06-05T11:37:44.440+0000] {processor.py:186} INFO - Started process (PID=220) to work on /opt/airflow/dags/dag.py
[2026-06-05T11:37:44.440+0000] {processor.py:914} INFO - Processing file /opt/airflow/dags/dag.py for tasks to queue
[2026-06-05T11:37:44.442+0000] {logging_mixin.py:190} INFO - [2026-06-05T11:37:44.442+0000] {dagbag.py:588} INFO - Filling up the DagBag from /opt/airflow/dags/dag.py
[2026-06-05T11:37:44.459+0000] {processor.py:925} INFO - DAG(s) 'f1_medallion_pipeline' retrieved from /opt/airflow/dags/dag.py
[2026-06-05T11:37:44.478+0000] {logging_mixin.py:190} INFO - [2026-06-05T11:37:44.478+0000] {dag.py:3239} INFO - Sync 1 DAGs
[2026-06-05T11:37:44.486+0000] {logging_mixin.py:190} INFO - [2026-06-05T11:37:44.486+0000] {dag.py:4180} INFO - Setting next_dagrun for f1_medallion_pipeline to None, run_after=None
[2026-06-05T11:37:44.499+0000] {processor.py:208} INFO - Processing /opt/airflow/dags/dag.py took 0.066 seconds
[2026-06-05T11:37:52.531+0000] {processor.py:186} INFO - Started process (PID=225) to work on /opt/airflow/dags/dag.py
[2026-06-05T11:37:52.532+0000] {processor.py:914} INFO - Processing file /opt/airflow/dags/dag.py for tasks to queue
[2026-06-05T11:37:52.534+0000] {logging_mixin.py:190} INFO - [2026-06-05T11:37:52.533+0000] {dagbag.py:588} INFO - Filling up the DagBag from /opt/airflow/dags/dag.py
[2026-06-05T11:37:52.560+0000] {processor.py:925} INFO - DAG(s) 'f1_medallion_pipeline' retrieved from /opt/airflow/dags/dag.py
[2026-06-05T11:37:52.587+0000] {logging_mixin.py:190} INFO - [2026-06-05T11:37:52.586+0000] {dag.py:3239} INFO - Sync 1 DAGs
[2026-06-05T11:37:52.596+0000] {logging_mixin.py:190} INFO - [2026-06-05T11:37:52.596+0000] {dag.py:4180} INFO - Setting next_dagrun for f1_medallion_pipeline to None, run_after=None
[2026-06-05T11:37:52.611+0000] {processor.py:208} INFO - Processing /opt/airflow/dags/dag.py took 0.086 seconds
[2026-06-05T11:38:37.105+0000] {processor.py:186} INFO - Started process (PID=196) to work on /opt/airflow/dags/dag.py
[2026-06-05T11:38:37.106+0000] {processor.py:914} INFO - Processing file /opt/airflow/dags/dag.py for tasks to queue
[2026-06-05T11:38:37.108+0000] {logging_mixin.py:190} INFO - [2026-06-05T11:38:37.107+0000] {dagbag.py:588} INFO - Filling up the DagBag from /opt/airflow/dags/dag.py
[2026-06-05T11:38:37.134+0000] {processor.py:925} INFO - DAG(s) 'f1_medallion_pipeline' retrieved from /opt/airflow/dags/dag.py
[2026-06-05T11:38:37.161+0000] {logging_mixin.py:190} INFO - [2026-06-05T11:38:37.161+0000] {dag.py:3239} INFO - Sync 1 DAGs
[2026-06-05T11:38:37.170+0000] {logging_mixin.py:190} INFO - [2026-06-05T11:38:37.170+0000] {dag.py:4180} INFO - Setting next_dagrun for f1_medallion_pipeline to None, run_after=None
[2026-06-05T11:38:37.184+0000] {processor.py:208} INFO - Processing /opt/airflow/dags/dag.py took 0.089 seconds
[2026-06-05T11:39:07.289+0000] {processor.py:186} INFO - Started process (PID=201) to work on /opt/airflow/dags/dag.py
[2026-06-05T11:39:07.289+0000] {processor.py:914} INFO - Processing file /opt/airflow/dags/dag.py for tasks to queue
[2026-06-05T11:39:07.291+0000] {logging_mixin.py:190} INFO - [2026-06-05T11:39:07.291+0000] {dagbag.py:588} INFO - Filling up the DagBag from /opt/airflow/dags/dag.py
[2026-06-05T11:39:07.306+0000] {processor.py:925} INFO - DAG(s) 'f1_medallion_pipeline' retrieved from /opt/airflow/dags/dag.py
[2026-06-05T11:39:07.326+0000] {logging_mixin.py:190} INFO - [2026-06-05T11:39:07.326+0000] {dag.py:3239} INFO - Sync 1 DAGs
[2026-06-05T11:39:07.335+0000] {logging_mixin.py:190} INFO - [2026-06-05T11:39:07.335+0000] {dag.py:4180} INFO - Setting next_dagrun for f1_medallion_pipeline to None, run_after=None
[2026-06-05T11:39:07.351+0000] {processor.py:208} INFO - Processing /opt/airflow/dags/dag.py took 0.069 seconds
[2026-06-05T11:39:37.526+0000] {processor.py:186} INFO - Started process (PID=210) to work on /opt/airflow/dags/dag.py
[2026-06-05T11:39:37.527+0000] {processor.py:914} INFO - Processing file /opt/airflow/dags/dag.py for tasks to queue
[2026-06-05T11:39:37.529+0000] {logging_mixin.py:190} INFO - [2026-06-05T11:39:37.529+0000] {dagbag.py:588} INFO - Filling up the DagBag from /opt/airflow/dags/dag.py
[2026-06-05T11:39:37.544+0000] {processor.py:925} INFO - DAG(s) 'f1_medallion_pipeline' retrieved from /opt/airflow/dags/dag.py
[2026-06-05T11:39:37.564+0000] {logging_mixin.py:190} INFO - [2026-06-05T11:39:37.564+0000] {dag.py:3239} INFO - Sync 1 DAGs
[2026-06-05T11:39:37.573+0000] {logging_mixin.py:190} INFO - [2026-06-05T11:39:37.573+0000] {dag.py:4180} INFO - Setting next_dagrun for f1_medallion_pipeline to None, run_after=None
[2026-06-05T11:39:37.586+0000] {processor.py:208} INFO - Processing /opt/airflow/dags/dag.py took 0.067 seconds
[2026-06-05T11:40:07.707+0000] {processor.py:186} INFO - Started process (PID=215) to work on /opt/airflow/dags/dag.py
[2026-06-05T11:40:07.708+0000] {processor.py:914} INFO - Processing file /opt/airflow/dags/dag.py for tasks to queue
[2026-06-05T11:40:07.711+0000] {logging_mixin.py:190} INFO - [2026-06-05T11:40:07.710+0000] {dagbag.py:588} INFO - Filling up the DagBag from /opt/airflow/dags/dag.py
[2026-06-05T11:40:07.728+0000] {processor.py:925} INFO - DAG(s) 'f1_medallion_pipeline' retrieved from /opt/airflow/dags/dag.py
[2026-06-05T11:40:07.750+0000] {logging_mixin.py:190} INFO - [2026-06-05T11:40:07.750+0000] {dag.py:3239} INFO - Sync 1 DAGs
[2026-06-05T11:40:07.759+0000] {logging_mixin.py:190} INFO - [2026-06-05T11:40:07.759+0000] {dag.py:4180} INFO - Setting next_dagrun for f1_medallion_pipeline to None, run_after=None
[2026-06-05T11:40:07.771+0000] {processor.py:208} INFO - Processing /opt/airflow/dags/dag.py took 0.071 seconds
[2026-06-05T11:40:37.946+0000] {processor.py:186} INFO - Started process (PID=220) to work on /opt/airflow/dags/dag.py
[2026-06-05T11:40:37.947+0000] {processor.py:914} INFO - Processing file /opt/airflow/dags/dag.py for tasks to queue
[2026-06-05T11:40:37.949+0000] {logging_mixin.py:190} INFO - [2026-06-05T11:40:37.949+0000] {dagbag.py:588} INFO - Filling up the DagBag from /opt/airflow/dags/dag.py
[2026-06-05T11:40:37.965+0000] {processor.py:925} INFO - DAG(s) 'f1_medallion_pipeline' retrieved from /opt/airflow/dags/dag.py
[2026-06-05T11:40:37.984+0000] {logging_mixin.py:190} INFO - [2026-06-05T11:40:37.984+0000] {dag.py:3239} INFO - Sync 1 DAGs
[2026-06-05T11:40:37.993+0000] {logging_mixin.py:190} INFO - [2026-06-05T11:40:37.992+0000] {dag.py:4180} INFO - Setting next_dagrun for f1_medallion_pipeline to None, run_after=None
[2026-06-05T11:40:38.006+0000] {processor.py:208} INFO - Processing /opt/airflow/dags/dag.py took 0.067 seconds
[2026-06-05T11:41:08.127+0000] {processor.py:186} INFO - Started process (PID=225) to work on /opt/airflow/dags/dag.py
[2026-06-05T11:41:08.127+0000] {processor.py:914} INFO - Processing file /opt/airflow/dags/dag.py for tasks to queue
[2026-06-05T11:41:08.129+0000] {logging_mixin.py:190} INFO - [2026-06-05T11:41:08.129+0000] {dagbag.py:588} INFO - Filling up the DagBag from /opt/airflow/dags/dag.py
[2026-06-05T11:41:08.144+0000] {processor.py:925} INFO - DAG(s) 'f1_medallion_pipeline' retrieved from /opt/airflow/dags/dag.py
[2026-06-05T11:41:08.162+0000] {logging_mixin.py:190} INFO - [2026-06-05T11:41:08.162+0000] {dag.py:3239} INFO - Sync 1 DAGs
[2026-06-05T11:41:08.170+0000] {logging_mixin.py:190} INFO - [2026-06-05T11:41:08.170+0000] {dag.py:4180} INFO - Setting next_dagrun for f1_medallion_pipeline to None, run_after=None
[2026-06-05T11:41:08.183+0000] {processor.py:208} INFO - Processing /opt/airflow/dags/dag.py took 0.063 seconds
[2026-06-05T11:41:38.352+0000] {processor.py:186} INFO - Started process (PID=230) to work on /opt/airflow/dags/dag.py
[2026-06-05T11:41:38.353+0000] {processor.py:914} INFO - Processing file /opt/airflow/dags/dag.py for tasks to queue
[2026-06-05T11:41:38.355+0000] {logging_mixin.py:190} INFO - [2026-06-05T11:41:38.355+0000] {dagbag.py:588} INFO - Filling up the DagBag from /opt/airflow/dags/dag.py
[2026-06-05T11:41:38.373+0000] {processor.py:925} INFO - DAG(s) 'f1_medallion_pipeline' retrieved from /opt/airflow/dags/dag.py
[2026-06-05T11:41:38.397+0000] {logging_mixin.py:190} INFO - [2026-06-05T11:41:38.397+0000] {dag.py:3239} INFO - Sync 1 DAGs
[2026-06-05T11:41:38.408+0000] {logging_mixin.py:190} INFO - [2026-06-05T11:41:38.408+0000] {dag.py:4180} INFO - Setting next_dagrun for f1_medallion_pipeline to None, run_after=None
[2026-06-05T11:41:38.425+0000] {processor.py:208} INFO - Processing /opt/airflow/dags/dag.py took 0.081 seconds
[2026-06-05T11:42:08.539+0000] {processor.py:186} INFO - Started process (PID=235) to work on /opt/airflow/dags/dag.py
[2026-06-05T11:42:08.540+0000] {processor.py:914} INFO - Processing file /opt/airflow/dags/dag.py for tasks to queue
[2026-06-05T11:42:08.541+0000] {logging_mixin.py:190} INFO - [2026-06-05T11:42:08.541+0000] {dagbag.py:588} INFO - Filling up the DagBag from /opt/airflow/dags/dag.py
[2026-06-05T11:42:08.557+0000] {processor.py:925} INFO - DAG(s) 'f1_medallion_pipeline' retrieved from /opt/airflow/dags/dag.py
[2026-06-05T11:42:08.577+0000] {logging_mixin.py:190} INFO - [2026-06-05T11:42:08.577+0000] {dag.py:3239} INFO - Sync 1 DAGs
[2026-06-05T11:42:08.587+0000] {logging_mixin.py:190} INFO - [2026-06-05T11:42:08.587+0000] {dag.py:4180} INFO - Setting next_dagrun for f1_medallion_pipeline to None, run_after=None
[2026-06-05T11:42:08.599+0000] {processor.py:208} INFO - Processing /opt/airflow/dags/dag.py took 0.067 seconds
