[2026-06-11T00:00:00.995+0000] {processor.py:186} INFO - Started process (PID=37517) to work on /opt/airflow/dags/dag.py
[2026-06-11T00:00:00.995+0000] {processor.py:914} INFO - Processing file /opt/airflow/dags/dag.py for tasks to queue
[2026-06-11T00:00:00.997+0000] {logging_mixin.py:190} INFO - [2026-06-11T00:00:00.997+0000] {dagbag.py:588} INFO - Filling up the DagBag from /opt/airflow/dags/dag.py
[2026-06-11T00:00:01.015+0000] {processor.py:925} INFO - DAG(s) 'f1_medallion_pipeline' retrieved from /opt/airflow/dags/dag.py
[2026-06-11T00:00:01.034+0000] {logging_mixin.py:190} INFO - [2026-06-11T00:00:01.034+0000] {dag.py:3239} INFO - Sync 1 DAGs
[2026-06-11T00:00:01.044+0000] {logging_mixin.py:190} INFO - [2026-06-11T00:00:01.044+0000] {dag.py:4180} INFO - Setting next_dagrun for f1_medallion_pipeline to None, run_after=None
[2026-06-11T00:00:01.056+0000] {processor.py:208} INFO - Processing /opt/airflow/dags/dag.py took 0.069 seconds
[2026-06-11T00:00:31.144+0000] {processor.py:186} INFO - Started process (PID=37522) to work on /opt/airflow/dags/dag.py
[2026-06-11T00:00:31.145+0000] {processor.py:914} INFO - Processing file /opt/airflow/dags/dag.py for tasks to queue
[2026-06-11T00:00:31.147+0000] {logging_mixin.py:190} INFO - [2026-06-11T00:00:31.147+0000] {dagbag.py:588} INFO - Filling up the DagBag from /opt/airflow/dags/dag.py
[2026-06-11T00:00:31.163+0000] {processor.py:925} INFO - DAG(s) 'f1_medallion_pipeline' retrieved from /opt/airflow/dags/dag.py
[2026-06-11T00:00:31.183+0000] {logging_mixin.py:190} INFO - [2026-06-11T00:00:31.183+0000] {dag.py:3239} INFO - Sync 1 DAGs
[2026-06-11T00:00:31.192+0000] {logging_mixin.py:190} INFO - [2026-06-11T00:00:31.192+0000] {dag.py:4180} INFO - Setting next_dagrun for f1_medallion_pipeline to None, run_after=None
[2026-06-11T00:00:31.206+0000] {processor.py:208} INFO - Processing /opt/airflow/dags/dag.py took 0.069 seconds
[2026-06-11T00:01:01.335+0000] {processor.py:186} INFO - Started process (PID=37527) to work on /opt/airflow/dags/dag.py
[2026-06-11T00:01:01.336+0000] {processor.py:914} INFO - Processing file /opt/airflow/dags/dag.py for tasks to queue
[2026-06-11T00:01:01.337+0000] {logging_mixin.py:190} INFO - [2026-06-11T00:01:01.337+0000] {dagbag.py:588} INFO - Filling up the DagBag from /opt/airflow/dags/dag.py
[2026-06-11T00:01:01.352+0000] {processor.py:925} INFO - DAG(s) 'f1_medallion_pipeline' retrieved from /opt/airflow/dags/dag.py
[2026-06-11T00:01:01.371+0000] {logging_mixin.py:190} INFO - [2026-06-11T00:01:01.371+0000] {dag.py:3239} INFO - Sync 1 DAGs
[2026-06-11T00:01:01.380+0000] {logging_mixin.py:190} INFO - [2026-06-11T00:01:01.379+0000] {dag.py:4180} INFO - Setting next_dagrun for f1_medallion_pipeline to None, run_after=None
[2026-06-11T00:01:01.392+0000] {processor.py:208} INFO - Processing /opt/airflow/dags/dag.py took 0.063 seconds
[2026-06-11T00:01:31.656+0000] {processor.py:186} INFO - Started process (PID=37532) to work on /opt/airflow/dags/dag.py
[2026-06-11T00:01:31.657+0000] {processor.py:914} INFO - Processing file /opt/airflow/dags/dag.py for tasks to queue
[2026-06-11T00:01:31.659+0000] {logging_mixin.py:190} INFO - [2026-06-11T00:01:31.658+0000] {dagbag.py:588} INFO - Filling up the DagBag from /opt/airflow/dags/dag.py
[2026-06-11T00:01:31.676+0000] {processor.py:925} INFO - DAG(s) 'f1_medallion_pipeline' retrieved from /opt/airflow/dags/dag.py
[2026-06-11T00:01:31.697+0000] {logging_mixin.py:190} INFO - [2026-06-11T00:01:31.696+0000] {dag.py:3239} INFO - Sync 1 DAGs
[2026-06-11T00:01:31.705+0000] {logging_mixin.py:190} INFO - [2026-06-11T00:01:31.705+0000] {dag.py:4180} INFO - Setting next_dagrun for f1_medallion_pipeline to None, run_after=None
[2026-06-11T00:01:31.718+0000] {processor.py:208} INFO - Processing /opt/airflow/dags/dag.py took 0.069 seconds
[2026-06-11T00:02:01.815+0000] {processor.py:186} INFO - Started process (PID=37537) to work on /opt/airflow/dags/dag.py
[2026-06-11T00:02:01.816+0000] {processor.py:914} INFO - Processing file /opt/airflow/dags/dag.py for tasks to queue
[2026-06-11T00:02:01.818+0000] {logging_mixin.py:190} INFO - [2026-06-11T00:02:01.817+0000] {dagbag.py:588} INFO - Filling up the DagBag from /opt/airflow/dags/dag.py
[2026-06-11T00:02:01.833+0000] {processor.py:925} INFO - DAG(s) 'f1_medallion_pipeline' retrieved from /opt/airflow/dags/dag.py
[2026-06-11T00:02:01.852+0000] {logging_mixin.py:190} INFO - [2026-06-11T00:02:01.852+0000] {dag.py:3239} INFO - Sync 1 DAGs
[2026-06-11T00:02:01.860+0000] {logging_mixin.py:190} INFO - [2026-06-11T00:02:01.860+0000] {dag.py:4180} INFO - Setting next_dagrun for f1_medallion_pipeline to None, run_after=None
[2026-06-11T00:02:01.871+0000] {processor.py:208} INFO - Processing /opt/airflow/dags/dag.py took 0.063 seconds
[2026-06-11T00:02:32.005+0000] {processor.py:186} INFO - Started process (PID=37542) to work on /opt/airflow/dags/dag.py
[2026-06-11T00:02:32.005+0000] {processor.py:914} INFO - Processing file /opt/airflow/dags/dag.py for tasks to queue
[2026-06-11T00:02:32.007+0000] {logging_mixin.py:190} INFO - [2026-06-11T00:02:32.007+0000] {dagbag.py:588} INFO - Filling up the DagBag from /opt/airflow/dags/dag.py
[2026-06-11T00:02:32.022+0000] {processor.py:925} INFO - DAG(s) 'f1_medallion_pipeline' retrieved from /opt/airflow/dags/dag.py
[2026-06-11T00:02:32.041+0000] {logging_mixin.py:190} INFO - [2026-06-11T00:02:32.041+0000] {dag.py:3239} INFO - Sync 1 DAGs
[2026-06-11T00:02:32.049+0000] {logging_mixin.py:190} INFO - [2026-06-11T00:02:32.049+0000] {dag.py:4180} INFO - Setting next_dagrun for f1_medallion_pipeline to None, run_after=None
[2026-06-11T00:02:32.061+0000] {processor.py:208} INFO - Processing /opt/airflow/dags/dag.py took 0.064 seconds
[2026-06-11T00:03:02.162+0000] {processor.py:186} INFO - Started process (PID=37547) to work on /opt/airflow/dags/dag.py
[2026-06-11T00:03:02.163+0000] {processor.py:914} INFO - Processing file /opt/airflow/dags/dag.py for tasks to queue
[2026-06-11T00:03:02.164+0000] {logging_mixin.py:190} INFO - [2026-06-11T00:03:02.164+0000] {dagbag.py:588} INFO - Filling up the DagBag from /opt/airflow/dags/dag.py
[2026-06-11T00:03:02.182+0000] {processor.py:925} INFO - DAG(s) 'f1_medallion_pipeline' retrieved from /opt/airflow/dags/dag.py
[2026-06-11T00:03:02.201+0000] {logging_mixin.py:190} INFO - [2026-06-11T00:03:02.201+0000] {dag.py:3239} INFO - Sync 1 DAGs
[2026-06-11T00:03:02.209+0000] {logging_mixin.py:190} INFO - [2026-06-11T00:03:02.209+0000] {dag.py:4180} INFO - Setting next_dagrun for f1_medallion_pipeline to None, run_after=None
[2026-06-11T00:03:02.221+0000] {processor.py:208} INFO - Processing /opt/airflow/dags/dag.py took 0.066 seconds
[2026-06-11T00:03:32.358+0000] {processor.py:186} INFO - Started process (PID=37552) to work on /opt/airflow/dags/dag.py
[2026-06-11T00:03:32.359+0000] {processor.py:914} INFO - Processing file /opt/airflow/dags/dag.py for tasks to queue
[2026-06-11T00:03:32.360+0000] {logging_mixin.py:190} INFO - [2026-06-11T00:03:32.360+0000] {dagbag.py:588} INFO - Filling up the DagBag from /opt/airflow/dags/dag.py
[2026-06-11T00:03:32.375+0000] {processor.py:925} INFO - DAG(s) 'f1_medallion_pipeline' retrieved from /opt/airflow/dags/dag.py
[2026-06-11T00:03:32.393+0000] {logging_mixin.py:190} INFO - [2026-06-11T00:03:32.393+0000] {dag.py:3239} INFO - Sync 1 DAGs
[2026-06-11T00:03:32.401+0000] {logging_mixin.py:190} INFO - [2026-06-11T00:03:32.401+0000] {dag.py:4180} INFO - Setting next_dagrun for f1_medallion_pipeline to None, run_after=None
[2026-06-11T00:03:32.413+0000] {processor.py:208} INFO - Processing /opt/airflow/dags/dag.py took 0.062 seconds
[2026-06-11T00:04:02.519+0000] {processor.py:186} INFO - Started process (PID=37557) to work on /opt/airflow/dags/dag.py
[2026-06-11T00:04:02.519+0000] {processor.py:914} INFO - Processing file /opt/airflow/dags/dag.py for tasks to queue
[2026-06-11T00:04:02.521+0000] {logging_mixin.py:190} INFO - [2026-06-11T00:04:02.521+0000] {dagbag.py:588} INFO - Filling up the DagBag from /opt/airflow/dags/dag.py
[2026-06-11T00:04:02.538+0000] {processor.py:925} INFO - DAG(s) 'f1_medallion_pipeline' retrieved from /opt/airflow/dags/dag.py
[2026-06-11T00:04:02.557+0000] {logging_mixin.py:190} INFO - [2026-06-11T00:04:02.557+0000] {dag.py:3239} INFO - Sync 1 DAGs
[2026-06-11T00:04:02.565+0000] {logging_mixin.py:190} INFO - [2026-06-11T00:04:02.565+0000] {dag.py:4180} INFO - Setting next_dagrun for f1_medallion_pipeline to None, run_after=None
[2026-06-11T00:04:02.578+0000] {processor.py:208} INFO - Processing /opt/airflow/dags/dag.py took 0.067 seconds
[2026-06-11T00:04:32.705+0000] {processor.py:186} INFO - Started process (PID=37562) to work on /opt/airflow/dags/dag.py
[2026-06-11T00:04:32.706+0000] {processor.py:914} INFO - Processing file /opt/airflow/dags/dag.py for tasks to queue
[2026-06-11T00:04:32.707+0000] {logging_mixin.py:190} INFO - [2026-06-11T00:04:32.707+0000] {dagbag.py:588} INFO - Filling up the DagBag from /opt/airflow/dags/dag.py
[2026-06-11T00:04:32.723+0000] {processor.py:925} INFO - DAG(s) 'f1_medallion_pipeline' retrieved from /opt/airflow/dags/dag.py
[2026-06-11T00:04:32.740+0000] {logging_mixin.py:190} INFO - [2026-06-11T00:04:32.740+0000] {dag.py:3239} INFO - Sync 1 DAGs
[2026-06-11T00:04:32.747+0000] {logging_mixin.py:190} INFO - [2026-06-11T00:04:32.746+0000] {dag.py:4180} INFO - Setting next_dagrun for f1_medallion_pipeline to None, run_after=None
[2026-06-11T00:04:32.758+0000] {processor.py:208} INFO - Processing /opt/airflow/dags/dag.py took 0.060 seconds
[2026-06-11T00:05:02.874+0000] {processor.py:186} INFO - Started process (PID=37567) to work on /opt/airflow/dags/dag.py
[2026-06-11T00:05:02.875+0000] {processor.py:914} INFO - Processing file /opt/airflow/dags/dag.py for tasks to queue
[2026-06-11T00:05:02.876+0000] {logging_mixin.py:190} INFO - [2026-06-11T00:05:02.876+0000] {dagbag.py:588} INFO - Filling up the DagBag from /opt/airflow/dags/dag.py
[2026-06-11T00:05:02.891+0000] {processor.py:925} INFO - DAG(s) 'f1_medallion_pipeline' retrieved from /opt/airflow/dags/dag.py
[2026-06-11T00:05:02.908+0000] {logging_mixin.py:190} INFO - [2026-06-11T00:05:02.907+0000] {dag.py:3239} INFO - Sync 1 DAGs
[2026-06-11T00:05:02.915+0000] {logging_mixin.py:190} INFO - [2026-06-11T00:05:02.915+0000] {dag.py:4180} INFO - Setting next_dagrun for f1_medallion_pipeline to None, run_after=None
[2026-06-11T00:05:02.927+0000] {processor.py:208} INFO - Processing /opt/airflow/dags/dag.py took 0.060 seconds
[2026-06-11T00:05:33.030+0000] {processor.py:186} INFO - Started process (PID=37572) to work on /opt/airflow/dags/dag.py
[2026-06-11T00:05:33.031+0000] {processor.py:914} INFO - Processing file /opt/airflow/dags/dag.py for tasks to queue
[2026-06-11T00:05:33.032+0000] {logging_mixin.py:190} INFO - [2026-06-11T00:05:33.032+0000] {dagbag.py:588} INFO - Filling up the DagBag from /opt/airflow/dags/dag.py
[2026-06-11T00:05:33.048+0000] {processor.py:925} INFO - DAG(s) 'f1_medallion_pipeline' retrieved from /opt/airflow/dags/dag.py
[2026-06-11T00:05:33.065+0000] {logging_mixin.py:190} INFO - [2026-06-11T00:05:33.065+0000] {dag.py:3239} INFO - Sync 1 DAGs
[2026-06-11T00:05:33.073+0000] {logging_mixin.py:190} INFO - [2026-06-11T00:05:33.073+0000] {dag.py:4180} INFO - Setting next_dagrun for f1_medallion_pipeline to None, run_after=None
[2026-06-11T00:05:33.084+0000] {processor.py:208} INFO - Processing /opt/airflow/dags/dag.py took 0.061 seconds
[2026-06-11T00:06:03.203+0000] {processor.py:186} INFO - Started process (PID=37577) to work on /opt/airflow/dags/dag.py
[2026-06-11T00:06:03.203+0000] {processor.py:914} INFO - Processing file /opt/airflow/dags/dag.py for tasks to queue
[2026-06-11T00:06:03.205+0000] {logging_mixin.py:190} INFO - [2026-06-11T00:06:03.205+0000] {dagbag.py:588} INFO - Filling up the DagBag from /opt/airflow/dags/dag.py
[2026-06-11T00:06:03.219+0000] {processor.py:925} INFO - DAG(s) 'f1_medallion_pipeline' retrieved from /opt/airflow/dags/dag.py
[2026-06-11T00:06:03.238+0000] {logging_mixin.py:190} INFO - [2026-06-11T00:06:03.238+0000] {dag.py:3239} INFO - Sync 1 DAGs
[2026-06-11T00:06:03.246+0000] {logging_mixin.py:190} INFO - [2026-06-11T00:06:03.246+0000] {dag.py:4180} INFO - Setting next_dagrun for f1_medallion_pipeline to None, run_after=None
[2026-06-11T00:06:03.258+0000] {processor.py:208} INFO - Processing /opt/airflow/dags/dag.py took 0.063 seconds
[2026-06-11T00:06:33.352+0000] {processor.py:186} INFO - Started process (PID=37582) to work on /opt/airflow/dags/dag.py
[2026-06-11T00:06:33.353+0000] {processor.py:914} INFO - Processing file /opt/airflow/dags/dag.py for tasks to queue
[2026-06-11T00:06:33.354+0000] {logging_mixin.py:190} INFO - [2026-06-11T00:06:33.354+0000] {dagbag.py:588} INFO - Filling up the DagBag from /opt/airflow/dags/dag.py
[2026-06-11T00:06:33.369+0000] {processor.py:925} INFO - DAG(s) 'f1_medallion_pipeline' retrieved from /opt/airflow/dags/dag.py
[2026-06-11T00:06:33.387+0000] {logging_mixin.py:190} INFO - [2026-06-11T00:06:33.387+0000] {dag.py:3239} INFO - Sync 1 DAGs
[2026-06-11T00:06:33.395+0000] {logging_mixin.py:190} INFO - [2026-06-11T00:06:33.395+0000] {dag.py:4180} INFO - Setting next_dagrun for f1_medallion_pipeline to None, run_after=None
[2026-06-11T00:06:33.406+0000] {processor.py:208} INFO - Processing /opt/airflow/dags/dag.py took 0.061 seconds
[2026-06-11T00:07:03.554+0000] {processor.py:186} INFO - Started process (PID=37587) to work on /opt/airflow/dags/dag.py
[2026-06-11T00:07:03.554+0000] {processor.py:914} INFO - Processing file /opt/airflow/dags/dag.py for tasks to queue
[2026-06-11T00:07:03.556+0000] {logging_mixin.py:190} INFO - [2026-06-11T00:07:03.556+0000] {dagbag.py:588} INFO - Filling up the DagBag from /opt/airflow/dags/dag.py
[2026-06-11T00:07:03.572+0000] {processor.py:925} INFO - DAG(s) 'f1_medallion_pipeline' retrieved from /opt/airflow/dags/dag.py
[2026-06-11T00:07:03.590+0000] {logging_mixin.py:190} INFO - [2026-06-11T00:07:03.590+0000] {dag.py:3239} INFO - Sync 1 DAGs
[2026-06-11T00:07:03.598+0000] {logging_mixin.py:190} INFO - [2026-06-11T00:07:03.598+0000] {dag.py:4180} INFO - Setting next_dagrun for f1_medallion_pipeline to None, run_after=None
[2026-06-11T00:07:03.609+0000] {processor.py:208} INFO - Processing /opt/airflow/dags/dag.py took 0.063 seconds
[2026-06-11T00:07:33.713+0000] {processor.py:186} INFO - Started process (PID=37592) to work on /opt/airflow/dags/dag.py
[2026-06-11T00:07:33.714+0000] {processor.py:914} INFO - Processing file /opt/airflow/dags/dag.py for tasks to queue
[2026-06-11T00:07:33.715+0000] {logging_mixin.py:190} INFO - [2026-06-11T00:07:33.715+0000] {dagbag.py:588} INFO - Filling up the DagBag from /opt/airflow/dags/dag.py
[2026-06-11T00:07:33.732+0000] {processor.py:925} INFO - DAG(s) 'f1_medallion_pipeline' retrieved from /opt/airflow/dags/dag.py
[2026-06-11T00:07:33.751+0000] {logging_mixin.py:190} INFO - [2026-06-11T00:07:33.751+0000] {dag.py:3239} INFO - Sync 1 DAGs
[2026-06-11T00:07:33.759+0000] {logging_mixin.py:190} INFO - [2026-06-11T00:07:33.759+0000] {dag.py:4180} INFO - Setting next_dagrun for f1_medallion_pipeline to None, run_after=None
[2026-06-11T00:07:33.772+0000] {processor.py:208} INFO - Processing /opt/airflow/dags/dag.py took 0.066 seconds
[2026-06-11T00:08:03.898+0000] {processor.py:186} INFO - Started process (PID=37597) to work on /opt/airflow/dags/dag.py
[2026-06-11T00:08:03.898+0000] {processor.py:914} INFO - Processing file /opt/airflow/dags/dag.py for tasks to queue
[2026-06-11T00:08:03.900+0000] {logging_mixin.py:190} INFO - [2026-06-11T00:08:03.900+0000] {dagbag.py:588} INFO - Filling up the DagBag from /opt/airflow/dags/dag.py
[2026-06-11T00:08:03.918+0000] {processor.py:925} INFO - DAG(s) 'f1_medallion_pipeline' retrieved from /opt/airflow/dags/dag.py
[2026-06-11T00:08:03.937+0000] {logging_mixin.py:190} INFO - [2026-06-11T00:08:03.937+0000] {dag.py:3239} INFO - Sync 1 DAGs
[2026-06-11T00:08:03.945+0000] {logging_mixin.py:190} INFO - [2026-06-11T00:08:03.945+0000] {dag.py:4180} INFO - Setting next_dagrun for f1_medallion_pipeline to None, run_after=None
[2026-06-11T00:08:03.957+0000] {processor.py:208} INFO - Processing /opt/airflow/dags/dag.py took 0.067 seconds
[2026-06-11T00:08:34.045+0000] {processor.py:186} INFO - Started process (PID=37602) to work on /opt/airflow/dags/dag.py
[2026-06-11T00:08:34.046+0000] {processor.py:914} INFO - Processing file /opt/airflow/dags/dag.py for tasks to queue
[2026-06-11T00:08:34.048+0000] {logging_mixin.py:190} INFO - [2026-06-11T00:08:34.048+0000] {dagbag.py:588} INFO - Filling up the DagBag from /opt/airflow/dags/dag.py
[2026-06-11T00:08:34.062+0000] {processor.py:925} INFO - DAG(s) 'f1_medallion_pipeline' retrieved from /opt/airflow/dags/dag.py
[2026-06-11T00:08:34.081+0000] {logging_mixin.py:190} INFO - [2026-06-11T00:08:34.081+0000] {dag.py:3239} INFO - Sync 1 DAGs
[2026-06-11T00:08:34.089+0000] {logging_mixin.py:190} INFO - [2026-06-11T00:08:34.089+0000] {dag.py:4180} INFO - Setting next_dagrun for f1_medallion_pipeline to None, run_after=None
[2026-06-11T00:08:34.101+0000] {processor.py:208} INFO - Processing /opt/airflow/dags/dag.py took 0.062 seconds
[2026-06-11T00:09:04.256+0000] {processor.py:186} INFO - Started process (PID=37607) to work on /opt/airflow/dags/dag.py
[2026-06-11T00:09:04.257+0000] {processor.py:914} INFO - Processing file /opt/airflow/dags/dag.py for tasks to queue
[2026-06-11T00:09:04.258+0000] {logging_mixin.py:190} INFO - [2026-06-11T00:09:04.258+0000] {dagbag.py:588} INFO - Filling up the DagBag from /opt/airflow/dags/dag.py
[2026-06-11T00:09:04.273+0000] {processor.py:925} INFO - DAG(s) 'f1_medallion_pipeline' retrieved from /opt/airflow/dags/dag.py
[2026-06-11T00:09:04.292+0000] {logging_mixin.py:190} INFO - [2026-06-11T00:09:04.292+0000] {dag.py:3239} INFO - Sync 1 DAGs
[2026-06-11T00:09:04.299+0000] {logging_mixin.py:190} INFO - [2026-06-11T00:09:04.299+0000] {dag.py:4180} INFO - Setting next_dagrun for f1_medallion_pipeline to None, run_after=None
[2026-06-11T00:09:04.311+0000] {processor.py:208} INFO - Processing /opt/airflow/dags/dag.py took 0.062 seconds
[2026-06-11T00:09:34.421+0000] {processor.py:186} INFO - Started process (PID=37612) to work on /opt/airflow/dags/dag.py
[2026-06-11T00:09:34.421+0000] {processor.py:914} INFO - Processing file /opt/airflow/dags/dag.py for tasks to queue
[2026-06-11T00:09:34.423+0000] {logging_mixin.py:190} INFO - [2026-06-11T00:09:34.422+0000] {dagbag.py:588} INFO - Filling up the DagBag from /opt/airflow/dags/dag.py
[2026-06-11T00:09:34.440+0000] {processor.py:925} INFO - DAG(s) 'f1_medallion_pipeline' retrieved from /opt/airflow/dags/dag.py
[2026-06-11T00:09:34.459+0000] {logging_mixin.py:190} INFO - [2026-06-11T00:09:34.459+0000] {dag.py:3239} INFO - Sync 1 DAGs
[2026-06-11T00:09:34.467+0000] {logging_mixin.py:190} INFO - [2026-06-11T00:09:34.467+0000] {dag.py:4180} INFO - Setting next_dagrun for f1_medallion_pipeline to None, run_after=None
[2026-06-11T00:09:34.479+0000] {processor.py:208} INFO - Processing /opt/airflow/dags/dag.py took 0.066 seconds
[2026-06-11T00:10:04.622+0000] {processor.py:186} INFO - Started process (PID=37617) to work on /opt/airflow/dags/dag.py
[2026-06-11T00:10:04.622+0000] {processor.py:914} INFO - Processing file /opt/airflow/dags/dag.py for tasks to queue
[2026-06-11T00:10:04.624+0000] {logging_mixin.py:190} INFO - [2026-06-11T00:10:04.624+0000] {dagbag.py:588} INFO - Filling up the DagBag from /opt/airflow/dags/dag.py
[2026-06-11T00:10:04.639+0000] {processor.py:925} INFO - DAG(s) 'f1_medallion_pipeline' retrieved from /opt/airflow/dags/dag.py
[2026-06-11T00:10:04.656+0000] {logging_mixin.py:190} INFO - [2026-06-11T00:10:04.656+0000] {dag.py:3239} INFO - Sync 1 DAGs
[2026-06-11T00:10:04.664+0000] {logging_mixin.py:190} INFO - [2026-06-11T00:10:04.664+0000] {dag.py:4180} INFO - Setting next_dagrun for f1_medallion_pipeline to None, run_after=None
[2026-06-11T00:10:04.675+0000] {processor.py:208} INFO - Processing /opt/airflow/dags/dag.py took 0.060 seconds
[2026-06-11T00:10:34.782+0000] {processor.py:186} INFO - Started process (PID=37622) to work on /opt/airflow/dags/dag.py
[2026-06-11T00:10:34.782+0000] {processor.py:914} INFO - Processing file /opt/airflow/dags/dag.py for tasks to queue
[2026-06-11T00:10:34.784+0000] {logging_mixin.py:190} INFO - [2026-06-11T00:10:34.784+0000] {dagbag.py:588} INFO - Filling up the DagBag from /opt/airflow/dags/dag.py
[2026-06-11T00:10:34.800+0000] {processor.py:925} INFO - DAG(s) 'f1_medallion_pipeline' retrieved from /opt/airflow/dags/dag.py
[2026-06-11T00:10:34.818+0000] {logging_mixin.py:190} INFO - [2026-06-11T00:10:34.818+0000] {dag.py:3239} INFO - Sync 1 DAGs
[2026-06-11T00:10:34.826+0000] {logging_mixin.py:190} INFO - [2026-06-11T00:10:34.826+0000] {dag.py:4180} INFO - Setting next_dagrun for f1_medallion_pipeline to None, run_after=None
[2026-06-11T00:10:34.839+0000] {processor.py:208} INFO - Processing /opt/airflow/dags/dag.py took 0.064 seconds
[2026-06-11T00:11:04.963+0000] {processor.py:186} INFO - Started process (PID=37627) to work on /opt/airflow/dags/dag.py
[2026-06-11T00:11:04.963+0000] {processor.py:914} INFO - Processing file /opt/airflow/dags/dag.py for tasks to queue
[2026-06-11T00:11:04.965+0000] {logging_mixin.py:190} INFO - [2026-06-11T00:11:04.964+0000] {dagbag.py:588} INFO - Filling up the DagBag from /opt/airflow/dags/dag.py
[2026-06-11T00:11:04.980+0000] {processor.py:925} INFO - DAG(s) 'f1_medallion_pipeline' retrieved from /opt/airflow/dags/dag.py
[2026-06-11T00:11:04.998+0000] {logging_mixin.py:190} INFO - [2026-06-11T00:11:04.998+0000] {dag.py:3239} INFO - Sync 1 DAGs
[2026-06-11T00:11:05.007+0000] {logging_mixin.py:190} INFO - [2026-06-11T00:11:05.007+0000] {dag.py:4180} INFO - Setting next_dagrun for f1_medallion_pipeline to None, run_after=None
[2026-06-11T00:11:05.019+0000] {processor.py:208} INFO - Processing /opt/airflow/dags/dag.py took 0.064 seconds
[2026-06-11T00:11:35.121+0000] {processor.py:186} INFO - Started process (PID=37632) to work on /opt/airflow/dags/dag.py
[2026-06-11T00:11:35.122+0000] {processor.py:914} INFO - Processing file /opt/airflow/dags/dag.py for tasks to queue
[2026-06-11T00:11:35.123+0000] {logging_mixin.py:190} INFO - [2026-06-11T00:11:35.123+0000] {dagbag.py:588} INFO - Filling up the DagBag from /opt/airflow/dags/dag.py
[2026-06-11T00:11:35.138+0000] {processor.py:925} INFO - DAG(s) 'f1_medallion_pipeline' retrieved from /opt/airflow/dags/dag.py
[2026-06-11T00:11:35.157+0000] {logging_mixin.py:190} INFO - [2026-06-11T00:11:35.156+0000] {dag.py:3239} INFO - Sync 1 DAGs
[2026-06-11T00:11:35.164+0000] {logging_mixin.py:190} INFO - [2026-06-11T00:11:35.164+0000] {dag.py:4180} INFO - Setting next_dagrun for f1_medallion_pipeline to None, run_after=None
[2026-06-11T00:11:35.177+0000] {processor.py:208} INFO - Processing /opt/airflow/dags/dag.py took 0.063 seconds
[2026-06-11T00:12:05.307+0000] {processor.py:186} INFO - Started process (PID=37637) to work on /opt/airflow/dags/dag.py
[2026-06-11T00:12:05.308+0000] {processor.py:914} INFO - Processing file /opt/airflow/dags/dag.py for tasks to queue
[2026-06-11T00:12:05.309+0000] {logging_mixin.py:190} INFO - [2026-06-11T00:12:05.309+0000] {dagbag.py:588} INFO - Filling up the DagBag from /opt/airflow/dags/dag.py
[2026-06-11T00:12:05.324+0000] {processor.py:925} INFO - DAG(s) 'f1_medallion_pipeline' retrieved from /opt/airflow/dags/dag.py
[2026-06-11T00:12:05.343+0000] {logging_mixin.py:190} INFO - [2026-06-11T00:12:05.343+0000] {dag.py:3239} INFO - Sync 1 DAGs
[2026-06-11T00:12:05.350+0000] {logging_mixin.py:190} INFO - [2026-06-11T00:12:05.350+0000] {dag.py:4180} INFO - Setting next_dagrun for f1_medallion_pipeline to None, run_after=None
[2026-06-11T00:12:05.363+0000] {processor.py:208} INFO - Processing /opt/airflow/dags/dag.py took 0.062 seconds
[2026-06-11T00:12:35.476+0000] {processor.py:186} INFO - Started process (PID=37642) to work on /opt/airflow/dags/dag.py
[2026-06-11T00:12:35.477+0000] {processor.py:914} INFO - Processing file /opt/airflow/dags/dag.py for tasks to queue
[2026-06-11T00:12:35.478+0000] {logging_mixin.py:190} INFO - [2026-06-11T00:12:35.478+0000] {dagbag.py:588} INFO - Filling up the DagBag from /opt/airflow/dags/dag.py
[2026-06-11T00:12:35.495+0000] {processor.py:925} INFO - DAG(s) 'f1_medallion_pipeline' retrieved from /opt/airflow/dags/dag.py
[2026-06-11T00:12:35.513+0000] {logging_mixin.py:190} INFO - [2026-06-11T00:12:35.513+0000] {dag.py:3239} INFO - Sync 1 DAGs
[2026-06-11T00:12:35.521+0000] {logging_mixin.py:190} INFO - [2026-06-11T00:12:35.521+0000] {dag.py:4180} INFO - Setting next_dagrun for f1_medallion_pipeline to None, run_after=None
[2026-06-11T00:12:35.533+0000] {processor.py:208} INFO - Processing /opt/airflow/dags/dag.py took 0.065 seconds
[2026-06-11T00:13:05.661+0000] {processor.py:186} INFO - Started process (PID=37647) to work on /opt/airflow/dags/dag.py
[2026-06-11T00:13:05.662+0000] {processor.py:914} INFO - Processing file /opt/airflow/dags/dag.py for tasks to queue
[2026-06-11T00:13:05.663+0000] {logging_mixin.py:190} INFO - [2026-06-11T00:13:05.663+0000] {dagbag.py:588} INFO - Filling up the DagBag from /opt/airflow/dags/dag.py
[2026-06-11T00:13:05.678+0000] {processor.py:925} INFO - DAG(s) 'f1_medallion_pipeline' retrieved from /opt/airflow/dags/dag.py
[2026-06-11T00:13:05.695+0000] {logging_mixin.py:190} INFO - [2026-06-11T00:13:05.695+0000] {dag.py:3239} INFO - Sync 1 DAGs
[2026-06-11T00:13:05.703+0000] {logging_mixin.py:190} INFO - [2026-06-11T00:13:05.703+0000] {dag.py:4180} INFO - Setting next_dagrun for f1_medallion_pipeline to None, run_after=None
[2026-06-11T00:13:05.715+0000] {processor.py:208} INFO - Processing /opt/airflow/dags/dag.py took 0.061 seconds
[2026-06-11T00:13:35.831+0000] {processor.py:186} INFO - Started process (PID=37652) to work on /opt/airflow/dags/dag.py
[2026-06-11T00:13:35.832+0000] {processor.py:914} INFO - Processing file /opt/airflow/dags/dag.py for tasks to queue
[2026-06-11T00:13:35.834+0000] {logging_mixin.py:190} INFO - [2026-06-11T00:13:35.833+0000] {dagbag.py:588} INFO - Filling up the DagBag from /opt/airflow/dags/dag.py
[2026-06-11T00:13:35.849+0000] {processor.py:925} INFO - DAG(s) 'f1_medallion_pipeline' retrieved from /opt/airflow/dags/dag.py
[2026-06-11T00:13:35.867+0000] {logging_mixin.py:190} INFO - [2026-06-11T00:13:35.867+0000] {dag.py:3239} INFO - Sync 1 DAGs
[2026-06-11T00:13:35.875+0000] {logging_mixin.py:190} INFO - [2026-06-11T00:13:35.875+0000] {dag.py:4180} INFO - Setting next_dagrun for f1_medallion_pipeline to None, run_after=None
[2026-06-11T00:13:35.887+0000] {processor.py:208} INFO - Processing /opt/airflow/dags/dag.py took 0.063 seconds
[2026-06-11T00:14:06.010+0000] {processor.py:186} INFO - Started process (PID=37657) to work on /opt/airflow/dags/dag.py
[2026-06-11T00:14:06.011+0000] {processor.py:914} INFO - Processing file /opt/airflow/dags/dag.py for tasks to queue
[2026-06-11T00:14:06.012+0000] {logging_mixin.py:190} INFO - [2026-06-11T00:14:06.012+0000] {dagbag.py:588} INFO - Filling up the DagBag from /opt/airflow/dags/dag.py
[2026-06-11T00:14:06.027+0000] {processor.py:925} INFO - DAG(s) 'f1_medallion_pipeline' retrieved from /opt/airflow/dags/dag.py
[2026-06-11T00:14:06.046+0000] {logging_mixin.py:190} INFO - [2026-06-11T00:14:06.046+0000] {dag.py:3239} INFO - Sync 1 DAGs
[2026-06-11T00:14:06.054+0000] {logging_mixin.py:190} INFO - [2026-06-11T00:14:06.054+0000] {dag.py:4180} INFO - Setting next_dagrun for f1_medallion_pipeline to None, run_after=None
[2026-06-11T00:14:06.067+0000] {processor.py:208} INFO - Processing /opt/airflow/dags/dag.py took 0.064 seconds
[2026-06-11T00:14:36.156+0000] {processor.py:186} INFO - Started process (PID=37662) to work on /opt/airflow/dags/dag.py
[2026-06-11T00:14:36.157+0000] {processor.py:914} INFO - Processing file /opt/airflow/dags/dag.py for tasks to queue
[2026-06-11T00:14:36.158+0000] {logging_mixin.py:190} INFO - [2026-06-11T00:14:36.158+0000] {dagbag.py:588} INFO - Filling up the DagBag from /opt/airflow/dags/dag.py
[2026-06-11T00:14:36.177+0000] {processor.py:925} INFO - DAG(s) 'f1_medallion_pipeline' retrieved from /opt/airflow/dags/dag.py
[2026-06-11T00:14:36.196+0000] {logging_mixin.py:190} INFO - [2026-06-11T00:14:36.196+0000] {dag.py:3239} INFO - Sync 1 DAGs
[2026-06-11T00:14:36.204+0000] {logging_mixin.py:190} INFO - [2026-06-11T00:14:36.204+0000] {dag.py:4180} INFO - Setting next_dagrun for f1_medallion_pipeline to None, run_after=None
[2026-06-11T00:14:36.215+0000] {processor.py:208} INFO - Processing /opt/airflow/dags/dag.py took 0.066 seconds
[2026-06-11T00:15:06.372+0000] {processor.py:186} INFO - Started process (PID=37667) to work on /opt/airflow/dags/dag.py
[2026-06-11T00:15:06.373+0000] {processor.py:914} INFO - Processing file /opt/airflow/dags/dag.py for tasks to queue
[2026-06-11T00:15:06.374+0000] {logging_mixin.py:190} INFO - [2026-06-11T00:15:06.374+0000] {dagbag.py:588} INFO - Filling up the DagBag from /opt/airflow/dags/dag.py
[2026-06-11T00:15:06.389+0000] {processor.py:925} INFO - DAG(s) 'f1_medallion_pipeline' retrieved from /opt/airflow/dags/dag.py
[2026-06-11T00:15:06.408+0000] {logging_mixin.py:190} INFO - [2026-06-11T00:15:06.407+0000] {dag.py:3239} INFO - Sync 1 DAGs
[2026-06-11T00:15:06.415+0000] {logging_mixin.py:190} INFO - [2026-06-11T00:15:06.415+0000] {dag.py:4180} INFO - Setting next_dagrun for f1_medallion_pipeline to None, run_after=None
[2026-06-11T00:15:06.427+0000] {processor.py:208} INFO - Processing /opt/airflow/dags/dag.py took 0.061 seconds
[2026-06-11T00:15:36.529+0000] {processor.py:186} INFO - Started process (PID=37672) to work on /opt/airflow/dags/dag.py
[2026-06-11T00:15:36.529+0000] {processor.py:914} INFO - Processing file /opt/airflow/dags/dag.py for tasks to queue
[2026-06-11T00:15:36.531+0000] {logging_mixin.py:190} INFO - [2026-06-11T00:15:36.531+0000] {dagbag.py:588} INFO - Filling up the DagBag from /opt/airflow/dags/dag.py
[2026-06-11T00:15:36.546+0000] {processor.py:925} INFO - DAG(s) 'f1_medallion_pipeline' retrieved from /opt/airflow/dags/dag.py
[2026-06-11T00:15:36.564+0000] {logging_mixin.py:190} INFO - [2026-06-11T00:15:36.564+0000] {dag.py:3239} INFO - Sync 1 DAGs
[2026-06-11T00:15:36.572+0000] {logging_mixin.py:190} INFO - [2026-06-11T00:15:36.572+0000] {dag.py:4180} INFO - Setting next_dagrun for f1_medallion_pipeline to None, run_after=None
[2026-06-11T00:15:36.584+0000] {processor.py:208} INFO - Processing /opt/airflow/dags/dag.py took 0.062 seconds
[2026-06-11T00:16:06.732+0000] {processor.py:186} INFO - Started process (PID=37677) to work on /opt/airflow/dags/dag.py
[2026-06-11T00:16:06.733+0000] {processor.py:914} INFO - Processing file /opt/airflow/dags/dag.py for tasks to queue
[2026-06-11T00:16:06.734+0000] {logging_mixin.py:190} INFO - [2026-06-11T00:16:06.734+0000] {dagbag.py:588} INFO - Filling up the DagBag from /opt/airflow/dags/dag.py
[2026-06-11T00:16:06.749+0000] {processor.py:925} INFO - DAG(s) 'f1_medallion_pipeline' retrieved from /opt/airflow/dags/dag.py
[2026-06-11T00:16:06.767+0000] {logging_mixin.py:190} INFO - [2026-06-11T00:16:06.767+0000] {dag.py:3239} INFO - Sync 1 DAGs
[2026-06-11T00:16:06.775+0000] {logging_mixin.py:190} INFO - [2026-06-11T00:16:06.775+0000] {dag.py:4180} INFO - Setting next_dagrun for f1_medallion_pipeline to None, run_after=None
[2026-06-11T00:16:06.786+0000] {processor.py:208} INFO - Processing /opt/airflow/dags/dag.py took 0.061 seconds
[2026-06-11T00:16:36.893+0000] {processor.py:186} INFO - Started process (PID=37682) to work on /opt/airflow/dags/dag.py
[2026-06-11T00:16:36.893+0000] {processor.py:914} INFO - Processing file /opt/airflow/dags/dag.py for tasks to queue
[2026-06-11T00:16:36.894+0000] {logging_mixin.py:190} INFO - [2026-06-11T00:16:36.894+0000] {dagbag.py:588} INFO - Filling up the DagBag from /opt/airflow/dags/dag.py
[2026-06-11T00:16:36.910+0000] {processor.py:925} INFO - DAG(s) 'f1_medallion_pipeline' retrieved from /opt/airflow/dags/dag.py
[2026-06-11T00:16:36.927+0000] {logging_mixin.py:190} INFO - [2026-06-11T00:16:36.927+0000] {dag.py:3239} INFO - Sync 1 DAGs
[2026-06-11T00:16:36.935+0000] {logging_mixin.py:190} INFO - [2026-06-11T00:16:36.935+0000] {dag.py:4180} INFO - Setting next_dagrun for f1_medallion_pipeline to None, run_after=None
[2026-06-11T00:16:36.947+0000] {processor.py:208} INFO - Processing /opt/airflow/dags/dag.py took 0.061 seconds
[2026-06-11T00:17:07.084+0000] {processor.py:186} INFO - Started process (PID=37687) to work on /opt/airflow/dags/dag.py
[2026-06-11T00:17:07.085+0000] {processor.py:914} INFO - Processing file /opt/airflow/dags/dag.py for tasks to queue
[2026-06-11T00:17:07.086+0000] {logging_mixin.py:190} INFO - [2026-06-11T00:17:07.086+0000] {dagbag.py:588} INFO - Filling up the DagBag from /opt/airflow/dags/dag.py
[2026-06-11T00:17:07.101+0000] {processor.py:925} INFO - DAG(s) 'f1_medallion_pipeline' retrieved from /opt/airflow/dags/dag.py
[2026-06-11T00:17:07.121+0000] {logging_mixin.py:190} INFO - [2026-06-11T00:17:07.121+0000] {dag.py:3239} INFO - Sync 1 DAGs
[2026-06-11T00:17:07.129+0000] {logging_mixin.py:190} INFO - [2026-06-11T00:17:07.129+0000] {dag.py:4180} INFO - Setting next_dagrun for f1_medallion_pipeline to None, run_after=None
[2026-06-11T00:17:07.141+0000] {processor.py:208} INFO - Processing /opt/airflow/dags/dag.py took 0.064 seconds
[2026-06-11T00:17:37.242+0000] {processor.py:186} INFO - Started process (PID=37692) to work on /opt/airflow/dags/dag.py
[2026-06-11T00:17:37.243+0000] {processor.py:914} INFO - Processing file /opt/airflow/dags/dag.py for tasks to queue
[2026-06-11T00:17:37.245+0000] {logging_mixin.py:190} INFO - [2026-06-11T00:17:37.244+0000] {dagbag.py:588} INFO - Filling up the DagBag from /opt/airflow/dags/dag.py
[2026-06-11T00:17:37.261+0000] {processor.py:925} INFO - DAG(s) 'f1_medallion_pipeline' retrieved from /opt/airflow/dags/dag.py
[2026-06-11T00:17:37.280+0000] {logging_mixin.py:190} INFO - [2026-06-11T00:17:37.280+0000] {dag.py:3239} INFO - Sync 1 DAGs
[2026-06-11T00:17:37.288+0000] {logging_mixin.py:190} INFO - [2026-06-11T00:17:37.288+0000] {dag.py:4180} INFO - Setting next_dagrun for f1_medallion_pipeline to None, run_after=None
[2026-06-11T00:17:37.300+0000] {processor.py:208} INFO - Processing /opt/airflow/dags/dag.py took 0.065 seconds
[2026-06-11T00:18:07.424+0000] {processor.py:186} INFO - Started process (PID=37697) to work on /opt/airflow/dags/dag.py
[2026-06-11T00:18:07.425+0000] {processor.py:914} INFO - Processing file /opt/airflow/dags/dag.py for tasks to queue
[2026-06-11T00:18:07.426+0000] {logging_mixin.py:190} INFO - [2026-06-11T00:18:07.426+0000] {dagbag.py:588} INFO - Filling up the DagBag from /opt/airflow/dags/dag.py
[2026-06-11T00:18:07.443+0000] {processor.py:925} INFO - DAG(s) 'f1_medallion_pipeline' retrieved from /opt/airflow/dags/dag.py
[2026-06-11T00:18:07.462+0000] {logging_mixin.py:190} INFO - [2026-06-11T00:18:07.462+0000] {dag.py:3239} INFO - Sync 1 DAGs
[2026-06-11T00:18:07.470+0000] {logging_mixin.py:190} INFO - [2026-06-11T00:18:07.470+0000] {dag.py:4180} INFO - Setting next_dagrun for f1_medallion_pipeline to None, run_after=None
[2026-06-11T00:18:07.482+0000] {processor.py:208} INFO - Processing /opt/airflow/dags/dag.py took 0.066 seconds
[2026-06-11T00:18:37.576+0000] {processor.py:186} INFO - Started process (PID=37702) to work on /opt/airflow/dags/dag.py
[2026-06-11T00:18:37.577+0000] {processor.py:914} INFO - Processing file /opt/airflow/dags/dag.py for tasks to queue
[2026-06-11T00:18:37.579+0000] {logging_mixin.py:190} INFO - [2026-06-11T00:18:37.578+0000] {dagbag.py:588} INFO - Filling up the DagBag from /opt/airflow/dags/dag.py
[2026-06-11T00:18:37.593+0000] {processor.py:925} INFO - DAG(s) 'f1_medallion_pipeline' retrieved from /opt/airflow/dags/dag.py
[2026-06-11T00:18:37.612+0000] {logging_mixin.py:190} INFO - [2026-06-11T00:18:37.612+0000] {dag.py:3239} INFO - Sync 1 DAGs
[2026-06-11T00:18:37.620+0000] {logging_mixin.py:190} INFO - [2026-06-11T00:18:37.620+0000] {dag.py:4180} INFO - Setting next_dagrun for f1_medallion_pipeline to None, run_after=None
[2026-06-11T00:18:37.632+0000] {processor.py:208} INFO - Processing /opt/airflow/dags/dag.py took 0.062 seconds
[2026-06-11T00:19:07.788+0000] {processor.py:186} INFO - Started process (PID=37707) to work on /opt/airflow/dags/dag.py
[2026-06-11T00:19:07.788+0000] {processor.py:914} INFO - Processing file /opt/airflow/dags/dag.py for tasks to queue
[2026-06-11T00:19:07.790+0000] {logging_mixin.py:190} INFO - [2026-06-11T00:19:07.789+0000] {dagbag.py:588} INFO - Filling up the DagBag from /opt/airflow/dags/dag.py
[2026-06-11T00:19:07.805+0000] {processor.py:925} INFO - DAG(s) 'f1_medallion_pipeline' retrieved from /opt/airflow/dags/dag.py
[2026-06-11T00:19:07.823+0000] {logging_mixin.py:190} INFO - [2026-06-11T00:19:07.823+0000] {dag.py:3239} INFO - Sync 1 DAGs
[2026-06-11T00:19:07.831+0000] {logging_mixin.py:190} INFO - [2026-06-11T00:19:07.831+0000] {dag.py:4180} INFO - Setting next_dagrun for f1_medallion_pipeline to None, run_after=None
[2026-06-11T00:19:07.842+0000] {processor.py:208} INFO - Processing /opt/airflow/dags/dag.py took 0.061 seconds
[2026-06-11T00:19:37.947+0000] {processor.py:186} INFO - Started process (PID=37712) to work on /opt/airflow/dags/dag.py
[2026-06-11T00:19:37.948+0000] {processor.py:914} INFO - Processing file /opt/airflow/dags/dag.py for tasks to queue
[2026-06-11T00:19:37.949+0000] {logging_mixin.py:190} INFO - [2026-06-11T00:19:37.949+0000] {dagbag.py:588} INFO - Filling up the DagBag from /opt/airflow/dags/dag.py
[2026-06-11T00:19:37.964+0000] {processor.py:925} INFO - DAG(s) 'f1_medallion_pipeline' retrieved from /opt/airflow/dags/dag.py
[2026-06-11T00:19:37.983+0000] {logging_mixin.py:190} INFO - [2026-06-11T00:19:37.983+0000] {dag.py:3239} INFO - Sync 1 DAGs
[2026-06-11T00:19:37.991+0000] {logging_mixin.py:190} INFO - [2026-06-11T00:19:37.991+0000] {dag.py:4180} INFO - Setting next_dagrun for f1_medallion_pipeline to None, run_after=None
[2026-06-11T00:19:38.003+0000] {processor.py:208} INFO - Processing /opt/airflow/dags/dag.py took 0.064 seconds
[2026-06-11T00:20:08.157+0000] {processor.py:186} INFO - Started process (PID=37717) to work on /opt/airflow/dags/dag.py
[2026-06-11T00:20:08.158+0000] {processor.py:914} INFO - Processing file /opt/airflow/dags/dag.py for tasks to queue
[2026-06-11T00:20:08.159+0000] {logging_mixin.py:190} INFO - [2026-06-11T00:20:08.159+0000] {dagbag.py:588} INFO - Filling up the DagBag from /opt/airflow/dags/dag.py
[2026-06-11T00:20:08.173+0000] {processor.py:925} INFO - DAG(s) 'f1_medallion_pipeline' retrieved from /opt/airflow/dags/dag.py
[2026-06-11T00:20:08.191+0000] {logging_mixin.py:190} INFO - [2026-06-11T00:20:08.191+0000] {dag.py:3239} INFO - Sync 1 DAGs
[2026-06-11T00:20:08.200+0000] {logging_mixin.py:190} INFO - [2026-06-11T00:20:08.200+0000] {dag.py:4180} INFO - Setting next_dagrun for f1_medallion_pipeline to None, run_after=None
[2026-06-11T00:20:08.212+0000] {processor.py:208} INFO - Processing /opt/airflow/dags/dag.py took 0.062 seconds
[2026-06-11T00:20:38.319+0000] {processor.py:186} INFO - Started process (PID=37722) to work on /opt/airflow/dags/dag.py
[2026-06-11T00:20:38.319+0000] {processor.py:914} INFO - Processing file /opt/airflow/dags/dag.py for tasks to queue
[2026-06-11T00:20:38.321+0000] {logging_mixin.py:190} INFO - [2026-06-11T00:20:38.321+0000] {dagbag.py:588} INFO - Filling up the DagBag from /opt/airflow/dags/dag.py
[2026-06-11T00:20:38.336+0000] {processor.py:925} INFO - DAG(s) 'f1_medallion_pipeline' retrieved from /opt/airflow/dags/dag.py
[2026-06-11T00:20:38.353+0000] {logging_mixin.py:190} INFO - [2026-06-11T00:20:38.353+0000] {dag.py:3239} INFO - Sync 1 DAGs
[2026-06-11T00:20:38.361+0000] {logging_mixin.py:190} INFO - [2026-06-11T00:20:38.361+0000] {dag.py:4180} INFO - Setting next_dagrun for f1_medallion_pipeline to None, run_after=None
[2026-06-11T00:20:38.373+0000] {processor.py:208} INFO - Processing /opt/airflow/dags/dag.py took 0.061 seconds
[2026-06-11T00:21:08.494+0000] {processor.py:186} INFO - Started process (PID=37727) to work on /opt/airflow/dags/dag.py
[2026-06-11T00:21:08.494+0000] {processor.py:914} INFO - Processing file /opt/airflow/dags/dag.py for tasks to queue
[2026-06-11T00:21:08.496+0000] {logging_mixin.py:190} INFO - [2026-06-11T00:21:08.496+0000] {dagbag.py:588} INFO - Filling up the DagBag from /opt/airflow/dags/dag.py
[2026-06-11T00:21:08.510+0000] {processor.py:925} INFO - DAG(s) 'f1_medallion_pipeline' retrieved from /opt/airflow/dags/dag.py
[2026-06-11T00:21:08.529+0000] {logging_mixin.py:190} INFO - [2026-06-11T00:21:08.529+0000] {dag.py:3239} INFO - Sync 1 DAGs
[2026-06-11T00:21:08.537+0000] {logging_mixin.py:190} INFO - [2026-06-11T00:21:08.536+0000] {dag.py:4180} INFO - Setting next_dagrun for f1_medallion_pipeline to None, run_after=None
[2026-06-11T00:21:08.549+0000] {processor.py:208} INFO - Processing /opt/airflow/dags/dag.py took 0.062 seconds
[2026-06-11T00:21:38.673+0000] {processor.py:186} INFO - Started process (PID=37732) to work on /opt/airflow/dags/dag.py
[2026-06-11T00:21:38.674+0000] {processor.py:914} INFO - Processing file /opt/airflow/dags/dag.py for tasks to queue
[2026-06-11T00:21:38.675+0000] {logging_mixin.py:190} INFO - [2026-06-11T00:21:38.675+0000] {dagbag.py:588} INFO - Filling up the DagBag from /opt/airflow/dags/dag.py
[2026-06-11T00:21:38.689+0000] {processor.py:925} INFO - DAG(s) 'f1_medallion_pipeline' retrieved from /opt/airflow/dags/dag.py
[2026-06-11T00:21:38.709+0000] {logging_mixin.py:190} INFO - [2026-06-11T00:21:38.709+0000] {dag.py:3239} INFO - Sync 1 DAGs
[2026-06-11T00:21:38.718+0000] {logging_mixin.py:190} INFO - [2026-06-11T00:21:38.718+0000] {dag.py:4180} INFO - Setting next_dagrun for f1_medallion_pipeline to None, run_after=None
[2026-06-11T00:21:38.730+0000] {processor.py:208} INFO - Processing /opt/airflow/dags/dag.py took 0.065 seconds
[2026-06-11T00:22:08.840+0000] {processor.py:186} INFO - Started process (PID=37737) to work on /opt/airflow/dags/dag.py
[2026-06-11T00:22:08.841+0000] {processor.py:914} INFO - Processing file /opt/airflow/dags/dag.py for tasks to queue
[2026-06-11T00:22:08.842+0000] {logging_mixin.py:190} INFO - [2026-06-11T00:22:08.842+0000] {dagbag.py:588} INFO - Filling up the DagBag from /opt/airflow/dags/dag.py
[2026-06-11T00:22:08.857+0000] {processor.py:925} INFO - DAG(s) 'f1_medallion_pipeline' retrieved from /opt/airflow/dags/dag.py
[2026-06-11T00:22:08.875+0000] {logging_mixin.py:190} INFO - [2026-06-11T00:22:08.875+0000] {dag.py:3239} INFO - Sync 1 DAGs
[2026-06-11T00:22:08.883+0000] {logging_mixin.py:190} INFO - [2026-06-11T00:22:08.883+0000] {dag.py:4180} INFO - Setting next_dagrun for f1_medallion_pipeline to None, run_after=None
[2026-06-11T00:22:08.894+0000] {processor.py:208} INFO - Processing /opt/airflow/dags/dag.py took 0.061 seconds
[2026-06-11T00:22:39.026+0000] {processor.py:186} INFO - Started process (PID=37742) to work on /opt/airflow/dags/dag.py
[2026-06-11T00:22:39.026+0000] {processor.py:914} INFO - Processing file /opt/airflow/dags/dag.py for tasks to queue
[2026-06-11T00:22:39.028+0000] {logging_mixin.py:190} INFO - [2026-06-11T00:22:39.027+0000] {dagbag.py:588} INFO - Filling up the DagBag from /opt/airflow/dags/dag.py
[2026-06-11T00:22:39.042+0000] {processor.py:925} INFO - DAG(s) 'f1_medallion_pipeline' retrieved from /opt/airflow/dags/dag.py
[2026-06-11T00:22:39.062+0000] {logging_mixin.py:190} INFO - [2026-06-11T00:22:39.062+0000] {dag.py:3239} INFO - Sync 1 DAGs
[2026-06-11T00:22:39.070+0000] {logging_mixin.py:190} INFO - [2026-06-11T00:22:39.070+0000] {dag.py:4180} INFO - Setting next_dagrun for f1_medallion_pipeline to None, run_after=None
[2026-06-11T00:22:39.081+0000] {processor.py:208} INFO - Processing /opt/airflow/dags/dag.py took 0.062 seconds
[2026-06-11T00:23:09.190+0000] {processor.py:186} INFO - Started process (PID=37747) to work on /opt/airflow/dags/dag.py
[2026-06-11T00:23:09.191+0000] {processor.py:914} INFO - Processing file /opt/airflow/dags/dag.py for tasks to queue
[2026-06-11T00:23:09.193+0000] {logging_mixin.py:190} INFO - [2026-06-11T00:23:09.192+0000] {dagbag.py:588} INFO - Filling up the DagBag from /opt/airflow/dags/dag.py
[2026-06-11T00:23:09.207+0000] {processor.py:925} INFO - DAG(s) 'f1_medallion_pipeline' retrieved from /opt/airflow/dags/dag.py
[2026-06-11T00:23:09.227+0000] {logging_mixin.py:190} INFO - [2026-06-11T00:23:09.226+0000] {dag.py:3239} INFO - Sync 1 DAGs
[2026-06-11T00:23:09.234+0000] {logging_mixin.py:190} INFO - [2026-06-11T00:23:09.234+0000] {dag.py:4180} INFO - Setting next_dagrun for f1_medallion_pipeline to None, run_after=None
[2026-06-11T00:23:09.246+0000] {processor.py:208} INFO - Processing /opt/airflow/dags/dag.py took 0.063 seconds
[2026-06-11T00:23:39.370+0000] {processor.py:186} INFO - Started process (PID=37752) to work on /opt/airflow/dags/dag.py
[2026-06-11T00:23:39.371+0000] {processor.py:914} INFO - Processing file /opt/airflow/dags/dag.py for tasks to queue
[2026-06-11T00:23:39.372+0000] {logging_mixin.py:190} INFO - [2026-06-11T00:23:39.372+0000] {dagbag.py:588} INFO - Filling up the DagBag from /opt/airflow/dags/dag.py
[2026-06-11T00:23:39.387+0000] {processor.py:925} INFO - DAG(s) 'f1_medallion_pipeline' retrieved from /opt/airflow/dags/dag.py
[2026-06-11T00:23:39.405+0000] {logging_mixin.py:190} INFO - [2026-06-11T00:23:39.404+0000] {dag.py:3239} INFO - Sync 1 DAGs
[2026-06-11T00:23:39.412+0000] {logging_mixin.py:190} INFO - [2026-06-11T00:23:39.412+0000] {dag.py:4180} INFO - Setting next_dagrun for f1_medallion_pipeline to None, run_after=None
[2026-06-11T00:23:39.424+0000] {processor.py:208} INFO - Processing /opt/airflow/dags/dag.py took 0.060 seconds
[2026-06-11T00:24:09.532+0000] {processor.py:186} INFO - Started process (PID=37757) to work on /opt/airflow/dags/dag.py
[2026-06-11T00:24:09.532+0000] {processor.py:914} INFO - Processing file /opt/airflow/dags/dag.py for tasks to queue
[2026-06-11T00:24:09.534+0000] {logging_mixin.py:190} INFO - [2026-06-11T00:24:09.533+0000] {dagbag.py:588} INFO - Filling up the DagBag from /opt/airflow/dags/dag.py
[2026-06-11T00:24:09.549+0000] {processor.py:925} INFO - DAG(s) 'f1_medallion_pipeline' retrieved from /opt/airflow/dags/dag.py
[2026-06-11T00:24:09.567+0000] {logging_mixin.py:190} INFO - [2026-06-11T00:24:09.567+0000] {dag.py:3239} INFO - Sync 1 DAGs
[2026-06-11T00:24:09.575+0000] {logging_mixin.py:190} INFO - [2026-06-11T00:24:09.575+0000] {dag.py:4180} INFO - Setting next_dagrun for f1_medallion_pipeline to None, run_after=None
[2026-06-11T00:24:09.586+0000] {processor.py:208} INFO - Processing /opt/airflow/dags/dag.py took 0.062 seconds
[2026-06-11T00:24:39.732+0000] {processor.py:186} INFO - Started process (PID=37762) to work on /opt/airflow/dags/dag.py
[2026-06-11T00:24:39.733+0000] {processor.py:914} INFO - Processing file /opt/airflow/dags/dag.py for tasks to queue
[2026-06-11T00:24:39.734+0000] {logging_mixin.py:190} INFO - [2026-06-11T00:24:39.734+0000] {dagbag.py:588} INFO - Filling up the DagBag from /opt/airflow/dags/dag.py
[2026-06-11T00:24:39.749+0000] {processor.py:925} INFO - DAG(s) 'f1_medallion_pipeline' retrieved from /opt/airflow/dags/dag.py
[2026-06-11T00:24:39.768+0000] {logging_mixin.py:190} INFO - [2026-06-11T00:24:39.767+0000] {dag.py:3239} INFO - Sync 1 DAGs
[2026-06-11T00:24:39.776+0000] {logging_mixin.py:190} INFO - [2026-06-11T00:24:39.776+0000] {dag.py:4180} INFO - Setting next_dagrun for f1_medallion_pipeline to None, run_after=None
[2026-06-11T00:24:39.788+0000] {processor.py:208} INFO - Processing /opt/airflow/dags/dag.py took 0.062 seconds
[2026-06-11T00:25:09.885+0000] {processor.py:186} INFO - Started process (PID=37767) to work on /opt/airflow/dags/dag.py
[2026-06-11T00:25:09.885+0000] {processor.py:914} INFO - Processing file /opt/airflow/dags/dag.py for tasks to queue
[2026-06-11T00:25:09.887+0000] {logging_mixin.py:190} INFO - [2026-06-11T00:25:09.887+0000] {dagbag.py:588} INFO - Filling up the DagBag from /opt/airflow/dags/dag.py
[2026-06-11T00:25:09.901+0000] {processor.py:925} INFO - DAG(s) 'f1_medallion_pipeline' retrieved from /opt/airflow/dags/dag.py
[2026-06-11T00:25:09.920+0000] {logging_mixin.py:190} INFO - [2026-06-11T00:25:09.920+0000] {dag.py:3239} INFO - Sync 1 DAGs
[2026-06-11T00:25:09.928+0000] {logging_mixin.py:190} INFO - [2026-06-11T00:25:09.928+0000] {dag.py:4180} INFO - Setting next_dagrun for f1_medallion_pipeline to None, run_after=None
[2026-06-11T00:25:09.940+0000] {processor.py:208} INFO - Processing /opt/airflow/dags/dag.py took 0.063 seconds
[2026-06-11T00:25:40.068+0000] {processor.py:186} INFO - Started process (PID=37772) to work on /opt/airflow/dags/dag.py
[2026-06-11T00:25:40.069+0000] {processor.py:914} INFO - Processing file /opt/airflow/dags/dag.py for tasks to queue
[2026-06-11T00:25:40.070+0000] {logging_mixin.py:190} INFO - [2026-06-11T00:25:40.070+0000] {dagbag.py:588} INFO - Filling up the DagBag from /opt/airflow/dags/dag.py
[2026-06-11T00:25:40.085+0000] {processor.py:925} INFO - DAG(s) 'f1_medallion_pipeline' retrieved from /opt/airflow/dags/dag.py
[2026-06-11T00:25:40.102+0000] {logging_mixin.py:190} INFO - [2026-06-11T00:25:40.102+0000] {dag.py:3239} INFO - Sync 1 DAGs
[2026-06-11T00:25:40.110+0000] {logging_mixin.py:190} INFO - [2026-06-11T00:25:40.110+0000] {dag.py:4180} INFO - Setting next_dagrun for f1_medallion_pipeline to None, run_after=None
[2026-06-11T00:25:40.121+0000] {processor.py:208} INFO - Processing /opt/airflow/dags/dag.py took 0.060 seconds
[2026-06-11T00:26:10.221+0000] {processor.py:186} INFO - Started process (PID=37777) to work on /opt/airflow/dags/dag.py
[2026-06-11T00:26:10.222+0000] {processor.py:914} INFO - Processing file /opt/airflow/dags/dag.py for tasks to queue
[2026-06-11T00:26:10.223+0000] {logging_mixin.py:190} INFO - [2026-06-11T00:26:10.223+0000] {dagbag.py:588} INFO - Filling up the DagBag from /opt/airflow/dags/dag.py
[2026-06-11T00:26:10.238+0000] {processor.py:925} INFO - DAG(s) 'f1_medallion_pipeline' retrieved from /opt/airflow/dags/dag.py
[2026-06-11T00:26:10.256+0000] {logging_mixin.py:190} INFO - [2026-06-11T00:26:10.256+0000] {dag.py:3239} INFO - Sync 1 DAGs
[2026-06-11T00:26:10.264+0000] {logging_mixin.py:190} INFO - [2026-06-11T00:26:10.264+0000] {dag.py:4180} INFO - Setting next_dagrun for f1_medallion_pipeline to None, run_after=None
[2026-06-11T00:26:10.278+0000] {processor.py:208} INFO - Processing /opt/airflow/dags/dag.py took 0.064 seconds
[2026-06-11T00:26:40.402+0000] {processor.py:186} INFO - Started process (PID=37782) to work on /opt/airflow/dags/dag.py
[2026-06-11T00:26:40.403+0000] {processor.py:914} INFO - Processing file /opt/airflow/dags/dag.py for tasks to queue
[2026-06-11T00:26:40.404+0000] {logging_mixin.py:190} INFO - [2026-06-11T00:26:40.404+0000] {dagbag.py:588} INFO - Filling up the DagBag from /opt/airflow/dags/dag.py
[2026-06-11T00:26:40.420+0000] {processor.py:925} INFO - DAG(s) 'f1_medallion_pipeline' retrieved from /opt/airflow/dags/dag.py
[2026-06-11T00:26:40.439+0000] {logging_mixin.py:190} INFO - [2026-06-11T00:26:40.439+0000] {dag.py:3239} INFO - Sync 1 DAGs
[2026-06-11T00:26:40.447+0000] {logging_mixin.py:190} INFO - [2026-06-11T00:26:40.447+0000] {dag.py:4180} INFO - Setting next_dagrun for f1_medallion_pipeline to None, run_after=None
[2026-06-11T00:26:40.458+0000] {processor.py:208} INFO - Processing /opt/airflow/dags/dag.py took 0.063 seconds
[2026-06-11T00:27:10.559+0000] {processor.py:186} INFO - Started process (PID=37787) to work on /opt/airflow/dags/dag.py
[2026-06-11T00:27:10.560+0000] {processor.py:914} INFO - Processing file /opt/airflow/dags/dag.py for tasks to queue
[2026-06-11T00:27:10.561+0000] {logging_mixin.py:190} INFO - [2026-06-11T00:27:10.561+0000] {dagbag.py:588} INFO - Filling up the DagBag from /opt/airflow/dags/dag.py
[2026-06-11T00:27:10.577+0000] {processor.py:925} INFO - DAG(s) 'f1_medallion_pipeline' retrieved from /opt/airflow/dags/dag.py
[2026-06-11T00:27:10.599+0000] {logging_mixin.py:190} INFO - [2026-06-11T00:27:10.599+0000] {dag.py:3239} INFO - Sync 1 DAGs
[2026-06-11T00:27:10.607+0000] {logging_mixin.py:190} INFO - [2026-06-11T00:27:10.607+0000] {dag.py:4180} INFO - Setting next_dagrun for f1_medallion_pipeline to None, run_after=None
[2026-06-11T00:27:10.621+0000] {processor.py:208} INFO - Processing /opt/airflow/dags/dag.py took 0.069 seconds
[2026-06-11T00:27:40.765+0000] {processor.py:186} INFO - Started process (PID=37792) to work on /opt/airflow/dags/dag.py
[2026-06-11T00:27:40.766+0000] {processor.py:914} INFO - Processing file /opt/airflow/dags/dag.py for tasks to queue
[2026-06-11T00:27:40.767+0000] {logging_mixin.py:190} INFO - [2026-06-11T00:27:40.767+0000] {dagbag.py:588} INFO - Filling up the DagBag from /opt/airflow/dags/dag.py
[2026-06-11T00:27:40.782+0000] {processor.py:925} INFO - DAG(s) 'f1_medallion_pipeline' retrieved from /opt/airflow/dags/dag.py
[2026-06-11T00:27:40.801+0000] {logging_mixin.py:190} INFO - [2026-06-11T00:27:40.801+0000] {dag.py:3239} INFO - Sync 1 DAGs
[2026-06-11T00:27:40.809+0000] {logging_mixin.py:190} INFO - [2026-06-11T00:27:40.809+0000] {dag.py:4180} INFO - Setting next_dagrun for f1_medallion_pipeline to None, run_after=None
[2026-06-11T00:27:40.820+0000] {processor.py:208} INFO - Processing /opt/airflow/dags/dag.py took 0.062 seconds
[2026-06-11T00:28:10.918+0000] {processor.py:186} INFO - Started process (PID=37797) to work on /opt/airflow/dags/dag.py
[2026-06-11T00:28:10.918+0000] {processor.py:914} INFO - Processing file /opt/airflow/dags/dag.py for tasks to queue
[2026-06-11T00:28:10.920+0000] {logging_mixin.py:190} INFO - [2026-06-11T00:28:10.920+0000] {dagbag.py:588} INFO - Filling up the DagBag from /opt/airflow/dags/dag.py
[2026-06-11T00:28:10.936+0000] {processor.py:925} INFO - DAG(s) 'f1_medallion_pipeline' retrieved from /opt/airflow/dags/dag.py
[2026-06-11T00:28:10.955+0000] {logging_mixin.py:190} INFO - [2026-06-11T00:28:10.955+0000] {dag.py:3239} INFO - Sync 1 DAGs
[2026-06-11T00:28:10.963+0000] {logging_mixin.py:190} INFO - [2026-06-11T00:28:10.963+0000] {dag.py:4180} INFO - Setting next_dagrun for f1_medallion_pipeline to None, run_after=None
[2026-06-11T00:28:10.974+0000] {processor.py:208} INFO - Processing /opt/airflow/dags/dag.py took 0.064 seconds
[2026-06-11T00:28:41.102+0000] {processor.py:186} INFO - Started process (PID=37802) to work on /opt/airflow/dags/dag.py
[2026-06-11T00:28:41.102+0000] {processor.py:914} INFO - Processing file /opt/airflow/dags/dag.py for tasks to queue
[2026-06-11T00:28:41.104+0000] {logging_mixin.py:190} INFO - [2026-06-11T00:28:41.104+0000] {dagbag.py:588} INFO - Filling up the DagBag from /opt/airflow/dags/dag.py
[2026-06-11T00:28:41.119+0000] {processor.py:925} INFO - DAG(s) 'f1_medallion_pipeline' retrieved from /opt/airflow/dags/dag.py
[2026-06-11T00:28:41.138+0000] {logging_mixin.py:190} INFO - [2026-06-11T00:28:41.138+0000] {dag.py:3239} INFO - Sync 1 DAGs
[2026-06-11T00:28:41.146+0000] {logging_mixin.py:190} INFO - [2026-06-11T00:28:41.146+0000] {dag.py:4180} INFO - Setting next_dagrun for f1_medallion_pipeline to None, run_after=None
[2026-06-11T00:28:41.158+0000] {processor.py:208} INFO - Processing /opt/airflow/dags/dag.py took 0.063 seconds
[2026-06-11T00:29:11.265+0000] {processor.py:186} INFO - Started process (PID=37807) to work on /opt/airflow/dags/dag.py
[2026-06-11T00:29:11.266+0000] {processor.py:914} INFO - Processing file /opt/airflow/dags/dag.py for tasks to queue
[2026-06-11T00:29:11.267+0000] {logging_mixin.py:190} INFO - [2026-06-11T00:29:11.267+0000] {dagbag.py:588} INFO - Filling up the DagBag from /opt/airflow/dags/dag.py
[2026-06-11T00:29:11.283+0000] {processor.py:925} INFO - DAG(s) 'f1_medallion_pipeline' retrieved from /opt/airflow/dags/dag.py
[2026-06-11T00:29:11.301+0000] {logging_mixin.py:190} INFO - [2026-06-11T00:29:11.301+0000] {dag.py:3239} INFO - Sync 1 DAGs
[2026-06-11T00:29:11.308+0000] {logging_mixin.py:190} INFO - [2026-06-11T00:29:11.308+0000] {dag.py:4180} INFO - Setting next_dagrun for f1_medallion_pipeline to None, run_after=None
[2026-06-11T00:29:11.323+0000] {processor.py:208} INFO - Processing /opt/airflow/dags/dag.py took 0.065 seconds
[2026-06-11T00:29:41.465+0000] {processor.py:186} INFO - Started process (PID=37812) to work on /opt/airflow/dags/dag.py
[2026-06-11T00:29:41.466+0000] {processor.py:914} INFO - Processing file /opt/airflow/dags/dag.py for tasks to queue
[2026-06-11T00:29:41.467+0000] {logging_mixin.py:190} INFO - [2026-06-11T00:29:41.467+0000] {dagbag.py:588} INFO - Filling up the DagBag from /opt/airflow/dags/dag.py
[2026-06-11T00:29:41.482+0000] {processor.py:925} INFO - DAG(s) 'f1_medallion_pipeline' retrieved from /opt/airflow/dags/dag.py
[2026-06-11T00:29:41.501+0000] {logging_mixin.py:190} INFO - [2026-06-11T00:29:41.500+0000] {dag.py:3239} INFO - Sync 1 DAGs
[2026-06-11T00:29:41.509+0000] {logging_mixin.py:190} INFO - [2026-06-11T00:29:41.508+0000] {dag.py:4180} INFO - Setting next_dagrun for f1_medallion_pipeline to None, run_after=None
[2026-06-11T00:29:41.521+0000] {processor.py:208} INFO - Processing /opt/airflow/dags/dag.py took 0.063 seconds
[2026-06-11T00:30:11.626+0000] {processor.py:186} INFO - Started process (PID=37817) to work on /opt/airflow/dags/dag.py
[2026-06-11T00:30:11.627+0000] {processor.py:914} INFO - Processing file /opt/airflow/dags/dag.py for tasks to queue
[2026-06-11T00:30:11.629+0000] {logging_mixin.py:190} INFO - [2026-06-11T00:30:11.628+0000] {dagbag.py:588} INFO - Filling up the DagBag from /opt/airflow/dags/dag.py
[2026-06-11T00:30:11.646+0000] {processor.py:925} INFO - DAG(s) 'f1_medallion_pipeline' retrieved from /opt/airflow/dags/dag.py
[2026-06-11T00:30:11.665+0000] {logging_mixin.py:190} INFO - [2026-06-11T00:30:11.665+0000] {dag.py:3239} INFO - Sync 1 DAGs
[2026-06-11T00:30:11.673+0000] {logging_mixin.py:190} INFO - [2026-06-11T00:30:11.673+0000] {dag.py:4180} INFO - Setting next_dagrun for f1_medallion_pipeline to None, run_after=None
[2026-06-11T00:30:11.685+0000] {processor.py:208} INFO - Processing /opt/airflow/dags/dag.py took 0.066 seconds
[2026-06-11T00:30:41.812+0000] {processor.py:186} INFO - Started process (PID=37822) to work on /opt/airflow/dags/dag.py
[2026-06-11T00:30:41.813+0000] {processor.py:914} INFO - Processing file /opt/airflow/dags/dag.py for tasks to queue
[2026-06-11T00:30:41.814+0000] {logging_mixin.py:190} INFO - [2026-06-11T00:30:41.814+0000] {dagbag.py:588} INFO - Filling up the DagBag from /opt/airflow/dags/dag.py
[2026-06-11T00:30:41.829+0000] {processor.py:925} INFO - DAG(s) 'f1_medallion_pipeline' retrieved from /opt/airflow/dags/dag.py
[2026-06-11T00:30:41.848+0000] {logging_mixin.py:190} INFO - [2026-06-11T00:30:41.848+0000] {dag.py:3239} INFO - Sync 1 DAGs
[2026-06-11T00:30:41.856+0000] {logging_mixin.py:190} INFO - [2026-06-11T00:30:41.856+0000] {dag.py:4180} INFO - Setting next_dagrun for f1_medallion_pipeline to None, run_after=None
[2026-06-11T00:30:41.869+0000] {processor.py:208} INFO - Processing /opt/airflow/dags/dag.py took 0.064 seconds
[2026-06-11T00:31:11.966+0000] {processor.py:186} INFO - Started process (PID=37827) to work on /opt/airflow/dags/dag.py
[2026-06-11T00:31:11.967+0000] {processor.py:914} INFO - Processing file /opt/airflow/dags/dag.py for tasks to queue
[2026-06-11T00:31:11.968+0000] {logging_mixin.py:190} INFO - [2026-06-11T00:31:11.968+0000] {dagbag.py:588} INFO - Filling up the DagBag from /opt/airflow/dags/dag.py
[2026-06-11T00:31:11.984+0000] {processor.py:925} INFO - DAG(s) 'f1_medallion_pipeline' retrieved from /opt/airflow/dags/dag.py
[2026-06-11T00:31:12.003+0000] {logging_mixin.py:190} INFO - [2026-06-11T00:31:12.003+0000] {dag.py:3239} INFO - Sync 1 DAGs
[2026-06-11T00:31:12.011+0000] {logging_mixin.py:190} INFO - [2026-06-11T00:31:12.011+0000] {dag.py:4180} INFO - Setting next_dagrun for f1_medallion_pipeline to None, run_after=None
[2026-06-11T00:31:12.022+0000] {processor.py:208} INFO - Processing /opt/airflow/dags/dag.py took 0.063 seconds
[2026-06-11T00:31:42.167+0000] {processor.py:186} INFO - Started process (PID=37832) to work on /opt/airflow/dags/dag.py
[2026-06-11T00:31:42.167+0000] {processor.py:914} INFO - Processing file /opt/airflow/dags/dag.py for tasks to queue
[2026-06-11T00:31:42.169+0000] {logging_mixin.py:190} INFO - [2026-06-11T00:31:42.168+0000] {dagbag.py:588} INFO - Filling up the DagBag from /opt/airflow/dags/dag.py
[2026-06-11T00:31:42.184+0000] {processor.py:925} INFO - DAG(s) 'f1_medallion_pipeline' retrieved from /opt/airflow/dags/dag.py
[2026-06-11T00:31:42.203+0000] {logging_mixin.py:190} INFO - [2026-06-11T00:31:42.203+0000] {dag.py:3239} INFO - Sync 1 DAGs
[2026-06-11T00:31:42.210+0000] {logging_mixin.py:190} INFO - [2026-06-11T00:31:42.210+0000] {dag.py:4180} INFO - Setting next_dagrun for f1_medallion_pipeline to None, run_after=None
[2026-06-11T00:31:42.222+0000] {processor.py:208} INFO - Processing /opt/airflow/dags/dag.py took 0.062 seconds
[2026-06-11T00:32:12.313+0000] {processor.py:186} INFO - Started process (PID=37837) to work on /opt/airflow/dags/dag.py
[2026-06-11T00:32:12.314+0000] {processor.py:914} INFO - Processing file /opt/airflow/dags/dag.py for tasks to queue
[2026-06-11T00:32:12.315+0000] {logging_mixin.py:190} INFO - [2026-06-11T00:32:12.315+0000] {dagbag.py:588} INFO - Filling up the DagBag from /opt/airflow/dags/dag.py
[2026-06-11T00:32:12.330+0000] {processor.py:925} INFO - DAG(s) 'f1_medallion_pipeline' retrieved from /opt/airflow/dags/dag.py
[2026-06-11T00:32:12.350+0000] {logging_mixin.py:190} INFO - [2026-06-11T00:32:12.349+0000] {dag.py:3239} INFO - Sync 1 DAGs
[2026-06-11T00:32:12.358+0000] {logging_mixin.py:190} INFO - [2026-06-11T00:32:12.358+0000] {dag.py:4180} INFO - Setting next_dagrun for f1_medallion_pipeline to None, run_after=None
[2026-06-11T00:32:12.370+0000] {processor.py:208} INFO - Processing /opt/airflow/dags/dag.py took 0.064 seconds
[2026-06-11T00:32:42.507+0000] {processor.py:186} INFO - Started process (PID=37842) to work on /opt/airflow/dags/dag.py
[2026-06-11T00:32:42.508+0000] {processor.py:914} INFO - Processing file /opt/airflow/dags/dag.py for tasks to queue
[2026-06-11T00:32:42.509+0000] {logging_mixin.py:190} INFO - [2026-06-11T00:32:42.509+0000] {dagbag.py:588} INFO - Filling up the DagBag from /opt/airflow/dags/dag.py
[2026-06-11T00:32:42.524+0000] {processor.py:925} INFO - DAG(s) 'f1_medallion_pipeline' retrieved from /opt/airflow/dags/dag.py
[2026-06-11T00:32:42.543+0000] {logging_mixin.py:190} INFO - [2026-06-11T00:32:42.543+0000] {dag.py:3239} INFO - Sync 1 DAGs
[2026-06-11T00:32:42.551+0000] {logging_mixin.py:190} INFO - [2026-06-11T00:32:42.551+0000] {dag.py:4180} INFO - Setting next_dagrun for f1_medallion_pipeline to None, run_after=None
[2026-06-11T00:32:42.564+0000] {processor.py:208} INFO - Processing /opt/airflow/dags/dag.py took 0.064 seconds
[2026-06-11T00:33:12.665+0000] {processor.py:186} INFO - Started process (PID=37847) to work on /opt/airflow/dags/dag.py
[2026-06-11T00:33:12.666+0000] {processor.py:914} INFO - Processing file /opt/airflow/dags/dag.py for tasks to queue
[2026-06-11T00:33:12.668+0000] {logging_mixin.py:190} INFO - [2026-06-11T00:33:12.668+0000] {dagbag.py:588} INFO - Filling up the DagBag from /opt/airflow/dags/dag.py
[2026-06-11T00:33:12.683+0000] {processor.py:925} INFO - DAG(s) 'f1_medallion_pipeline' retrieved from /opt/airflow/dags/dag.py
[2026-06-11T00:33:12.704+0000] {logging_mixin.py:190} INFO - [2026-06-11T00:33:12.704+0000] {dag.py:3239} INFO - Sync 1 DAGs
[2026-06-11T00:33:12.713+0000] {logging_mixin.py:190} INFO - [2026-06-11T00:33:12.713+0000] {dag.py:4180} INFO - Setting next_dagrun for f1_medallion_pipeline to None, run_after=None
[2026-06-11T00:33:12.724+0000] {processor.py:208} INFO - Processing /opt/airflow/dags/dag.py took 0.066 seconds
[2026-06-11T00:33:42.847+0000] {processor.py:186} INFO - Started process (PID=37852) to work on /opt/airflow/dags/dag.py
[2026-06-11T00:33:42.847+0000] {processor.py:914} INFO - Processing file /opt/airflow/dags/dag.py for tasks to queue
[2026-06-11T00:33:42.849+0000] {logging_mixin.py:190} INFO - [2026-06-11T00:33:42.849+0000] {dagbag.py:588} INFO - Filling up the DagBag from /opt/airflow/dags/dag.py
[2026-06-11T00:33:42.864+0000] {processor.py:925} INFO - DAG(s) 'f1_medallion_pipeline' retrieved from /opt/airflow/dags/dag.py
[2026-06-11T00:33:42.883+0000] {logging_mixin.py:190} INFO - [2026-06-11T00:33:42.883+0000] {dag.py:3239} INFO - Sync 1 DAGs
[2026-06-11T00:33:42.891+0000] {logging_mixin.py:190} INFO - [2026-06-11T00:33:42.891+0000] {dag.py:4180} INFO - Setting next_dagrun for f1_medallion_pipeline to None, run_after=None
[2026-06-11T00:33:42.902+0000] {processor.py:208} INFO - Processing /opt/airflow/dags/dag.py took 0.063 seconds
[2026-06-11T00:34:13.010+0000] {processor.py:186} INFO - Started process (PID=37857) to work on /opt/airflow/dags/dag.py
[2026-06-11T00:34:13.011+0000] {processor.py:914} INFO - Processing file /opt/airflow/dags/dag.py for tasks to queue
[2026-06-11T00:34:13.012+0000] {logging_mixin.py:190} INFO - [2026-06-11T00:34:13.012+0000] {dagbag.py:588} INFO - Filling up the DagBag from /opt/airflow/dags/dag.py
[2026-06-11T00:34:13.028+0000] {processor.py:925} INFO - DAG(s) 'f1_medallion_pipeline' retrieved from /opt/airflow/dags/dag.py
[2026-06-11T00:34:13.047+0000] {logging_mixin.py:190} INFO - [2026-06-11T00:34:13.047+0000] {dag.py:3239} INFO - Sync 1 DAGs
[2026-06-11T00:34:13.055+0000] {logging_mixin.py:190} INFO - [2026-06-11T00:34:13.054+0000] {dag.py:4180} INFO - Setting next_dagrun for f1_medallion_pipeline to None, run_after=None
[2026-06-11T00:34:13.066+0000] {processor.py:208} INFO - Processing /opt/airflow/dags/dag.py took 0.064 seconds
[2026-06-11T00:34:43.205+0000] {processor.py:186} INFO - Started process (PID=37862) to work on /opt/airflow/dags/dag.py
[2026-06-11T00:34:43.206+0000] {processor.py:914} INFO - Processing file /opt/airflow/dags/dag.py for tasks to queue
[2026-06-11T00:34:43.207+0000] {logging_mixin.py:190} INFO - [2026-06-11T00:34:43.207+0000] {dagbag.py:588} INFO - Filling up the DagBag from /opt/airflow/dags/dag.py
[2026-06-11T00:34:43.224+0000] {processor.py:925} INFO - DAG(s) 'f1_medallion_pipeline' retrieved from /opt/airflow/dags/dag.py
[2026-06-11T00:34:43.243+0000] {logging_mixin.py:190} INFO - [2026-06-11T00:34:43.243+0000] {dag.py:3239} INFO - Sync 1 DAGs
[2026-06-11T00:34:43.251+0000] {logging_mixin.py:190} INFO - [2026-06-11T00:34:43.250+0000] {dag.py:4180} INFO - Setting next_dagrun for f1_medallion_pipeline to None, run_after=None
[2026-06-11T00:34:43.263+0000] {processor.py:208} INFO - Processing /opt/airflow/dags/dag.py took 0.064 seconds
[2026-06-11T00:35:13.364+0000] {processor.py:186} INFO - Started process (PID=37867) to work on /opt/airflow/dags/dag.py
[2026-06-11T00:35:13.364+0000] {processor.py:914} INFO - Processing file /opt/airflow/dags/dag.py for tasks to queue
[2026-06-11T00:35:13.366+0000] {logging_mixin.py:190} INFO - [2026-06-11T00:35:13.365+0000] {dagbag.py:588} INFO - Filling up the DagBag from /opt/airflow/dags/dag.py
[2026-06-11T00:35:13.382+0000] {processor.py:925} INFO - DAG(s) 'f1_medallion_pipeline' retrieved from /opt/airflow/dags/dag.py
[2026-06-11T00:35:13.400+0000] {logging_mixin.py:190} INFO - [2026-06-11T00:35:13.400+0000] {dag.py:3239} INFO - Sync 1 DAGs
[2026-06-11T00:35:13.408+0000] {logging_mixin.py:190} INFO - [2026-06-11T00:35:13.408+0000] {dag.py:4180} INFO - Setting next_dagrun for f1_medallion_pipeline to None, run_after=None
[2026-06-11T00:35:13.420+0000] {processor.py:208} INFO - Processing /opt/airflow/dags/dag.py took 0.064 seconds
[2026-06-11T00:35:43.552+0000] {processor.py:186} INFO - Started process (PID=37872) to work on /opt/airflow/dags/dag.py
[2026-06-11T00:35:43.553+0000] {processor.py:914} INFO - Processing file /opt/airflow/dags/dag.py for tasks to queue
[2026-06-11T00:35:43.554+0000] {logging_mixin.py:190} INFO - [2026-06-11T00:35:43.554+0000] {dagbag.py:588} INFO - Filling up the DagBag from /opt/airflow/dags/dag.py
[2026-06-11T00:35:43.571+0000] {processor.py:925} INFO - DAG(s) 'f1_medallion_pipeline' retrieved from /opt/airflow/dags/dag.py
[2026-06-11T00:35:43.591+0000] {logging_mixin.py:190} INFO - [2026-06-11T00:35:43.591+0000] {dag.py:3239} INFO - Sync 1 DAGs
[2026-06-11T00:35:43.599+0000] {logging_mixin.py:190} INFO - [2026-06-11T00:35:43.599+0000] {dag.py:4180} INFO - Setting next_dagrun for f1_medallion_pipeline to None, run_after=None
[2026-06-11T00:35:43.611+0000] {processor.py:208} INFO - Processing /opt/airflow/dags/dag.py took 0.066 seconds
[2026-06-11T00:36:13.713+0000] {processor.py:186} INFO - Started process (PID=37877) to work on /opt/airflow/dags/dag.py
[2026-06-11T00:36:13.714+0000] {processor.py:914} INFO - Processing file /opt/airflow/dags/dag.py for tasks to queue
[2026-06-11T00:36:13.716+0000] {logging_mixin.py:190} INFO - [2026-06-11T00:36:13.716+0000] {dagbag.py:588} INFO - Filling up the DagBag from /opt/airflow/dags/dag.py
[2026-06-11T00:36:13.731+0000] {processor.py:925} INFO - DAG(s) 'f1_medallion_pipeline' retrieved from /opt/airflow/dags/dag.py
[2026-06-11T00:36:13.750+0000] {logging_mixin.py:190} INFO - [2026-06-11T00:36:13.750+0000] {dag.py:3239} INFO - Sync 1 DAGs
[2026-06-11T00:36:13.759+0000] {logging_mixin.py:190} INFO - [2026-06-11T00:36:13.758+0000] {dag.py:4180} INFO - Setting next_dagrun for f1_medallion_pipeline to None, run_after=None
[2026-06-11T00:36:13.770+0000] {processor.py:208} INFO - Processing /opt/airflow/dags/dag.py took 0.064 seconds
[2026-06-11T00:36:43.901+0000] {processor.py:186} INFO - Started process (PID=37882) to work on /opt/airflow/dags/dag.py
[2026-06-11T00:36:43.901+0000] {processor.py:914} INFO - Processing file /opt/airflow/dags/dag.py for tasks to queue
[2026-06-11T00:36:43.903+0000] {logging_mixin.py:190} INFO - [2026-06-11T00:36:43.902+0000] {dagbag.py:588} INFO - Filling up the DagBag from /opt/airflow/dags/dag.py
[2026-06-11T00:36:43.917+0000] {processor.py:925} INFO - DAG(s) 'f1_medallion_pipeline' retrieved from /opt/airflow/dags/dag.py
[2026-06-11T00:36:43.937+0000] {logging_mixin.py:190} INFO - [2026-06-11T00:36:43.937+0000] {dag.py:3239} INFO - Sync 1 DAGs
[2026-06-11T00:36:43.945+0000] {logging_mixin.py:190} INFO - [2026-06-11T00:36:43.945+0000] {dag.py:4180} INFO - Setting next_dagrun for f1_medallion_pipeline to None, run_after=None
[2026-06-11T00:36:43.958+0000] {processor.py:208} INFO - Processing /opt/airflow/dags/dag.py took 0.064 seconds
[2026-06-11T00:37:14.068+0000] {processor.py:186} INFO - Started process (PID=37887) to work on /opt/airflow/dags/dag.py
[2026-06-11T00:37:14.068+0000] {processor.py:914} INFO - Processing file /opt/airflow/dags/dag.py for tasks to queue
[2026-06-11T00:37:14.070+0000] {logging_mixin.py:190} INFO - [2026-06-11T00:37:14.070+0000] {dagbag.py:588} INFO - Filling up the DagBag from /opt/airflow/dags/dag.py
[2026-06-11T00:37:14.087+0000] {processor.py:925} INFO - DAG(s) 'f1_medallion_pipeline' retrieved from /opt/airflow/dags/dag.py
[2026-06-11T00:37:14.105+0000] {logging_mixin.py:190} INFO - [2026-06-11T00:37:14.105+0000] {dag.py:3239} INFO - Sync 1 DAGs
[2026-06-11T00:37:14.113+0000] {logging_mixin.py:190} INFO - [2026-06-11T00:37:14.113+0000] {dag.py:4180} INFO - Setting next_dagrun for f1_medallion_pipeline to None, run_after=None
[2026-06-11T00:37:14.125+0000] {processor.py:208} INFO - Processing /opt/airflow/dags/dag.py took 0.065 seconds
[2026-06-11T00:37:44.243+0000] {processor.py:186} INFO - Started process (PID=37892) to work on /opt/airflow/dags/dag.py
[2026-06-11T00:37:44.244+0000] {processor.py:914} INFO - Processing file /opt/airflow/dags/dag.py for tasks to queue
[2026-06-11T00:37:44.245+0000] {logging_mixin.py:190} INFO - [2026-06-11T00:37:44.245+0000] {dagbag.py:588} INFO - Filling up the DagBag from /opt/airflow/dags/dag.py
[2026-06-11T00:37:44.260+0000] {processor.py:925} INFO - DAG(s) 'f1_medallion_pipeline' retrieved from /opt/airflow/dags/dag.py
[2026-06-11T00:37:44.279+0000] {logging_mixin.py:190} INFO - [2026-06-11T00:37:44.279+0000] {dag.py:3239} INFO - Sync 1 DAGs
[2026-06-11T00:37:44.286+0000] {logging_mixin.py:190} INFO - [2026-06-11T00:37:44.286+0000] {dag.py:4180} INFO - Setting next_dagrun for f1_medallion_pipeline to None, run_after=None
[2026-06-11T00:37:44.298+0000] {processor.py:208} INFO - Processing /opt/airflow/dags/dag.py took 0.061 seconds
[2026-06-11T00:38:14.413+0000] {processor.py:186} INFO - Started process (PID=37897) to work on /opt/airflow/dags/dag.py
[2026-06-11T00:38:14.414+0000] {processor.py:914} INFO - Processing file /opt/airflow/dags/dag.py for tasks to queue
[2026-06-11T00:38:14.415+0000] {logging_mixin.py:190} INFO - [2026-06-11T00:38:14.415+0000] {dagbag.py:588} INFO - Filling up the DagBag from /opt/airflow/dags/dag.py
[2026-06-11T00:38:14.430+0000] {processor.py:925} INFO - DAG(s) 'f1_medallion_pipeline' retrieved from /opt/airflow/dags/dag.py
[2026-06-11T00:38:14.448+0000] {logging_mixin.py:190} INFO - [2026-06-11T00:38:14.448+0000] {dag.py:3239} INFO - Sync 1 DAGs
[2026-06-11T00:38:14.456+0000] {logging_mixin.py:190} INFO - [2026-06-11T00:38:14.456+0000] {dag.py:4180} INFO - Setting next_dagrun for f1_medallion_pipeline to None, run_after=None
[2026-06-11T00:38:14.468+0000] {processor.py:208} INFO - Processing /opt/airflow/dags/dag.py took 0.062 seconds
[2026-06-11T00:38:44.591+0000] {processor.py:186} INFO - Started process (PID=37902) to work on /opt/airflow/dags/dag.py
[2026-06-11T00:38:44.592+0000] {processor.py:914} INFO - Processing file /opt/airflow/dags/dag.py for tasks to queue
[2026-06-11T00:38:44.593+0000] {logging_mixin.py:190} INFO - [2026-06-11T00:38:44.593+0000] {dagbag.py:588} INFO - Filling up the DagBag from /opt/airflow/dags/dag.py
[2026-06-11T00:38:44.610+0000] {processor.py:925} INFO - DAG(s) 'f1_medallion_pipeline' retrieved from /opt/airflow/dags/dag.py
[2026-06-11T00:38:44.629+0000] {logging_mixin.py:190} INFO - [2026-06-11T00:38:44.629+0000] {dag.py:3239} INFO - Sync 1 DAGs
[2026-06-11T00:38:44.637+0000] {logging_mixin.py:190} INFO - [2026-06-11T00:38:44.637+0000] {dag.py:4180} INFO - Setting next_dagrun for f1_medallion_pipeline to None, run_after=None
[2026-06-11T00:38:44.649+0000] {processor.py:208} INFO - Processing /opt/airflow/dags/dag.py took 0.065 seconds
[2026-06-11T00:39:14.758+0000] {processor.py:186} INFO - Started process (PID=37907) to work on /opt/airflow/dags/dag.py
[2026-06-11T00:39:14.759+0000] {processor.py:914} INFO - Processing file /opt/airflow/dags/dag.py for tasks to queue
[2026-06-11T00:39:14.761+0000] {logging_mixin.py:190} INFO - [2026-06-11T00:39:14.760+0000] {dagbag.py:588} INFO - Filling up the DagBag from /opt/airflow/dags/dag.py
[2026-06-11T00:39:14.776+0000] {processor.py:925} INFO - DAG(s) 'f1_medallion_pipeline' retrieved from /opt/airflow/dags/dag.py
[2026-06-11T00:39:14.795+0000] {logging_mixin.py:190} INFO - [2026-06-11T00:39:14.794+0000] {dag.py:3239} INFO - Sync 1 DAGs
[2026-06-11T00:39:14.803+0000] {logging_mixin.py:190} INFO - [2026-06-11T00:39:14.803+0000] {dag.py:4180} INFO - Setting next_dagrun for f1_medallion_pipeline to None, run_after=None
[2026-06-11T00:39:14.814+0000] {processor.py:208} INFO - Processing /opt/airflow/dags/dag.py took 0.063 seconds
[2026-06-11T00:39:44.950+0000] {processor.py:186} INFO - Started process (PID=37912) to work on /opt/airflow/dags/dag.py
[2026-06-11T00:39:44.950+0000] {processor.py:914} INFO - Processing file /opt/airflow/dags/dag.py for tasks to queue
[2026-06-11T00:39:44.952+0000] {logging_mixin.py:190} INFO - [2026-06-11T00:39:44.952+0000] {dagbag.py:588} INFO - Filling up the DagBag from /opt/airflow/dags/dag.py
[2026-06-11T00:39:44.969+0000] {processor.py:925} INFO - DAG(s) 'f1_medallion_pipeline' retrieved from /opt/airflow/dags/dag.py
[2026-06-11T00:39:44.988+0000] {logging_mixin.py:190} INFO - [2026-06-11T00:39:44.988+0000] {dag.py:3239} INFO - Sync 1 DAGs
[2026-06-11T00:39:44.997+0000] {logging_mixin.py:190} INFO - [2026-06-11T00:39:44.997+0000] {dag.py:4180} INFO - Setting next_dagrun for f1_medallion_pipeline to None, run_after=None
[2026-06-11T00:39:45.010+0000] {processor.py:208} INFO - Processing /opt/airflow/dags/dag.py took 0.067 seconds
[2026-06-11T00:40:15.112+0000] {processor.py:186} INFO - Started process (PID=37917) to work on /opt/airflow/dags/dag.py
[2026-06-11T00:40:15.113+0000] {processor.py:914} INFO - Processing file /opt/airflow/dags/dag.py for tasks to queue
[2026-06-11T00:40:15.114+0000] {logging_mixin.py:190} INFO - [2026-06-11T00:40:15.114+0000] {dagbag.py:588} INFO - Filling up the DagBag from /opt/airflow/dags/dag.py
[2026-06-11T00:40:15.133+0000] {processor.py:925} INFO - DAG(s) 'f1_medallion_pipeline' retrieved from /opt/airflow/dags/dag.py
[2026-06-11T00:40:15.152+0000] {logging_mixin.py:190} INFO - [2026-06-11T00:40:15.152+0000] {dag.py:3239} INFO - Sync 1 DAGs
[2026-06-11T00:40:15.160+0000] {logging_mixin.py:190} INFO - [2026-06-11T00:40:15.160+0000] {dag.py:4180} INFO - Setting next_dagrun for f1_medallion_pipeline to None, run_after=None
[2026-06-11T00:40:15.171+0000] {processor.py:208} INFO - Processing /opt/airflow/dags/dag.py took 0.067 seconds
[2026-06-11T00:40:45.293+0000] {processor.py:186} INFO - Started process (PID=37922) to work on /opt/airflow/dags/dag.py
[2026-06-11T00:40:45.294+0000] {processor.py:914} INFO - Processing file /opt/airflow/dags/dag.py for tasks to queue
[2026-06-11T00:40:45.295+0000] {logging_mixin.py:190} INFO - [2026-06-11T00:40:45.295+0000] {dagbag.py:588} INFO - Filling up the DagBag from /opt/airflow/dags/dag.py
[2026-06-11T00:40:45.311+0000] {processor.py:925} INFO - DAG(s) 'f1_medallion_pipeline' retrieved from /opt/airflow/dags/dag.py
[2026-06-11T00:40:45.329+0000] {logging_mixin.py:190} INFO - [2026-06-11T00:40:45.329+0000] {dag.py:3239} INFO - Sync 1 DAGs
[2026-06-11T00:40:45.337+0000] {logging_mixin.py:190} INFO - [2026-06-11T00:40:45.337+0000] {dag.py:4180} INFO - Setting next_dagrun for f1_medallion_pipeline to None, run_after=None
[2026-06-11T00:40:45.348+0000] {processor.py:208} INFO - Processing /opt/airflow/dags/dag.py took 0.062 seconds
[2026-06-11T00:41:15.444+0000] {processor.py:186} INFO - Started process (PID=37927) to work on /opt/airflow/dags/dag.py
[2026-06-11T00:41:15.445+0000] {processor.py:914} INFO - Processing file /opt/airflow/dags/dag.py for tasks to queue
[2026-06-11T00:41:15.446+0000] {logging_mixin.py:190} INFO - [2026-06-11T00:41:15.446+0000] {dagbag.py:588} INFO - Filling up the DagBag from /opt/airflow/dags/dag.py
[2026-06-11T00:41:15.463+0000] {processor.py:925} INFO - DAG(s) 'f1_medallion_pipeline' retrieved from /opt/airflow/dags/dag.py
[2026-06-11T00:41:15.481+0000] {logging_mixin.py:190} INFO - [2026-06-11T00:41:15.481+0000] {dag.py:3239} INFO - Sync 1 DAGs
[2026-06-11T00:41:15.489+0000] {logging_mixin.py:190} INFO - [2026-06-11T00:41:15.489+0000] {dag.py:4180} INFO - Setting next_dagrun for f1_medallion_pipeline to None, run_after=None
[2026-06-11T00:41:15.500+0000] {processor.py:208} INFO - Processing /opt/airflow/dags/dag.py took 0.063 seconds
[2026-06-11T00:41:45.615+0000] {processor.py:186} INFO - Started process (PID=37932) to work on /opt/airflow/dags/dag.py
[2026-06-11T00:41:45.615+0000] {processor.py:914} INFO - Processing file /opt/airflow/dags/dag.py for tasks to queue
[2026-06-11T00:41:45.617+0000] {logging_mixin.py:190} INFO - [2026-06-11T00:41:45.617+0000] {dagbag.py:588} INFO - Filling up the DagBag from /opt/airflow/dags/dag.py
[2026-06-11T00:41:45.632+0000] {processor.py:925} INFO - DAG(s) 'f1_medallion_pipeline' retrieved from /opt/airflow/dags/dag.py
[2026-06-11T00:41:45.651+0000] {logging_mixin.py:190} INFO - [2026-06-11T00:41:45.651+0000] {dag.py:3239} INFO - Sync 1 DAGs
[2026-06-11T00:41:45.659+0000] {logging_mixin.py:190} INFO - [2026-06-11T00:41:45.659+0000] {dag.py:4180} INFO - Setting next_dagrun for f1_medallion_pipeline to None, run_after=None
[2026-06-11T00:41:45.670+0000] {processor.py:208} INFO - Processing /opt/airflow/dags/dag.py took 0.063 seconds
[2026-06-11T00:42:15.793+0000] {processor.py:186} INFO - Started process (PID=37937) to work on /opt/airflow/dags/dag.py
[2026-06-11T00:42:15.794+0000] {processor.py:914} INFO - Processing file /opt/airflow/dags/dag.py for tasks to queue
[2026-06-11T00:42:15.795+0000] {logging_mixin.py:190} INFO - [2026-06-11T00:42:15.795+0000] {dagbag.py:588} INFO - Filling up the DagBag from /opt/airflow/dags/dag.py
[2026-06-11T00:42:15.811+0000] {processor.py:925} INFO - DAG(s) 'f1_medallion_pipeline' retrieved from /opt/airflow/dags/dag.py
[2026-06-11T00:42:15.829+0000] {logging_mixin.py:190} INFO - [2026-06-11T00:42:15.829+0000] {dag.py:3239} INFO - Sync 1 DAGs
[2026-06-11T00:42:15.837+0000] {logging_mixin.py:190} INFO - [2026-06-11T00:42:15.837+0000] {dag.py:4180} INFO - Setting next_dagrun for f1_medallion_pipeline to None, run_after=None
[2026-06-11T00:42:15.849+0000] {processor.py:208} INFO - Processing /opt/airflow/dags/dag.py took 0.062 seconds
[2026-06-11T00:42:45.956+0000] {processor.py:186} INFO - Started process (PID=37942) to work on /opt/airflow/dags/dag.py
[2026-06-11T00:42:45.957+0000] {processor.py:914} INFO - Processing file /opt/airflow/dags/dag.py for tasks to queue
[2026-06-11T00:42:45.959+0000] {logging_mixin.py:190} INFO - [2026-06-11T00:42:45.959+0000] {dagbag.py:588} INFO - Filling up the DagBag from /opt/airflow/dags/dag.py
[2026-06-11T00:42:45.982+0000] {processor.py:925} INFO - DAG(s) 'f1_medallion_pipeline' retrieved from /opt/airflow/dags/dag.py
[2026-06-11T00:42:46.003+0000] {logging_mixin.py:190} INFO - [2026-06-11T00:42:46.003+0000] {dag.py:3239} INFO - Sync 1 DAGs
[2026-06-11T00:42:46.011+0000] {logging_mixin.py:190} INFO - [2026-06-11T00:42:46.011+0000] {dag.py:4180} INFO - Setting next_dagrun for f1_medallion_pipeline to None, run_after=None
[2026-06-11T00:42:46.024+0000] {processor.py:208} INFO - Processing /opt/airflow/dags/dag.py took 0.078 seconds
[2026-06-11T00:43:16.146+0000] {processor.py:186} INFO - Started process (PID=37947) to work on /opt/airflow/dags/dag.py
[2026-06-11T00:43:16.146+0000] {processor.py:914} INFO - Processing file /opt/airflow/dags/dag.py for tasks to queue
[2026-06-11T00:43:16.148+0000] {logging_mixin.py:190} INFO - [2026-06-11T00:43:16.147+0000] {dagbag.py:588} INFO - Filling up the DagBag from /opt/airflow/dags/dag.py
[2026-06-11T00:43:16.162+0000] {processor.py:925} INFO - DAG(s) 'f1_medallion_pipeline' retrieved from /opt/airflow/dags/dag.py
[2026-06-11T00:43:16.182+0000] {logging_mixin.py:190} INFO - [2026-06-11T00:43:16.181+0000] {dag.py:3239} INFO - Sync 1 DAGs
[2026-06-11T00:43:16.189+0000] {logging_mixin.py:190} INFO - [2026-06-11T00:43:16.189+0000] {dag.py:4180} INFO - Setting next_dagrun for f1_medallion_pipeline to None, run_after=None
[2026-06-11T00:43:16.202+0000] {processor.py:208} INFO - Processing /opt/airflow/dags/dag.py took 0.064 seconds
[2026-06-11T00:43:46.306+0000] {processor.py:186} INFO - Started process (PID=37952) to work on /opt/airflow/dags/dag.py
[2026-06-11T00:43:46.307+0000] {processor.py:914} INFO - Processing file /opt/airflow/dags/dag.py for tasks to queue
[2026-06-11T00:43:46.308+0000] {logging_mixin.py:190} INFO - [2026-06-11T00:43:46.308+0000] {dagbag.py:588} INFO - Filling up the DagBag from /opt/airflow/dags/dag.py
[2026-06-11T00:43:46.324+0000] {processor.py:925} INFO - DAG(s) 'f1_medallion_pipeline' retrieved from /opt/airflow/dags/dag.py
[2026-06-11T00:43:46.343+0000] {logging_mixin.py:190} INFO - [2026-06-11T00:43:46.342+0000] {dag.py:3239} INFO - Sync 1 DAGs
[2026-06-11T00:43:46.350+0000] {logging_mixin.py:190} INFO - [2026-06-11T00:43:46.350+0000] {dag.py:4180} INFO - Setting next_dagrun for f1_medallion_pipeline to None, run_after=None
[2026-06-11T00:43:46.364+0000] {processor.py:208} INFO - Processing /opt/airflow/dags/dag.py took 0.065 seconds
[2026-06-11T00:44:16.485+0000] {processor.py:186} INFO - Started process (PID=37957) to work on /opt/airflow/dags/dag.py
[2026-06-11T00:44:16.485+0000] {processor.py:914} INFO - Processing file /opt/airflow/dags/dag.py for tasks to queue
[2026-06-11T00:44:16.487+0000] {logging_mixin.py:190} INFO - [2026-06-11T00:44:16.487+0000] {dagbag.py:588} INFO - Filling up the DagBag from /opt/airflow/dags/dag.py
[2026-06-11T00:44:16.503+0000] {processor.py:925} INFO - DAG(s) 'f1_medallion_pipeline' retrieved from /opt/airflow/dags/dag.py
[2026-06-11T00:44:16.524+0000] {logging_mixin.py:190} INFO - [2026-06-11T00:44:16.523+0000] {dag.py:3239} INFO - Sync 1 DAGs
[2026-06-11T00:44:16.532+0000] {logging_mixin.py:190} INFO - [2026-06-11T00:44:16.532+0000] {dag.py:4180} INFO - Setting next_dagrun for f1_medallion_pipeline to None, run_after=None
[2026-06-11T00:44:16.545+0000] {processor.py:208} INFO - Processing /opt/airflow/dags/dag.py took 0.067 seconds
[2026-06-11T00:44:46.662+0000] {processor.py:186} INFO - Started process (PID=37962) to work on /opt/airflow/dags/dag.py
[2026-06-11T00:44:46.663+0000] {processor.py:914} INFO - Processing file /opt/airflow/dags/dag.py for tasks to queue
[2026-06-11T00:44:46.664+0000] {logging_mixin.py:190} INFO - [2026-06-11T00:44:46.664+0000] {dagbag.py:588} INFO - Filling up the DagBag from /opt/airflow/dags/dag.py
[2026-06-11T00:44:46.683+0000] {processor.py:925} INFO - DAG(s) 'f1_medallion_pipeline' retrieved from /opt/airflow/dags/dag.py
[2026-06-11T00:44:46.704+0000] {logging_mixin.py:190} INFO - [2026-06-11T00:44:46.704+0000] {dag.py:3239} INFO - Sync 1 DAGs
[2026-06-11T00:44:46.712+0000] {logging_mixin.py:190} INFO - [2026-06-11T00:44:46.712+0000] {dag.py:4180} INFO - Setting next_dagrun for f1_medallion_pipeline to None, run_after=None
[2026-06-11T00:44:46.726+0000] {processor.py:208} INFO - Processing /opt/airflow/dags/dag.py took 0.073 seconds
[2026-06-11T00:45:16.831+0000] {processor.py:186} INFO - Started process (PID=37967) to work on /opt/airflow/dags/dag.py
[2026-06-11T00:45:16.831+0000] {processor.py:914} INFO - Processing file /opt/airflow/dags/dag.py for tasks to queue
[2026-06-11T00:45:16.833+0000] {logging_mixin.py:190} INFO - [2026-06-11T00:45:16.833+0000] {dagbag.py:588} INFO - Filling up the DagBag from /opt/airflow/dags/dag.py
[2026-06-11T00:45:16.849+0000] {processor.py:925} INFO - DAG(s) 'f1_medallion_pipeline' retrieved from /opt/airflow/dags/dag.py
[2026-06-11T00:45:16.867+0000] {logging_mixin.py:190} INFO - [2026-06-11T00:45:16.867+0000] {dag.py:3239} INFO - Sync 1 DAGs
[2026-06-11T00:45:16.875+0000] {logging_mixin.py:190} INFO - [2026-06-11T00:45:16.875+0000] {dag.py:4180} INFO - Setting next_dagrun for f1_medallion_pipeline to None, run_after=None
[2026-06-11T00:45:16.888+0000] {processor.py:208} INFO - Processing /opt/airflow/dags/dag.py took 0.065 seconds
[2026-06-11T00:45:47.001+0000] {processor.py:186} INFO - Started process (PID=37972) to work on /opt/airflow/dags/dag.py
[2026-06-11T00:45:47.002+0000] {processor.py:914} INFO - Processing file /opt/airflow/dags/dag.py for tasks to queue
[2026-06-11T00:45:47.003+0000] {logging_mixin.py:190} INFO - [2026-06-11T00:45:47.003+0000] {dagbag.py:588} INFO - Filling up the DagBag from /opt/airflow/dags/dag.py
[2026-06-11T00:45:47.018+0000] {processor.py:925} INFO - DAG(s) 'f1_medallion_pipeline' retrieved from /opt/airflow/dags/dag.py
[2026-06-11T00:45:47.037+0000] {logging_mixin.py:190} INFO - [2026-06-11T00:45:47.036+0000] {dag.py:3239} INFO - Sync 1 DAGs
[2026-06-11T00:45:47.044+0000] {logging_mixin.py:190} INFO - [2026-06-11T00:45:47.044+0000] {dag.py:4180} INFO - Setting next_dagrun for f1_medallion_pipeline to None, run_after=None
[2026-06-11T00:45:47.057+0000] {processor.py:208} INFO - Processing /opt/airflow/dags/dag.py took 0.062 seconds
[2026-06-11T00:46:17.168+0000] {processor.py:186} INFO - Started process (PID=37977) to work on /opt/airflow/dags/dag.py
[2026-06-11T00:46:17.169+0000] {processor.py:914} INFO - Processing file /opt/airflow/dags/dag.py for tasks to queue
[2026-06-11T00:46:17.170+0000] {logging_mixin.py:190} INFO - [2026-06-11T00:46:17.170+0000] {dagbag.py:588} INFO - Filling up the DagBag from /opt/airflow/dags/dag.py
[2026-06-11T00:46:17.186+0000] {processor.py:925} INFO - DAG(s) 'f1_medallion_pipeline' retrieved from /opt/airflow/dags/dag.py
[2026-06-11T00:46:17.204+0000] {logging_mixin.py:190} INFO - [2026-06-11T00:46:17.204+0000] {dag.py:3239} INFO - Sync 1 DAGs
[2026-06-11T00:46:17.212+0000] {logging_mixin.py:190} INFO - [2026-06-11T00:46:17.212+0000] {dag.py:4180} INFO - Setting next_dagrun for f1_medallion_pipeline to None, run_after=None
[2026-06-11T00:46:17.225+0000] {processor.py:208} INFO - Processing /opt/airflow/dags/dag.py took 0.063 seconds
[2026-06-11T00:46:47.327+0000] {processor.py:186} INFO - Started process (PID=37982) to work on /opt/airflow/dags/dag.py
[2026-06-11T00:46:47.327+0000] {processor.py:914} INFO - Processing file /opt/airflow/dags/dag.py for tasks to queue
[2026-06-11T00:46:47.329+0000] {logging_mixin.py:190} INFO - [2026-06-11T00:46:47.329+0000] {dagbag.py:588} INFO - Filling up the DagBag from /opt/airflow/dags/dag.py
[2026-06-11T00:46:47.344+0000] {processor.py:925} INFO - DAG(s) 'f1_medallion_pipeline' retrieved from /opt/airflow/dags/dag.py
[2026-06-11T00:46:47.363+0000] {logging_mixin.py:190} INFO - [2026-06-11T00:46:47.362+0000] {dag.py:3239} INFO - Sync 1 DAGs
[2026-06-11T00:46:47.372+0000] {logging_mixin.py:190} INFO - [2026-06-11T00:46:47.372+0000] {dag.py:4180} INFO - Setting next_dagrun for f1_medallion_pipeline to None, run_after=None
[2026-06-11T00:46:47.385+0000] {processor.py:208} INFO - Processing /opt/airflow/dags/dag.py took 0.065 seconds
[2026-06-11T00:47:17.499+0000] {processor.py:186} INFO - Started process (PID=37987) to work on /opt/airflow/dags/dag.py
[2026-06-11T00:47:17.500+0000] {processor.py:914} INFO - Processing file /opt/airflow/dags/dag.py for tasks to queue
[2026-06-11T00:47:17.502+0000] {logging_mixin.py:190} INFO - [2026-06-11T00:47:17.502+0000] {dagbag.py:588} INFO - Filling up the DagBag from /opt/airflow/dags/dag.py
[2026-06-11T00:47:17.517+0000] {processor.py:925} INFO - DAG(s) 'f1_medallion_pipeline' retrieved from /opt/airflow/dags/dag.py
[2026-06-11T00:47:17.537+0000] {logging_mixin.py:190} INFO - [2026-06-11T00:47:17.536+0000] {dag.py:3239} INFO - Sync 1 DAGs
[2026-06-11T00:47:17.546+0000] {logging_mixin.py:190} INFO - [2026-06-11T00:47:17.546+0000] {dag.py:4180} INFO - Setting next_dagrun for f1_medallion_pipeline to None, run_after=None
[2026-06-11T00:47:17.560+0000] {processor.py:208} INFO - Processing /opt/airflow/dags/dag.py took 0.068 seconds
[2026-06-11T00:47:47.672+0000] {processor.py:186} INFO - Started process (PID=37992) to work on /opt/airflow/dags/dag.py
[2026-06-11T00:47:47.672+0000] {processor.py:914} INFO - Processing file /opt/airflow/dags/dag.py for tasks to queue
[2026-06-11T00:47:47.674+0000] {logging_mixin.py:190} INFO - [2026-06-11T00:47:47.673+0000] {dagbag.py:588} INFO - Filling up the DagBag from /opt/airflow/dags/dag.py
[2026-06-11T00:47:47.688+0000] {processor.py:925} INFO - DAG(s) 'f1_medallion_pipeline' retrieved from /opt/airflow/dags/dag.py
[2026-06-11T00:47:47.709+0000] {logging_mixin.py:190} INFO - [2026-06-11T00:47:47.709+0000] {dag.py:3239} INFO - Sync 1 DAGs
[2026-06-11T00:47:47.717+0000] {logging_mixin.py:190} INFO - [2026-06-11T00:47:47.717+0000] {dag.py:4180} INFO - Setting next_dagrun for f1_medallion_pipeline to None, run_after=None
[2026-06-11T00:47:47.730+0000] {processor.py:208} INFO - Processing /opt/airflow/dags/dag.py took 0.065 seconds
[2026-06-11T00:48:17.845+0000] {processor.py:186} INFO - Started process (PID=37997) to work on /opt/airflow/dags/dag.py
[2026-06-11T00:48:17.846+0000] {processor.py:914} INFO - Processing file /opt/airflow/dags/dag.py for tasks to queue
[2026-06-11T00:48:17.847+0000] {logging_mixin.py:190} INFO - [2026-06-11T00:48:17.847+0000] {dagbag.py:588} INFO - Filling up the DagBag from /opt/airflow/dags/dag.py
[2026-06-11T00:48:17.864+0000] {processor.py:925} INFO - DAG(s) 'f1_medallion_pipeline' retrieved from /opt/airflow/dags/dag.py
[2026-06-11T00:48:17.882+0000] {logging_mixin.py:190} INFO - [2026-06-11T00:48:17.882+0000] {dag.py:3239} INFO - Sync 1 DAGs
[2026-06-11T00:48:17.890+0000] {logging_mixin.py:190} INFO - [2026-06-11T00:48:17.890+0000] {dag.py:4180} INFO - Setting next_dagrun for f1_medallion_pipeline to None, run_after=None
[2026-06-11T00:48:17.901+0000] {processor.py:208} INFO - Processing /opt/airflow/dags/dag.py took 0.063 seconds
[2026-06-11T00:48:48.022+0000] {processor.py:186} INFO - Started process (PID=38002) to work on /opt/airflow/dags/dag.py
[2026-06-11T00:48:48.023+0000] {processor.py:914} INFO - Processing file /opt/airflow/dags/dag.py for tasks to queue
[2026-06-11T00:48:48.024+0000] {logging_mixin.py:190} INFO - [2026-06-11T00:48:48.024+0000] {dagbag.py:588} INFO - Filling up the DagBag from /opt/airflow/dags/dag.py
[2026-06-11T00:48:48.039+0000] {processor.py:925} INFO - DAG(s) 'f1_medallion_pipeline' retrieved from /opt/airflow/dags/dag.py
[2026-06-11T00:48:48.057+0000] {logging_mixin.py:190} INFO - [2026-06-11T00:48:48.057+0000] {dag.py:3239} INFO - Sync 1 DAGs
[2026-06-11T00:48:48.065+0000] {logging_mixin.py:190} INFO - [2026-06-11T00:48:48.065+0000] {dag.py:4180} INFO - Setting next_dagrun for f1_medallion_pipeline to None, run_after=None
[2026-06-11T00:48:48.079+0000] {processor.py:208} INFO - Processing /opt/airflow/dags/dag.py took 0.064 seconds
[2026-06-11T00:49:18.191+0000] {processor.py:186} INFO - Started process (PID=38007) to work on /opt/airflow/dags/dag.py
[2026-06-11T00:49:18.192+0000] {processor.py:914} INFO - Processing file /opt/airflow/dags/dag.py for tasks to queue
[2026-06-11T00:49:18.193+0000] {logging_mixin.py:190} INFO - [2026-06-11T00:49:18.193+0000] {dagbag.py:588} INFO - Filling up the DagBag from /opt/airflow/dags/dag.py
[2026-06-11T00:49:18.210+0000] {processor.py:925} INFO - DAG(s) 'f1_medallion_pipeline' retrieved from /opt/airflow/dags/dag.py
[2026-06-11T00:49:18.228+0000] {logging_mixin.py:190} INFO - [2026-06-11T00:49:18.228+0000] {dag.py:3239} INFO - Sync 1 DAGs
[2026-06-11T00:49:18.236+0000] {logging_mixin.py:190} INFO - [2026-06-11T00:49:18.235+0000] {dag.py:4180} INFO - Setting next_dagrun for f1_medallion_pipeline to None, run_after=None
[2026-06-11T00:49:18.248+0000] {processor.py:208} INFO - Processing /opt/airflow/dags/dag.py took 0.064 seconds
[2026-06-11T00:49:48.385+0000] {processor.py:186} INFO - Started process (PID=38012) to work on /opt/airflow/dags/dag.py
[2026-06-11T00:49:48.385+0000] {processor.py:914} INFO - Processing file /opt/airflow/dags/dag.py for tasks to queue
[2026-06-11T00:49:48.387+0000] {logging_mixin.py:190} INFO - [2026-06-11T00:49:48.386+0000] {dagbag.py:588} INFO - Filling up the DagBag from /opt/airflow/dags/dag.py
[2026-06-11T00:49:48.403+0000] {processor.py:925} INFO - DAG(s) 'f1_medallion_pipeline' retrieved from /opt/airflow/dags/dag.py
[2026-06-11T00:49:48.421+0000] {logging_mixin.py:190} INFO - [2026-06-11T00:49:48.421+0000] {dag.py:3239} INFO - Sync 1 DAGs
[2026-06-11T00:49:48.430+0000] {logging_mixin.py:190} INFO - [2026-06-11T00:49:48.430+0000] {dag.py:4180} INFO - Setting next_dagrun for f1_medallion_pipeline to None, run_after=None
[2026-06-11T00:49:48.444+0000] {processor.py:208} INFO - Processing /opt/airflow/dags/dag.py took 0.066 seconds
[2026-06-11T00:50:18.538+0000] {processor.py:186} INFO - Started process (PID=38017) to work on /opt/airflow/dags/dag.py
[2026-06-11T00:50:18.539+0000] {processor.py:914} INFO - Processing file /opt/airflow/dags/dag.py for tasks to queue
[2026-06-11T00:50:18.540+0000] {logging_mixin.py:190} INFO - [2026-06-11T00:50:18.540+0000] {dagbag.py:588} INFO - Filling up the DagBag from /opt/airflow/dags/dag.py
[2026-06-11T00:50:18.557+0000] {processor.py:925} INFO - DAG(s) 'f1_medallion_pipeline' retrieved from /opt/airflow/dags/dag.py
[2026-06-11T00:50:18.578+0000] {logging_mixin.py:190} INFO - [2026-06-11T00:50:18.578+0000] {dag.py:3239} INFO - Sync 1 DAGs
[2026-06-11T00:50:18.585+0000] {logging_mixin.py:190} INFO - [2026-06-11T00:50:18.585+0000] {dag.py:4180} INFO - Setting next_dagrun for f1_medallion_pipeline to None, run_after=None
[2026-06-11T00:50:18.599+0000] {processor.py:208} INFO - Processing /opt/airflow/dags/dag.py took 0.068 seconds
[2026-06-11T00:50:48.747+0000] {processor.py:186} INFO - Started process (PID=38022) to work on /opt/airflow/dags/dag.py
[2026-06-11T00:50:48.747+0000] {processor.py:914} INFO - Processing file /opt/airflow/dags/dag.py for tasks to queue
[2026-06-11T00:50:48.749+0000] {logging_mixin.py:190} INFO - [2026-06-11T00:50:48.748+0000] {dagbag.py:588} INFO - Filling up the DagBag from /opt/airflow/dags/dag.py
[2026-06-11T00:50:48.765+0000] {processor.py:925} INFO - DAG(s) 'f1_medallion_pipeline' retrieved from /opt/airflow/dags/dag.py
[2026-06-11T00:50:48.784+0000] {logging_mixin.py:190} INFO - [2026-06-11T00:50:48.784+0000] {dag.py:3239} INFO - Sync 1 DAGs
[2026-06-11T00:50:48.792+0000] {logging_mixin.py:190} INFO - [2026-06-11T00:50:48.792+0000] {dag.py:4180} INFO - Setting next_dagrun for f1_medallion_pipeline to None, run_after=None
[2026-06-11T00:50:48.804+0000] {processor.py:208} INFO - Processing /opt/airflow/dags/dag.py took 0.065 seconds
[2026-06-11T00:51:18.902+0000] {processor.py:186} INFO - Started process (PID=38027) to work on /opt/airflow/dags/dag.py
[2026-06-11T00:51:18.903+0000] {processor.py:914} INFO - Processing file /opt/airflow/dags/dag.py for tasks to queue
[2026-06-11T00:51:18.904+0000] {logging_mixin.py:190} INFO - [2026-06-11T00:51:18.904+0000] {dagbag.py:588} INFO - Filling up the DagBag from /opt/airflow/dags/dag.py
[2026-06-11T00:51:18.921+0000] {processor.py:925} INFO - DAG(s) 'f1_medallion_pipeline' retrieved from /opt/airflow/dags/dag.py
[2026-06-11T00:51:18.940+0000] {logging_mixin.py:190} INFO - [2026-06-11T00:51:18.940+0000] {dag.py:3239} INFO - Sync 1 DAGs
[2026-06-11T00:51:18.948+0000] {logging_mixin.py:190} INFO - [2026-06-11T00:51:18.948+0000] {dag.py:4180} INFO - Setting next_dagrun for f1_medallion_pipeline to None, run_after=None
[2026-06-11T00:51:18.961+0000] {processor.py:208} INFO - Processing /opt/airflow/dags/dag.py took 0.066 seconds
[2026-06-11T00:51:49.092+0000] {processor.py:186} INFO - Started process (PID=38032) to work on /opt/airflow/dags/dag.py
[2026-06-11T00:51:49.093+0000] {processor.py:914} INFO - Processing file /opt/airflow/dags/dag.py for tasks to queue
[2026-06-11T00:51:49.094+0000] {logging_mixin.py:190} INFO - [2026-06-11T00:51:49.094+0000] {dagbag.py:588} INFO - Filling up the DagBag from /opt/airflow/dags/dag.py
[2026-06-11T00:51:49.110+0000] {processor.py:925} INFO - DAG(s) 'f1_medallion_pipeline' retrieved from /opt/airflow/dags/dag.py
[2026-06-11T00:51:49.129+0000] {logging_mixin.py:190} INFO - [2026-06-11T00:51:49.129+0000] {dag.py:3239} INFO - Sync 1 DAGs
[2026-06-11T00:51:49.137+0000] {logging_mixin.py:190} INFO - [2026-06-11T00:51:49.137+0000] {dag.py:4180} INFO - Setting next_dagrun for f1_medallion_pipeline to None, run_after=None
[2026-06-11T00:51:49.149+0000] {processor.py:208} INFO - Processing /opt/airflow/dags/dag.py took 0.064 seconds
[2026-06-11T00:52:19.250+0000] {processor.py:186} INFO - Started process (PID=38037) to work on /opt/airflow/dags/dag.py
[2026-06-11T00:52:19.251+0000] {processor.py:914} INFO - Processing file /opt/airflow/dags/dag.py for tasks to queue
[2026-06-11T00:52:19.253+0000] {logging_mixin.py:190} INFO - [2026-06-11T00:52:19.252+0000] {dagbag.py:588} INFO - Filling up the DagBag from /opt/airflow/dags/dag.py
[2026-06-11T00:52:19.269+0000] {processor.py:925} INFO - DAG(s) 'f1_medallion_pipeline' retrieved from /opt/airflow/dags/dag.py
[2026-06-11T00:52:19.288+0000] {logging_mixin.py:190} INFO - [2026-06-11T00:52:19.288+0000] {dag.py:3239} INFO - Sync 1 DAGs
[2026-06-11T00:52:19.296+0000] {logging_mixin.py:190} INFO - [2026-06-11T00:52:19.296+0000] {dag.py:4180} INFO - Setting next_dagrun for f1_medallion_pipeline to None, run_after=None
[2026-06-11T00:52:19.309+0000] {processor.py:208} INFO - Processing /opt/airflow/dags/dag.py took 0.066 seconds
[2026-06-11T00:52:49.436+0000] {processor.py:186} INFO - Started process (PID=38042) to work on /opt/airflow/dags/dag.py
[2026-06-11T00:52:49.436+0000] {processor.py:914} INFO - Processing file /opt/airflow/dags/dag.py for tasks to queue
[2026-06-11T00:52:49.438+0000] {logging_mixin.py:190} INFO - [2026-06-11T00:52:49.437+0000] {dagbag.py:588} INFO - Filling up the DagBag from /opt/airflow/dags/dag.py
[2026-06-11T00:52:49.455+0000] {processor.py:925} INFO - DAG(s) 'f1_medallion_pipeline' retrieved from /opt/airflow/dags/dag.py
[2026-06-11T00:52:49.476+0000] {logging_mixin.py:190} INFO - [2026-06-11T00:52:49.476+0000] {dag.py:3239} INFO - Sync 1 DAGs
[2026-06-11T00:52:49.484+0000] {logging_mixin.py:190} INFO - [2026-06-11T00:52:49.484+0000] {dag.py:4180} INFO - Setting next_dagrun for f1_medallion_pipeline to None, run_after=None
[2026-06-11T00:52:49.497+0000] {processor.py:208} INFO - Processing /opt/airflow/dags/dag.py took 0.069 seconds
[2026-06-11T00:53:19.597+0000] {processor.py:186} INFO - Started process (PID=38047) to work on /opt/airflow/dags/dag.py
[2026-06-11T00:53:19.597+0000] {processor.py:914} INFO - Processing file /opt/airflow/dags/dag.py for tasks to queue
[2026-06-11T00:53:19.599+0000] {logging_mixin.py:190} INFO - [2026-06-11T00:53:19.599+0000] {dagbag.py:588} INFO - Filling up the DagBag from /opt/airflow/dags/dag.py
[2026-06-11T00:53:19.613+0000] {processor.py:925} INFO - DAG(s) 'f1_medallion_pipeline' retrieved from /opt/airflow/dags/dag.py
[2026-06-11T00:53:19.632+0000] {logging_mixin.py:190} INFO - [2026-06-11T00:53:19.632+0000] {dag.py:3239} INFO - Sync 1 DAGs
[2026-06-11T00:53:19.640+0000] {logging_mixin.py:190} INFO - [2026-06-11T00:53:19.640+0000] {dag.py:4180} INFO - Setting next_dagrun for f1_medallion_pipeline to None, run_after=None
[2026-06-11T00:53:19.654+0000] {processor.py:208} INFO - Processing /opt/airflow/dags/dag.py took 0.065 seconds
[2026-06-11T00:53:49.792+0000] {processor.py:186} INFO - Started process (PID=38052) to work on /opt/airflow/dags/dag.py
[2026-06-11T00:53:49.793+0000] {processor.py:914} INFO - Processing file /opt/airflow/dags/dag.py for tasks to queue
[2026-06-11T00:53:49.794+0000] {logging_mixin.py:190} INFO - [2026-06-11T00:53:49.794+0000] {dagbag.py:588} INFO - Filling up the DagBag from /opt/airflow/dags/dag.py
[2026-06-11T00:53:49.809+0000] {processor.py:925} INFO - DAG(s) 'f1_medallion_pipeline' retrieved from /opt/airflow/dags/dag.py
[2026-06-11T00:53:49.828+0000] {logging_mixin.py:190} INFO - [2026-06-11T00:53:49.828+0000] {dag.py:3239} INFO - Sync 1 DAGs
[2026-06-11T00:53:49.836+0000] {logging_mixin.py:190} INFO - [2026-06-11T00:53:49.836+0000] {dag.py:4180} INFO - Setting next_dagrun for f1_medallion_pipeline to None, run_after=None
[2026-06-11T00:53:49.848+0000] {processor.py:208} INFO - Processing /opt/airflow/dags/dag.py took 0.062 seconds
[2026-06-11T00:54:19.956+0000] {processor.py:186} INFO - Started process (PID=38057) to work on /opt/airflow/dags/dag.py
[2026-06-11T00:54:19.957+0000] {processor.py:914} INFO - Processing file /opt/airflow/dags/dag.py for tasks to queue
[2026-06-11T00:54:19.959+0000] {logging_mixin.py:190} INFO - [2026-06-11T00:54:19.958+0000] {dagbag.py:588} INFO - Filling up the DagBag from /opt/airflow/dags/dag.py
[2026-06-11T00:54:19.974+0000] {processor.py:925} INFO - DAG(s) 'f1_medallion_pipeline' retrieved from /opt/airflow/dags/dag.py
[2026-06-11T00:54:19.993+0000] {logging_mixin.py:190} INFO - [2026-06-11T00:54:19.993+0000] {dag.py:3239} INFO - Sync 1 DAGs
[2026-06-11T00:54:20.000+0000] {logging_mixin.py:190} INFO - [2026-06-11T00:54:20.000+0000] {dag.py:4180} INFO - Setting next_dagrun for f1_medallion_pipeline to None, run_after=None
[2026-06-11T00:54:20.016+0000] {processor.py:208} INFO - Processing /opt/airflow/dags/dag.py took 0.066 seconds
[2026-06-11T00:54:50.155+0000] {processor.py:186} INFO - Started process (PID=38062) to work on /opt/airflow/dags/dag.py
[2026-06-11T00:54:50.156+0000] {processor.py:914} INFO - Processing file /opt/airflow/dags/dag.py for tasks to queue
[2026-06-11T00:54:50.158+0000] {logging_mixin.py:190} INFO - [2026-06-11T00:54:50.157+0000] {dagbag.py:588} INFO - Filling up the DagBag from /opt/airflow/dags/dag.py
[2026-06-11T00:54:50.174+0000] {processor.py:925} INFO - DAG(s) 'f1_medallion_pipeline' retrieved from /opt/airflow/dags/dag.py
[2026-06-11T00:54:50.193+0000] {logging_mixin.py:190} INFO - [2026-06-11T00:54:50.193+0000] {dag.py:3239} INFO - Sync 1 DAGs
[2026-06-11T00:54:50.201+0000] {logging_mixin.py:190} INFO - [2026-06-11T00:54:50.201+0000] {dag.py:4180} INFO - Setting next_dagrun for f1_medallion_pipeline to None, run_after=None
[2026-06-11T00:54:50.213+0000] {processor.py:208} INFO - Processing /opt/airflow/dags/dag.py took 0.064 seconds
[2026-06-11T00:55:20.316+0000] {processor.py:186} INFO - Started process (PID=38067) to work on /opt/airflow/dags/dag.py
[2026-06-11T00:55:20.317+0000] {processor.py:914} INFO - Processing file /opt/airflow/dags/dag.py for tasks to queue
[2026-06-11T00:55:20.318+0000] {logging_mixin.py:190} INFO - [2026-06-11T00:55:20.318+0000] {dagbag.py:588} INFO - Filling up the DagBag from /opt/airflow/dags/dag.py
[2026-06-11T00:55:20.334+0000] {processor.py:925} INFO - DAG(s) 'f1_medallion_pipeline' retrieved from /opt/airflow/dags/dag.py
[2026-06-11T00:55:20.353+0000] {logging_mixin.py:190} INFO - [2026-06-11T00:55:20.353+0000] {dag.py:3239} INFO - Sync 1 DAGs
[2026-06-11T00:55:20.361+0000] {logging_mixin.py:190} INFO - [2026-06-11T00:55:20.361+0000] {dag.py:4180} INFO - Setting next_dagrun for f1_medallion_pipeline to None, run_after=None
[2026-06-11T00:55:20.374+0000] {processor.py:208} INFO - Processing /opt/airflow/dags/dag.py took 0.064 seconds
[2026-06-11T00:55:50.498+0000] {processor.py:186} INFO - Started process (PID=38072) to work on /opt/airflow/dags/dag.py
[2026-06-11T00:55:50.499+0000] {processor.py:914} INFO - Processing file /opt/airflow/dags/dag.py for tasks to queue
[2026-06-11T00:55:50.500+0000] {logging_mixin.py:190} INFO - [2026-06-11T00:55:50.500+0000] {dagbag.py:588} INFO - Filling up the DagBag from /opt/airflow/dags/dag.py
[2026-06-11T00:55:50.516+0000] {processor.py:925} INFO - DAG(s) 'f1_medallion_pipeline' retrieved from /opt/airflow/dags/dag.py
[2026-06-11T00:55:50.535+0000] {logging_mixin.py:190} INFO - [2026-06-11T00:55:50.535+0000] {dag.py:3239} INFO - Sync 1 DAGs
[2026-06-11T00:55:50.543+0000] {logging_mixin.py:190} INFO - [2026-06-11T00:55:50.543+0000] {dag.py:4180} INFO - Setting next_dagrun for f1_medallion_pipeline to None, run_after=None
[2026-06-11T00:55:50.555+0000] {processor.py:208} INFO - Processing /opt/airflow/dags/dag.py took 0.065 seconds
[2026-06-11T00:56:20.661+0000] {processor.py:186} INFO - Started process (PID=38077) to work on /opt/airflow/dags/dag.py
[2026-06-11T00:56:20.662+0000] {processor.py:914} INFO - Processing file /opt/airflow/dags/dag.py for tasks to queue
[2026-06-11T00:56:20.664+0000] {logging_mixin.py:190} INFO - [2026-06-11T00:56:20.663+0000] {dagbag.py:588} INFO - Filling up the DagBag from /opt/airflow/dags/dag.py
[2026-06-11T00:56:20.683+0000] {processor.py:925} INFO - DAG(s) 'f1_medallion_pipeline' retrieved from /opt/airflow/dags/dag.py
[2026-06-11T00:56:20.704+0000] {logging_mixin.py:190} INFO - [2026-06-11T00:56:20.704+0000] {dag.py:3239} INFO - Sync 1 DAGs
[2026-06-11T00:56:20.712+0000] {logging_mixin.py:190} INFO - [2026-06-11T00:56:20.712+0000] {dag.py:4180} INFO - Setting next_dagrun for f1_medallion_pipeline to None, run_after=None
[2026-06-11T00:56:20.727+0000] {processor.py:208} INFO - Processing /opt/airflow/dags/dag.py took 0.074 seconds
[2026-06-11T00:56:50.841+0000] {processor.py:186} INFO - Started process (PID=38082) to work on /opt/airflow/dags/dag.py
[2026-06-11T00:56:50.841+0000] {processor.py:914} INFO - Processing file /opt/airflow/dags/dag.py for tasks to queue
[2026-06-11T00:56:50.843+0000] {logging_mixin.py:190} INFO - [2026-06-11T00:56:50.842+0000] {dagbag.py:588} INFO - Filling up the DagBag from /opt/airflow/dags/dag.py
[2026-06-11T00:56:50.857+0000] {processor.py:925} INFO - DAG(s) 'f1_medallion_pipeline' retrieved from /opt/airflow/dags/dag.py
[2026-06-11T00:56:50.877+0000] {logging_mixin.py:190} INFO - [2026-06-11T00:56:50.877+0000] {dag.py:3239} INFO - Sync 1 DAGs
[2026-06-11T00:56:50.885+0000] {logging_mixin.py:190} INFO - [2026-06-11T00:56:50.884+0000] {dag.py:4180} INFO - Setting next_dagrun for f1_medallion_pipeline to None, run_after=None
[2026-06-11T00:56:50.897+0000] {processor.py:208} INFO - Processing /opt/airflow/dags/dag.py took 0.063 seconds
[2026-06-11T00:57:20.995+0000] {processor.py:186} INFO - Started process (PID=38087) to work on /opt/airflow/dags/dag.py
[2026-06-11T00:57:20.996+0000] {processor.py:914} INFO - Processing file /opt/airflow/dags/dag.py for tasks to queue
[2026-06-11T00:57:20.998+0000] {logging_mixin.py:190} INFO - [2026-06-11T00:57:20.997+0000] {dagbag.py:588} INFO - Filling up the DagBag from /opt/airflow/dags/dag.py
[2026-06-11T00:57:21.013+0000] {processor.py:925} INFO - DAG(s) 'f1_medallion_pipeline' retrieved from /opt/airflow/dags/dag.py
[2026-06-11T00:57:21.032+0000] {logging_mixin.py:190} INFO - [2026-06-11T00:57:21.031+0000] {dag.py:3239} INFO - Sync 1 DAGs
[2026-06-11T00:57:21.039+0000] {logging_mixin.py:190} INFO - [2026-06-11T00:57:21.039+0000] {dag.py:4180} INFO - Setting next_dagrun for f1_medallion_pipeline to None, run_after=None
[2026-06-11T00:57:21.052+0000] {processor.py:208} INFO - Processing /opt/airflow/dags/dag.py took 0.064 seconds
[2026-06-11T00:57:51.181+0000] {processor.py:186} INFO - Started process (PID=38092) to work on /opt/airflow/dags/dag.py
[2026-06-11T00:57:51.181+0000] {processor.py:914} INFO - Processing file /opt/airflow/dags/dag.py for tasks to queue
[2026-06-11T00:57:51.183+0000] {logging_mixin.py:190} INFO - [2026-06-11T00:57:51.183+0000] {dagbag.py:588} INFO - Filling up the DagBag from /opt/airflow/dags/dag.py
[2026-06-11T00:57:51.199+0000] {processor.py:925} INFO - DAG(s) 'f1_medallion_pipeline' retrieved from /opt/airflow/dags/dag.py
[2026-06-11T00:57:51.218+0000] {logging_mixin.py:190} INFO - [2026-06-11T00:57:51.218+0000] {dag.py:3239} INFO - Sync 1 DAGs
[2026-06-11T00:57:51.227+0000] {logging_mixin.py:190} INFO - [2026-06-11T00:57:51.227+0000] {dag.py:4180} INFO - Setting next_dagrun for f1_medallion_pipeline to None, run_after=None
[2026-06-11T00:57:51.238+0000] {processor.py:208} INFO - Processing /opt/airflow/dags/dag.py took 0.064 seconds
[2026-06-11T00:58:21.344+0000] {processor.py:186} INFO - Started process (PID=38097) to work on /opt/airflow/dags/dag.py
[2026-06-11T00:58:21.344+0000] {processor.py:914} INFO - Processing file /opt/airflow/dags/dag.py for tasks to queue
[2026-06-11T00:58:21.346+0000] {logging_mixin.py:190} INFO - [2026-06-11T00:58:21.346+0000] {dagbag.py:588} INFO - Filling up the DagBag from /opt/airflow/dags/dag.py
[2026-06-11T00:58:21.362+0000] {processor.py:925} INFO - DAG(s) 'f1_medallion_pipeline' retrieved from /opt/airflow/dags/dag.py
[2026-06-11T00:58:21.381+0000] {logging_mixin.py:190} INFO - [2026-06-11T00:58:21.381+0000] {dag.py:3239} INFO - Sync 1 DAGs
[2026-06-11T00:58:21.389+0000] {logging_mixin.py:190} INFO - [2026-06-11T00:58:21.389+0000] {dag.py:4180} INFO - Setting next_dagrun for f1_medallion_pipeline to None, run_after=None
[2026-06-11T00:58:21.403+0000] {processor.py:208} INFO - Processing /opt/airflow/dags/dag.py took 0.067 seconds
[2026-06-11T00:58:51.516+0000] {processor.py:186} INFO - Started process (PID=38102) to work on /opt/airflow/dags/dag.py
[2026-06-11T00:58:51.517+0000] {processor.py:914} INFO - Processing file /opt/airflow/dags/dag.py for tasks to queue
[2026-06-11T00:58:51.518+0000] {logging_mixin.py:190} INFO - [2026-06-11T00:58:51.518+0000] {dagbag.py:588} INFO - Filling up the DagBag from /opt/airflow/dags/dag.py
[2026-06-11T00:58:51.536+0000] {processor.py:925} INFO - DAG(s) 'f1_medallion_pipeline' retrieved from /opt/airflow/dags/dag.py
[2026-06-11T00:58:51.555+0000] {logging_mixin.py:190} INFO - [2026-06-11T00:58:51.555+0000] {dag.py:3239} INFO - Sync 1 DAGs
[2026-06-11T00:58:51.563+0000] {logging_mixin.py:190} INFO - [2026-06-11T00:58:51.563+0000] {dag.py:4180} INFO - Setting next_dagrun for f1_medallion_pipeline to None, run_after=None
[2026-06-11T00:58:51.575+0000] {processor.py:208} INFO - Processing /opt/airflow/dags/dag.py took 0.067 seconds
[2026-06-11T00:59:21.686+0000] {processor.py:186} INFO - Started process (PID=38107) to work on /opt/airflow/dags/dag.py
[2026-06-11T00:59:21.687+0000] {processor.py:914} INFO - Processing file /opt/airflow/dags/dag.py for tasks to queue
[2026-06-11T00:59:21.689+0000] {logging_mixin.py:190} INFO - [2026-06-11T00:59:21.688+0000] {dagbag.py:588} INFO - Filling up the DagBag from /opt/airflow/dags/dag.py
[2026-06-11T00:59:21.705+0000] {processor.py:925} INFO - DAG(s) 'f1_medallion_pipeline' retrieved from /opt/airflow/dags/dag.py
[2026-06-11T00:59:21.725+0000] {logging_mixin.py:190} INFO - [2026-06-11T00:59:21.725+0000] {dag.py:3239} INFO - Sync 1 DAGs
[2026-06-11T00:59:21.734+0000] {logging_mixin.py:190} INFO - [2026-06-11T00:59:21.734+0000] {dag.py:4180} INFO - Setting next_dagrun for f1_medallion_pipeline to None, run_after=None
[2026-06-11T00:59:21.746+0000] {processor.py:208} INFO - Processing /opt/airflow/dags/dag.py took 0.067 seconds
[2026-06-11T00:59:51.876+0000] {processor.py:186} INFO - Started process (PID=38112) to work on /opt/airflow/dags/dag.py
[2026-06-11T00:59:51.877+0000] {processor.py:914} INFO - Processing file /opt/airflow/dags/dag.py for tasks to queue
[2026-06-11T00:59:51.878+0000] {logging_mixin.py:190} INFO - [2026-06-11T00:59:51.878+0000] {dagbag.py:588} INFO - Filling up the DagBag from /opt/airflow/dags/dag.py
[2026-06-11T00:59:51.896+0000] {processor.py:925} INFO - DAG(s) 'f1_medallion_pipeline' retrieved from /opt/airflow/dags/dag.py
[2026-06-11T00:59:51.918+0000] {logging_mixin.py:190} INFO - [2026-06-11T00:59:51.918+0000] {dag.py:3239} INFO - Sync 1 DAGs
[2026-06-11T00:59:51.926+0000] {logging_mixin.py:190} INFO - [2026-06-11T00:59:51.926+0000] {dag.py:4180} INFO - Setting next_dagrun for f1_medallion_pipeline to None, run_after=None
[2026-06-11T00:59:51.938+0000] {processor.py:208} INFO - Processing /opt/airflow/dags/dag.py took 0.068 seconds
[2026-06-11T01:00:22.033+0000] {processor.py:186} INFO - Started process (PID=38117) to work on /opt/airflow/dags/dag.py
[2026-06-11T01:00:22.034+0000] {processor.py:914} INFO - Processing file /opt/airflow/dags/dag.py for tasks to queue
[2026-06-11T01:00:22.035+0000] {logging_mixin.py:190} INFO - [2026-06-11T01:00:22.035+0000] {dagbag.py:588} INFO - Filling up the DagBag from /opt/airflow/dags/dag.py
[2026-06-11T01:00:22.054+0000] {processor.py:925} INFO - DAG(s) 'f1_medallion_pipeline' retrieved from /opt/airflow/dags/dag.py
[2026-06-11T01:00:22.073+0000] {logging_mixin.py:190} INFO - [2026-06-11T01:00:22.073+0000] {dag.py:3239} INFO - Sync 1 DAGs
[2026-06-11T01:00:22.082+0000] {logging_mixin.py:190} INFO - [2026-06-11T01:00:22.082+0000] {dag.py:4180} INFO - Setting next_dagrun for f1_medallion_pipeline to None, run_after=None
[2026-06-11T01:00:22.095+0000] {processor.py:208} INFO - Processing /opt/airflow/dags/dag.py took 0.069 seconds
[2026-06-11T01:00:52.210+0000] {processor.py:186} INFO - Started process (PID=38122) to work on /opt/airflow/dags/dag.py
[2026-06-11T01:00:52.210+0000] {processor.py:914} INFO - Processing file /opt/airflow/dags/dag.py for tasks to queue
[2026-06-11T01:00:52.212+0000] {logging_mixin.py:190} INFO - [2026-06-11T01:00:52.212+0000] {dagbag.py:588} INFO - Filling up the DagBag from /opt/airflow/dags/dag.py
[2026-06-11T01:00:52.227+0000] {processor.py:925} INFO - DAG(s) 'f1_medallion_pipeline' retrieved from /opt/airflow/dags/dag.py
[2026-06-11T01:00:52.247+0000] {logging_mixin.py:190} INFO - [2026-06-11T01:00:52.246+0000] {dag.py:3239} INFO - Sync 1 DAGs
[2026-06-11T01:00:52.255+0000] {logging_mixin.py:190} INFO - [2026-06-11T01:00:52.254+0000] {dag.py:4180} INFO - Setting next_dagrun for f1_medallion_pipeline to None, run_after=None
[2026-06-11T01:00:52.266+0000] {processor.py:208} INFO - Processing /opt/airflow/dags/dag.py took 0.063 seconds
[2026-06-11T01:01:22.371+0000] {processor.py:186} INFO - Started process (PID=38127) to work on /opt/airflow/dags/dag.py
[2026-06-11T01:01:22.372+0000] {processor.py:914} INFO - Processing file /opt/airflow/dags/dag.py for tasks to queue
[2026-06-11T01:01:22.373+0000] {logging_mixin.py:190} INFO - [2026-06-11T01:01:22.373+0000] {dagbag.py:588} INFO - Filling up the DagBag from /opt/airflow/dags/dag.py
[2026-06-11T01:01:22.389+0000] {processor.py:925} INFO - DAG(s) 'f1_medallion_pipeline' retrieved from /opt/airflow/dags/dag.py
[2026-06-11T01:01:22.409+0000] {logging_mixin.py:190} INFO - [2026-06-11T01:01:22.409+0000] {dag.py:3239} INFO - Sync 1 DAGs
[2026-06-11T01:01:22.417+0000] {logging_mixin.py:190} INFO - [2026-06-11T01:01:22.417+0000] {dag.py:4180} INFO - Setting next_dagrun for f1_medallion_pipeline to None, run_after=None
[2026-06-11T01:01:22.430+0000] {processor.py:208} INFO - Processing /opt/airflow/dags/dag.py took 0.066 seconds
[2026-06-11T01:01:52.551+0000] {processor.py:186} INFO - Started process (PID=38132) to work on /opt/airflow/dags/dag.py
[2026-06-11T01:01:52.551+0000] {processor.py:914} INFO - Processing file /opt/airflow/dags/dag.py for tasks to queue
[2026-06-11T01:01:52.553+0000] {logging_mixin.py:190} INFO - [2026-06-11T01:01:52.552+0000] {dagbag.py:588} INFO - Filling up the DagBag from /opt/airflow/dags/dag.py
[2026-06-11T01:01:52.569+0000] {processor.py:925} INFO - DAG(s) 'f1_medallion_pipeline' retrieved from /opt/airflow/dags/dag.py
[2026-06-11T01:01:52.588+0000] {logging_mixin.py:190} INFO - [2026-06-11T01:01:52.588+0000] {dag.py:3239} INFO - Sync 1 DAGs
[2026-06-11T01:01:52.597+0000] {logging_mixin.py:190} INFO - [2026-06-11T01:01:52.596+0000] {dag.py:4180} INFO - Setting next_dagrun for f1_medallion_pipeline to None, run_after=None
[2026-06-11T01:01:52.608+0000] {processor.py:208} INFO - Processing /opt/airflow/dags/dag.py took 0.065 seconds
[2026-06-11T01:02:22.716+0000] {processor.py:186} INFO - Started process (PID=38137) to work on /opt/airflow/dags/dag.py
[2026-06-11T01:02:22.716+0000] {processor.py:914} INFO - Processing file /opt/airflow/dags/dag.py for tasks to queue
[2026-06-11T01:02:22.718+0000] {logging_mixin.py:190} INFO - [2026-06-11T01:02:22.718+0000] {dagbag.py:588} INFO - Filling up the DagBag from /opt/airflow/dags/dag.py
[2026-06-11T01:02:22.734+0000] {processor.py:925} INFO - DAG(s) 'f1_medallion_pipeline' retrieved from /opt/airflow/dags/dag.py
[2026-06-11T01:02:22.754+0000] {logging_mixin.py:190} INFO - [2026-06-11T01:02:22.754+0000] {dag.py:3239} INFO - Sync 1 DAGs
[2026-06-11T01:02:22.762+0000] {logging_mixin.py:190} INFO - [2026-06-11T01:02:22.762+0000] {dag.py:4180} INFO - Setting next_dagrun for f1_medallion_pipeline to None, run_after=None
[2026-06-11T01:02:22.775+0000] {processor.py:208} INFO - Processing /opt/airflow/dags/dag.py took 0.066 seconds
[2026-06-11T01:02:52.884+0000] {processor.py:186} INFO - Started process (PID=38142) to work on /opt/airflow/dags/dag.py
[2026-06-11T01:02:52.884+0000] {processor.py:914} INFO - Processing file /opt/airflow/dags/dag.py for tasks to queue
[2026-06-11T01:02:52.886+0000] {logging_mixin.py:190} INFO - [2026-06-11T01:02:52.886+0000] {dagbag.py:588} INFO - Filling up the DagBag from /opt/airflow/dags/dag.py
[2026-06-11T01:02:52.903+0000] {processor.py:925} INFO - DAG(s) 'f1_medallion_pipeline' retrieved from /opt/airflow/dags/dag.py
[2026-06-11T01:02:52.922+0000] {logging_mixin.py:190} INFO - [2026-06-11T01:02:52.922+0000] {dag.py:3239} INFO - Sync 1 DAGs
[2026-06-11T01:02:52.930+0000] {logging_mixin.py:190} INFO - [2026-06-11T01:02:52.930+0000] {dag.py:4180} INFO - Setting next_dagrun for f1_medallion_pipeline to None, run_after=None
[2026-06-11T01:02:52.942+0000] {processor.py:208} INFO - Processing /opt/airflow/dags/dag.py took 0.066 seconds
[2026-06-11T01:03:23.060+0000] {processor.py:186} INFO - Started process (PID=38147) to work on /opt/airflow/dags/dag.py
[2026-06-11T01:03:23.061+0000] {processor.py:914} INFO - Processing file /opt/airflow/dags/dag.py for tasks to queue
[2026-06-11T01:03:23.062+0000] {logging_mixin.py:190} INFO - [2026-06-11T01:03:23.062+0000] {dagbag.py:588} INFO - Filling up the DagBag from /opt/airflow/dags/dag.py
[2026-06-11T01:03:23.079+0000] {processor.py:925} INFO - DAG(s) 'f1_medallion_pipeline' retrieved from /opt/airflow/dags/dag.py
[2026-06-11T01:03:23.098+0000] {logging_mixin.py:190} INFO - [2026-06-11T01:03:23.098+0000] {dag.py:3239} INFO - Sync 1 DAGs
[2026-06-11T01:03:23.107+0000] {logging_mixin.py:190} INFO - [2026-06-11T01:03:23.106+0000] {dag.py:4180} INFO - Setting next_dagrun for f1_medallion_pipeline to None, run_after=None
[2026-06-11T01:03:23.118+0000] {processor.py:208} INFO - Processing /opt/airflow/dags/dag.py took 0.067 seconds
[2026-06-11T01:03:53.228+0000] {processor.py:186} INFO - Started process (PID=38152) to work on /opt/airflow/dags/dag.py
[2026-06-11T01:03:53.229+0000] {processor.py:914} INFO - Processing file /opt/airflow/dags/dag.py for tasks to queue
[2026-06-11T01:03:53.230+0000] {logging_mixin.py:190} INFO - [2026-06-11T01:03:53.230+0000] {dagbag.py:588} INFO - Filling up the DagBag from /opt/airflow/dags/dag.py
[2026-06-11T01:03:53.247+0000] {processor.py:925} INFO - DAG(s) 'f1_medallion_pipeline' retrieved from /opt/airflow/dags/dag.py
[2026-06-11T01:03:53.266+0000] {logging_mixin.py:190} INFO - [2026-06-11T01:03:53.266+0000] {dag.py:3239} INFO - Sync 1 DAGs
[2026-06-11T01:03:53.274+0000] {logging_mixin.py:190} INFO - [2026-06-11T01:03:53.274+0000] {dag.py:4180} INFO - Setting next_dagrun for f1_medallion_pipeline to None, run_after=None
[2026-06-11T01:03:53.287+0000] {processor.py:208} INFO - Processing /opt/airflow/dags/dag.py took 0.067 seconds
[2026-06-11T01:04:23.395+0000] {processor.py:186} INFO - Started process (PID=38157) to work on /opt/airflow/dags/dag.py
[2026-06-11T01:04:23.396+0000] {processor.py:914} INFO - Processing file /opt/airflow/dags/dag.py for tasks to queue
[2026-06-11T01:04:23.398+0000] {logging_mixin.py:190} INFO - [2026-06-11T01:04:23.398+0000] {dagbag.py:588} INFO - Filling up the DagBag from /opt/airflow/dags/dag.py
[2026-06-11T01:04:23.415+0000] {processor.py:925} INFO - DAG(s) 'f1_medallion_pipeline' retrieved from /opt/airflow/dags/dag.py
[2026-06-11T01:04:23.436+0000] {logging_mixin.py:190} INFO - [2026-06-11T01:04:23.436+0000] {dag.py:3239} INFO - Sync 1 DAGs
[2026-06-11T01:04:23.444+0000] {logging_mixin.py:190} INFO - [2026-06-11T01:04:23.444+0000] {dag.py:4180} INFO - Setting next_dagrun for f1_medallion_pipeline to None, run_after=None
[2026-06-11T01:04:23.457+0000] {processor.py:208} INFO - Processing /opt/airflow/dags/dag.py took 0.070 seconds
[2026-06-11T01:04:53.580+0000] {processor.py:186} INFO - Started process (PID=38162) to work on /opt/airflow/dags/dag.py
[2026-06-11T01:04:53.580+0000] {processor.py:914} INFO - Processing file /opt/airflow/dags/dag.py for tasks to queue
[2026-06-11T01:04:53.582+0000] {logging_mixin.py:190} INFO - [2026-06-11T01:04:53.582+0000] {dagbag.py:588} INFO - Filling up the DagBag from /opt/airflow/dags/dag.py
[2026-06-11T01:04:53.601+0000] {processor.py:925} INFO - DAG(s) 'f1_medallion_pipeline' retrieved from /opt/airflow/dags/dag.py
[2026-06-11T01:04:53.620+0000] {logging_mixin.py:190} INFO - [2026-06-11T01:04:53.620+0000] {dag.py:3239} INFO - Sync 1 DAGs
[2026-06-11T01:04:53.628+0000] {logging_mixin.py:190} INFO - [2026-06-11T01:04:53.628+0000] {dag.py:4180} INFO - Setting next_dagrun for f1_medallion_pipeline to None, run_after=None
[2026-06-11T01:04:53.641+0000] {processor.py:208} INFO - Processing /opt/airflow/dags/dag.py took 0.068 seconds
[2026-06-11T01:05:23.745+0000] {processor.py:186} INFO - Started process (PID=38167) to work on /opt/airflow/dags/dag.py
[2026-06-11T01:05:23.745+0000] {processor.py:914} INFO - Processing file /opt/airflow/dags/dag.py for tasks to queue
[2026-06-11T01:05:23.747+0000] {logging_mixin.py:190} INFO - [2026-06-11T01:05:23.746+0000] {dagbag.py:588} INFO - Filling up the DagBag from /opt/airflow/dags/dag.py
[2026-06-11T01:05:23.763+0000] {processor.py:925} INFO - DAG(s) 'f1_medallion_pipeline' retrieved from /opt/airflow/dags/dag.py
[2026-06-11T01:05:23.780+0000] {logging_mixin.py:190} INFO - [2026-06-11T01:05:23.780+0000] {dag.py:3239} INFO - Sync 1 DAGs
[2026-06-11T01:05:23.788+0000] {logging_mixin.py:190} INFO - [2026-06-11T01:05:23.788+0000] {dag.py:4180} INFO - Setting next_dagrun for f1_medallion_pipeline to None, run_after=None
[2026-06-11T01:05:23.803+0000] {processor.py:208} INFO - Processing /opt/airflow/dags/dag.py took 0.066 seconds
[2026-06-11T01:05:53.917+0000] {processor.py:186} INFO - Started process (PID=38172) to work on /opt/airflow/dags/dag.py
[2026-06-11T01:05:53.917+0000] {processor.py:914} INFO - Processing file /opt/airflow/dags/dag.py for tasks to queue
[2026-06-11T01:05:53.919+0000] {logging_mixin.py:190} INFO - [2026-06-11T01:05:53.919+0000] {dagbag.py:588} INFO - Filling up the DagBag from /opt/airflow/dags/dag.py
[2026-06-11T01:05:53.936+0000] {processor.py:925} INFO - DAG(s) 'f1_medallion_pipeline' retrieved from /opt/airflow/dags/dag.py
[2026-06-11T01:05:53.954+0000] {logging_mixin.py:190} INFO - [2026-06-11T01:05:53.954+0000] {dag.py:3239} INFO - Sync 1 DAGs
[2026-06-11T01:05:53.962+0000] {logging_mixin.py:190} INFO - [2026-06-11T01:05:53.962+0000] {dag.py:4180} INFO - Setting next_dagrun for f1_medallion_pipeline to None, run_after=None
[2026-06-11T01:05:53.975+0000] {processor.py:208} INFO - Processing /opt/airflow/dags/dag.py took 0.066 seconds
[2026-06-11T01:06:24.075+0000] {processor.py:186} INFO - Started process (PID=38177) to work on /opt/airflow/dags/dag.py
[2026-06-11T01:06:24.075+0000] {processor.py:914} INFO - Processing file /opt/airflow/dags/dag.py for tasks to queue
[2026-06-11T01:06:24.077+0000] {logging_mixin.py:190} INFO - [2026-06-11T01:06:24.077+0000] {dagbag.py:588} INFO - Filling up the DagBag from /opt/airflow/dags/dag.py
[2026-06-11T01:06:24.095+0000] {processor.py:925} INFO - DAG(s) 'f1_medallion_pipeline' retrieved from /opt/airflow/dags/dag.py
[2026-06-11T01:06:24.114+0000] {logging_mixin.py:190} INFO - [2026-06-11T01:06:24.114+0000] {dag.py:3239} INFO - Sync 1 DAGs
[2026-06-11T01:06:24.122+0000] {logging_mixin.py:190} INFO - [2026-06-11T01:06:24.122+0000] {dag.py:4180} INFO - Setting next_dagrun for f1_medallion_pipeline to None, run_after=None
[2026-06-11T01:06:24.135+0000] {processor.py:208} INFO - Processing /opt/airflow/dags/dag.py took 0.068 seconds
[2026-06-11T01:06:54.255+0000] {processor.py:186} INFO - Started process (PID=38182) to work on /opt/airflow/dags/dag.py
[2026-06-11T01:06:54.255+0000] {processor.py:914} INFO - Processing file /opt/airflow/dags/dag.py for tasks to queue
[2026-06-11T01:06:54.257+0000] {logging_mixin.py:190} INFO - [2026-06-11T01:06:54.256+0000] {dagbag.py:588} INFO - Filling up the DagBag from /opt/airflow/dags/dag.py
[2026-06-11T01:06:54.274+0000] {processor.py:925} INFO - DAG(s) 'f1_medallion_pipeline' retrieved from /opt/airflow/dags/dag.py
[2026-06-11T01:06:54.293+0000] {logging_mixin.py:190} INFO - [2026-06-11T01:06:54.293+0000] {dag.py:3239} INFO - Sync 1 DAGs
[2026-06-11T01:06:54.300+0000] {logging_mixin.py:190} INFO - [2026-06-11T01:06:54.300+0000] {dag.py:4180} INFO - Setting next_dagrun for f1_medallion_pipeline to None, run_after=None
[2026-06-11T01:06:54.313+0000] {processor.py:208} INFO - Processing /opt/airflow/dags/dag.py took 0.066 seconds
[2026-06-11T01:07:24.408+0000] {processor.py:186} INFO - Started process (PID=38187) to work on /opt/airflow/dags/dag.py
[2026-06-11T01:07:24.409+0000] {processor.py:914} INFO - Processing file /opt/airflow/dags/dag.py for tasks to queue
[2026-06-11T01:07:24.411+0000] {logging_mixin.py:190} INFO - [2026-06-11T01:07:24.411+0000] {dagbag.py:588} INFO - Filling up the DagBag from /opt/airflow/dags/dag.py
[2026-06-11T01:07:24.429+0000] {processor.py:925} INFO - DAG(s) 'f1_medallion_pipeline' retrieved from /opt/airflow/dags/dag.py
[2026-06-11T01:07:24.447+0000] {logging_mixin.py:190} INFO - [2026-06-11T01:07:24.447+0000] {dag.py:3239} INFO - Sync 1 DAGs
[2026-06-11T01:07:24.455+0000] {logging_mixin.py:190} INFO - [2026-06-11T01:07:24.455+0000] {dag.py:4180} INFO - Setting next_dagrun for f1_medallion_pipeline to None, run_after=None
[2026-06-11T01:07:24.468+0000] {processor.py:208} INFO - Processing /opt/airflow/dags/dag.py took 0.067 seconds
[2026-06-11T01:07:54.593+0000] {processor.py:186} INFO - Started process (PID=38192) to work on /opt/airflow/dags/dag.py
[2026-06-11T01:07:54.593+0000] {processor.py:914} INFO - Processing file /opt/airflow/dags/dag.py for tasks to queue
[2026-06-11T01:07:54.595+0000] {logging_mixin.py:190} INFO - [2026-06-11T01:07:54.595+0000] {dagbag.py:588} INFO - Filling up the DagBag from /opt/airflow/dags/dag.py
[2026-06-11T01:07:54.610+0000] {processor.py:925} INFO - DAG(s) 'f1_medallion_pipeline' retrieved from /opt/airflow/dags/dag.py
[2026-06-11T01:07:54.628+0000] {logging_mixin.py:190} INFO - [2026-06-11T01:07:54.628+0000] {dag.py:3239} INFO - Sync 1 DAGs
[2026-06-11T01:07:54.637+0000] {logging_mixin.py:190} INFO - [2026-06-11T01:07:54.637+0000] {dag.py:4180} INFO - Setting next_dagrun for f1_medallion_pipeline to None, run_after=None
[2026-06-11T01:07:54.650+0000] {processor.py:208} INFO - Processing /opt/airflow/dags/dag.py took 0.065 seconds
[2026-06-11T01:08:24.750+0000] {processor.py:186} INFO - Started process (PID=38197) to work on /opt/airflow/dags/dag.py
[2026-06-11T01:08:24.751+0000] {processor.py:914} INFO - Processing file /opt/airflow/dags/dag.py for tasks to queue
[2026-06-11T01:08:24.752+0000] {logging_mixin.py:190} INFO - [2026-06-11T01:08:24.752+0000] {dagbag.py:588} INFO - Filling up the DagBag from /opt/airflow/dags/dag.py
[2026-06-11T01:08:24.769+0000] {processor.py:925} INFO - DAG(s) 'f1_medallion_pipeline' retrieved from /opt/airflow/dags/dag.py
[2026-06-11T01:08:24.787+0000] {logging_mixin.py:190} INFO - [2026-06-11T01:08:24.787+0000] {dag.py:3239} INFO - Sync 1 DAGs
[2026-06-11T01:08:24.795+0000] {logging_mixin.py:190} INFO - [2026-06-11T01:08:24.795+0000] {dag.py:4180} INFO - Setting next_dagrun for f1_medallion_pipeline to None, run_after=None
[2026-06-11T01:08:24.807+0000] {processor.py:208} INFO - Processing /opt/airflow/dags/dag.py took 0.064 seconds
[2026-06-11T01:08:54.926+0000] {processor.py:186} INFO - Started process (PID=38202) to work on /opt/airflow/dags/dag.py
[2026-06-11T01:08:54.927+0000] {processor.py:914} INFO - Processing file /opt/airflow/dags/dag.py for tasks to queue
[2026-06-11T01:08:54.929+0000] {logging_mixin.py:190} INFO - [2026-06-11T01:08:54.928+0000] {dagbag.py:588} INFO - Filling up the DagBag from /opt/airflow/dags/dag.py
[2026-06-11T01:08:54.944+0000] {processor.py:925} INFO - DAG(s) 'f1_medallion_pipeline' retrieved from /opt/airflow/dags/dag.py
[2026-06-11T01:08:54.963+0000] {logging_mixin.py:190} INFO - [2026-06-11T01:08:54.963+0000] {dag.py:3239} INFO - Sync 1 DAGs
[2026-06-11T01:08:54.972+0000] {logging_mixin.py:190} INFO - [2026-06-11T01:08:54.972+0000] {dag.py:4180} INFO - Setting next_dagrun for f1_medallion_pipeline to None, run_after=None
[2026-06-11T01:08:54.985+0000] {processor.py:208} INFO - Processing /opt/airflow/dags/dag.py took 0.066 seconds
[2026-06-11T01:09:25.089+0000] {processor.py:186} INFO - Started process (PID=38207) to work on /opt/airflow/dags/dag.py
[2026-06-11T01:09:25.090+0000] {processor.py:914} INFO - Processing file /opt/airflow/dags/dag.py for tasks to queue
[2026-06-11T01:09:25.092+0000] {logging_mixin.py:190} INFO - [2026-06-11T01:09:25.092+0000] {dagbag.py:588} INFO - Filling up the DagBag from /opt/airflow/dags/dag.py
[2026-06-11T01:09:25.109+0000] {processor.py:925} INFO - DAG(s) 'f1_medallion_pipeline' retrieved from /opt/airflow/dags/dag.py
[2026-06-11T01:09:25.130+0000] {logging_mixin.py:190} INFO - [2026-06-11T01:09:25.130+0000] {dag.py:3239} INFO - Sync 1 DAGs
[2026-06-11T01:09:25.140+0000] {logging_mixin.py:190} INFO - [2026-06-11T01:09:25.140+0000] {dag.py:4180} INFO - Setting next_dagrun for f1_medallion_pipeline to None, run_after=None
[2026-06-11T01:09:25.152+0000] {processor.py:208} INFO - Processing /opt/airflow/dags/dag.py took 0.071 seconds
[2026-06-11T01:09:55.285+0000] {processor.py:186} INFO - Started process (PID=38212) to work on /opt/airflow/dags/dag.py
[2026-06-11T01:09:55.286+0000] {processor.py:914} INFO - Processing file /opt/airflow/dags/dag.py for tasks to queue
[2026-06-11T01:09:55.288+0000] {logging_mixin.py:190} INFO - [2026-06-11T01:09:55.288+0000] {dagbag.py:588} INFO - Filling up the DagBag from /opt/airflow/dags/dag.py
[2026-06-11T01:09:55.306+0000] {processor.py:925} INFO - DAG(s) 'f1_medallion_pipeline' retrieved from /opt/airflow/dags/dag.py
[2026-06-11T01:09:55.326+0000] {logging_mixin.py:190} INFO - [2026-06-11T01:09:55.325+0000] {dag.py:3239} INFO - Sync 1 DAGs
[2026-06-11T01:09:55.334+0000] {logging_mixin.py:190} INFO - [2026-06-11T01:09:55.334+0000] {dag.py:4180} INFO - Setting next_dagrun for f1_medallion_pipeline to None, run_after=None
[2026-06-11T01:09:55.347+0000] {processor.py:208} INFO - Processing /opt/airflow/dags/dag.py took 0.069 seconds
[2026-06-11T01:10:25.450+0000] {processor.py:186} INFO - Started process (PID=38217) to work on /opt/airflow/dags/dag.py
[2026-06-11T01:10:25.451+0000] {processor.py:914} INFO - Processing file /opt/airflow/dags/dag.py for tasks to queue
[2026-06-11T01:10:25.452+0000] {logging_mixin.py:190} INFO - [2026-06-11T01:10:25.452+0000] {dagbag.py:588} INFO - Filling up the DagBag from /opt/airflow/dags/dag.py
[2026-06-11T01:10:25.469+0000] {processor.py:925} INFO - DAG(s) 'f1_medallion_pipeline' retrieved from /opt/airflow/dags/dag.py
[2026-06-11T01:10:25.488+0000] {logging_mixin.py:190} INFO - [2026-06-11T01:10:25.487+0000] {dag.py:3239} INFO - Sync 1 DAGs
[2026-06-11T01:10:25.495+0000] {logging_mixin.py:190} INFO - [2026-06-11T01:10:25.495+0000] {dag.py:4180} INFO - Setting next_dagrun for f1_medallion_pipeline to None, run_after=None
[2026-06-11T01:10:25.509+0000] {processor.py:208} INFO - Processing /opt/airflow/dags/dag.py took 0.067 seconds
[2026-06-11T01:10:55.631+0000] {processor.py:186} INFO - Started process (PID=38222) to work on /opt/airflow/dags/dag.py
[2026-06-11T01:10:55.632+0000] {processor.py:914} INFO - Processing file /opt/airflow/dags/dag.py for tasks to queue
[2026-06-11T01:10:55.633+0000] {logging_mixin.py:190} INFO - [2026-06-11T01:10:55.633+0000] {dagbag.py:588} INFO - Filling up the DagBag from /opt/airflow/dags/dag.py
[2026-06-11T01:10:55.649+0000] {processor.py:925} INFO - DAG(s) 'f1_medallion_pipeline' retrieved from /opt/airflow/dags/dag.py
[2026-06-11T01:10:55.668+0000] {logging_mixin.py:190} INFO - [2026-06-11T01:10:55.668+0000] {dag.py:3239} INFO - Sync 1 DAGs
[2026-06-11T01:10:55.676+0000] {logging_mixin.py:190} INFO - [2026-06-11T01:10:55.676+0000] {dag.py:4180} INFO - Setting next_dagrun for f1_medallion_pipeline to None, run_after=None
[2026-06-11T01:10:55.689+0000] {processor.py:208} INFO - Processing /opt/airflow/dags/dag.py took 0.065 seconds
[2026-06-11T01:11:25.798+0000] {processor.py:186} INFO - Started process (PID=38227) to work on /opt/airflow/dags/dag.py
[2026-06-11T01:11:25.799+0000] {processor.py:914} INFO - Processing file /opt/airflow/dags/dag.py for tasks to queue
[2026-06-11T01:11:25.801+0000] {logging_mixin.py:190} INFO - [2026-06-11T01:11:25.800+0000] {dagbag.py:588} INFO - Filling up the DagBag from /opt/airflow/dags/dag.py
[2026-06-11T01:11:25.817+0000] {processor.py:925} INFO - DAG(s) 'f1_medallion_pipeline' retrieved from /opt/airflow/dags/dag.py
[2026-06-11T01:11:25.836+0000] {logging_mixin.py:190} INFO - [2026-06-11T01:11:25.836+0000] {dag.py:3239} INFO - Sync 1 DAGs
[2026-06-11T01:11:25.844+0000] {logging_mixin.py:190} INFO - [2026-06-11T01:11:25.844+0000] {dag.py:4180} INFO - Setting next_dagrun for f1_medallion_pipeline to None, run_after=None
[2026-06-11T01:11:25.858+0000] {processor.py:208} INFO - Processing /opt/airflow/dags/dag.py took 0.067 seconds
[2026-06-11T01:11:55.976+0000] {processor.py:186} INFO - Started process (PID=38232) to work on /opt/airflow/dags/dag.py
[2026-06-11T01:11:55.976+0000] {processor.py:914} INFO - Processing file /opt/airflow/dags/dag.py for tasks to queue
[2026-06-11T01:11:55.978+0000] {logging_mixin.py:190} INFO - [2026-06-11T01:11:55.978+0000] {dagbag.py:588} INFO - Filling up the DagBag from /opt/airflow/dags/dag.py
[2026-06-11T01:11:55.993+0000] {processor.py:925} INFO - DAG(s) 'f1_medallion_pipeline' retrieved from /opt/airflow/dags/dag.py
[2026-06-11T01:11:56.013+0000] {logging_mixin.py:190} INFO - [2026-06-11T01:11:56.013+0000] {dag.py:3239} INFO - Sync 1 DAGs
[2026-06-11T01:11:56.021+0000] {logging_mixin.py:190} INFO - [2026-06-11T01:11:56.021+0000] {dag.py:4180} INFO - Setting next_dagrun for f1_medallion_pipeline to None, run_after=None
[2026-06-11T01:11:56.034+0000] {processor.py:208} INFO - Processing /opt/airflow/dags/dag.py took 0.066 seconds
[2026-06-11T01:12:26.141+0000] {processor.py:186} INFO - Started process (PID=38237) to work on /opt/airflow/dags/dag.py
[2026-06-11T01:12:26.142+0000] {processor.py:914} INFO - Processing file /opt/airflow/dags/dag.py for tasks to queue
[2026-06-11T01:12:26.144+0000] {logging_mixin.py:190} INFO - [2026-06-11T01:12:26.144+0000] {dagbag.py:588} INFO - Filling up the DagBag from /opt/airflow/dags/dag.py
[2026-06-11T01:12:26.160+0000] {processor.py:925} INFO - DAG(s) 'f1_medallion_pipeline' retrieved from /opt/airflow/dags/dag.py
[2026-06-11T01:12:26.179+0000] {logging_mixin.py:190} INFO - [2026-06-11T01:12:26.179+0000] {dag.py:3239} INFO - Sync 1 DAGs
[2026-06-11T01:12:26.187+0000] {logging_mixin.py:190} INFO - [2026-06-11T01:12:26.187+0000] {dag.py:4180} INFO - Setting next_dagrun for f1_medallion_pipeline to None, run_after=None
[2026-06-11T01:12:26.199+0000] {processor.py:208} INFO - Processing /opt/airflow/dags/dag.py took 0.066 seconds
[2026-06-11T01:12:56.313+0000] {processor.py:186} INFO - Started process (PID=38242) to work on /opt/airflow/dags/dag.py
[2026-06-11T01:12:56.313+0000] {processor.py:914} INFO - Processing file /opt/airflow/dags/dag.py for tasks to queue
[2026-06-11T01:12:56.315+0000] {logging_mixin.py:190} INFO - [2026-06-11T01:12:56.315+0000] {dagbag.py:588} INFO - Filling up the DagBag from /opt/airflow/dags/dag.py
[2026-06-11T01:12:56.330+0000] {processor.py:925} INFO - DAG(s) 'f1_medallion_pipeline' retrieved from /opt/airflow/dags/dag.py
[2026-06-11T01:12:56.349+0000] {logging_mixin.py:190} INFO - [2026-06-11T01:12:56.349+0000] {dag.py:3239} INFO - Sync 1 DAGs
[2026-06-11T01:12:56.357+0000] {logging_mixin.py:190} INFO - [2026-06-11T01:12:56.357+0000] {dag.py:4180} INFO - Setting next_dagrun for f1_medallion_pipeline to None, run_after=None
[2026-06-11T01:12:56.369+0000] {processor.py:208} INFO - Processing /opt/airflow/dags/dag.py took 0.063 seconds
[2026-06-11T01:13:26.478+0000] {processor.py:186} INFO - Started process (PID=38247) to work on /opt/airflow/dags/dag.py
[2026-06-11T01:13:26.479+0000] {processor.py:914} INFO - Processing file /opt/airflow/dags/dag.py for tasks to queue
[2026-06-11T01:13:26.480+0000] {logging_mixin.py:190} INFO - [2026-06-11T01:13:26.480+0000] {dagbag.py:588} INFO - Filling up the DagBag from /opt/airflow/dags/dag.py
[2026-06-11T01:13:26.496+0000] {processor.py:925} INFO - DAG(s) 'f1_medallion_pipeline' retrieved from /opt/airflow/dags/dag.py
[2026-06-11T01:13:26.515+0000] {logging_mixin.py:190} INFO - [2026-06-11T01:13:26.514+0000] {dag.py:3239} INFO - Sync 1 DAGs
[2026-06-11T01:13:26.522+0000] {logging_mixin.py:190} INFO - [2026-06-11T01:13:26.522+0000] {dag.py:4180} INFO - Setting next_dagrun for f1_medallion_pipeline to None, run_after=None
[2026-06-11T01:13:26.534+0000] {processor.py:208} INFO - Processing /opt/airflow/dags/dag.py took 0.063 seconds
[2026-06-11T01:13:56.661+0000] {processor.py:186} INFO - Started process (PID=38252) to work on /opt/airflow/dags/dag.py
[2026-06-11T01:13:56.661+0000] {processor.py:914} INFO - Processing file /opt/airflow/dags/dag.py for tasks to queue
[2026-06-11T01:13:56.662+0000] {logging_mixin.py:190} INFO - [2026-06-11T01:13:56.662+0000] {dagbag.py:588} INFO - Filling up the DagBag from /opt/airflow/dags/dag.py
[2026-06-11T01:13:56.678+0000] {processor.py:925} INFO - DAG(s) 'f1_medallion_pipeline' retrieved from /opt/airflow/dags/dag.py
[2026-06-11T01:13:56.697+0000] {logging_mixin.py:190} INFO - [2026-06-11T01:13:56.697+0000] {dag.py:3239} INFO - Sync 1 DAGs
[2026-06-11T01:13:56.705+0000] {logging_mixin.py:190} INFO - [2026-06-11T01:13:56.705+0000] {dag.py:4180} INFO - Setting next_dagrun for f1_medallion_pipeline to None, run_after=None
[2026-06-11T01:13:56.716+0000] {processor.py:208} INFO - Processing /opt/airflow/dags/dag.py took 0.062 seconds
[2026-06-11T01:14:26.827+0000] {processor.py:186} INFO - Started process (PID=38257) to work on /opt/airflow/dags/dag.py
[2026-06-11T01:14:26.828+0000] {processor.py:914} INFO - Processing file /opt/airflow/dags/dag.py for tasks to queue
[2026-06-11T01:14:26.829+0000] {logging_mixin.py:190} INFO - [2026-06-11T01:14:26.829+0000] {dagbag.py:588} INFO - Filling up the DagBag from /opt/airflow/dags/dag.py
[2026-06-11T01:14:26.847+0000] {processor.py:925} INFO - DAG(s) 'f1_medallion_pipeline' retrieved from /opt/airflow/dags/dag.py
[2026-06-11T01:14:26.867+0000] {logging_mixin.py:190} INFO - [2026-06-11T01:14:26.867+0000] {dag.py:3239} INFO - Sync 1 DAGs
[2026-06-11T01:14:26.876+0000] {logging_mixin.py:190} INFO - [2026-06-11T01:14:26.875+0000] {dag.py:4180} INFO - Setting next_dagrun for f1_medallion_pipeline to None, run_after=None
[2026-06-11T01:14:26.887+0000] {processor.py:208} INFO - Processing /opt/airflow/dags/dag.py took 0.067 seconds
[2026-06-11T01:14:57.012+0000] {processor.py:186} INFO - Started process (PID=38262) to work on /opt/airflow/dags/dag.py
[2026-06-11T01:14:57.012+0000] {processor.py:914} INFO - Processing file /opt/airflow/dags/dag.py for tasks to queue
[2026-06-11T01:14:57.014+0000] {logging_mixin.py:190} INFO - [2026-06-11T01:14:57.014+0000] {dagbag.py:588} INFO - Filling up the DagBag from /opt/airflow/dags/dag.py
[2026-06-11T01:14:57.031+0000] {processor.py:925} INFO - DAG(s) 'f1_medallion_pipeline' retrieved from /opt/airflow/dags/dag.py
[2026-06-11T01:14:57.051+0000] {logging_mixin.py:190} INFO - [2026-06-11T01:14:57.051+0000] {dag.py:3239} INFO - Sync 1 DAGs
[2026-06-11T01:14:57.059+0000] {logging_mixin.py:190} INFO - [2026-06-11T01:14:57.059+0000] {dag.py:4180} INFO - Setting next_dagrun for f1_medallion_pipeline to None, run_after=None
[2026-06-11T01:14:57.071+0000] {processor.py:208} INFO - Processing /opt/airflow/dags/dag.py took 0.066 seconds
[2026-06-11T01:15:27.181+0000] {processor.py:186} INFO - Started process (PID=38267) to work on /opt/airflow/dags/dag.py
[2026-06-11T01:15:27.182+0000] {processor.py:914} INFO - Processing file /opt/airflow/dags/dag.py for tasks to queue
[2026-06-11T01:15:27.184+0000] {logging_mixin.py:190} INFO - [2026-06-11T01:15:27.183+0000] {dagbag.py:588} INFO - Filling up the DagBag from /opt/airflow/dags/dag.py
[2026-06-11T01:15:27.201+0000] {processor.py:925} INFO - DAG(s) 'f1_medallion_pipeline' retrieved from /opt/airflow/dags/dag.py
[2026-06-11T01:15:27.220+0000] {logging_mixin.py:190} INFO - [2026-06-11T01:15:27.220+0000] {dag.py:3239} INFO - Sync 1 DAGs
[2026-06-11T01:15:27.228+0000] {logging_mixin.py:190} INFO - [2026-06-11T01:15:27.228+0000] {dag.py:4180} INFO - Setting next_dagrun for f1_medallion_pipeline to None, run_after=None
[2026-06-11T01:15:27.241+0000] {processor.py:208} INFO - Processing /opt/airflow/dags/dag.py took 0.067 seconds
[2026-06-11T01:15:57.358+0000] {processor.py:186} INFO - Started process (PID=38272) to work on /opt/airflow/dags/dag.py
[2026-06-11T01:15:57.358+0000] {processor.py:914} INFO - Processing file /opt/airflow/dags/dag.py for tasks to queue
[2026-06-11T01:15:57.360+0000] {logging_mixin.py:190} INFO - [2026-06-11T01:15:57.360+0000] {dagbag.py:588} INFO - Filling up the DagBag from /opt/airflow/dags/dag.py
[2026-06-11T01:15:57.376+0000] {processor.py:925} INFO - DAG(s) 'f1_medallion_pipeline' retrieved from /opt/airflow/dags/dag.py
[2026-06-11T01:15:57.398+0000] {logging_mixin.py:190} INFO - [2026-06-11T01:15:57.397+0000] {dag.py:3239} INFO - Sync 1 DAGs
[2026-06-11T01:15:57.405+0000] {logging_mixin.py:190} INFO - [2026-06-11T01:15:57.405+0000] {dag.py:4180} INFO - Setting next_dagrun for f1_medallion_pipeline to None, run_after=None
[2026-06-11T01:15:57.418+0000] {processor.py:208} INFO - Processing /opt/airflow/dags/dag.py took 0.068 seconds
[2026-06-11T01:16:27.509+0000] {processor.py:186} INFO - Started process (PID=38277) to work on /opt/airflow/dags/dag.py
[2026-06-11T01:16:27.510+0000] {processor.py:914} INFO - Processing file /opt/airflow/dags/dag.py for tasks to queue
[2026-06-11T01:16:27.511+0000] {logging_mixin.py:190} INFO - [2026-06-11T01:16:27.511+0000] {dagbag.py:588} INFO - Filling up the DagBag from /opt/airflow/dags/dag.py
[2026-06-11T01:16:27.527+0000] {processor.py:925} INFO - DAG(s) 'f1_medallion_pipeline' retrieved from /opt/airflow/dags/dag.py
[2026-06-11T01:16:27.548+0000] {logging_mixin.py:190} INFO - [2026-06-11T01:16:27.547+0000] {dag.py:3239} INFO - Sync 1 DAGs
[2026-06-11T01:16:27.555+0000] {logging_mixin.py:190} INFO - [2026-06-11T01:16:27.555+0000] {dag.py:4180} INFO - Setting next_dagrun for f1_medallion_pipeline to None, run_after=None
[2026-06-11T01:16:27.568+0000] {processor.py:208} INFO - Processing /opt/airflow/dags/dag.py took 0.066 seconds
[2026-06-11T01:16:57.711+0000] {processor.py:186} INFO - Started process (PID=38282) to work on /opt/airflow/dags/dag.py
[2026-06-11T01:16:57.712+0000] {processor.py:914} INFO - Processing file /opt/airflow/dags/dag.py for tasks to queue
[2026-06-11T01:16:57.713+0000] {logging_mixin.py:190} INFO - [2026-06-11T01:16:57.713+0000] {dagbag.py:588} INFO - Filling up the DagBag from /opt/airflow/dags/dag.py
[2026-06-11T01:16:57.731+0000] {processor.py:925} INFO - DAG(s) 'f1_medallion_pipeline' retrieved from /opt/airflow/dags/dag.py
[2026-06-11T01:16:57.751+0000] {logging_mixin.py:190} INFO - [2026-06-11T01:16:57.751+0000] {dag.py:3239} INFO - Sync 1 DAGs
[2026-06-11T01:16:57.760+0000] {logging_mixin.py:190} INFO - [2026-06-11T01:16:57.760+0000] {dag.py:4180} INFO - Setting next_dagrun for f1_medallion_pipeline to None, run_after=None
[2026-06-11T01:16:57.772+0000] {processor.py:208} INFO - Processing /opt/airflow/dags/dag.py took 0.069 seconds
[2026-06-11T01:17:27.872+0000] {processor.py:186} INFO - Started process (PID=38287) to work on /opt/airflow/dags/dag.py
[2026-06-11T01:17:27.873+0000] {processor.py:914} INFO - Processing file /opt/airflow/dags/dag.py for tasks to queue
[2026-06-11T01:17:27.875+0000] {logging_mixin.py:190} INFO - [2026-06-11T01:17:27.875+0000] {dagbag.py:588} INFO - Filling up the DagBag from /opt/airflow/dags/dag.py
[2026-06-11T01:17:27.891+0000] {processor.py:925} INFO - DAG(s) 'f1_medallion_pipeline' retrieved from /opt/airflow/dags/dag.py
[2026-06-11T01:17:27.911+0000] {logging_mixin.py:190} INFO - [2026-06-11T01:17:27.911+0000] {dag.py:3239} INFO - Sync 1 DAGs
[2026-06-11T01:17:27.920+0000] {logging_mixin.py:190} INFO - [2026-06-11T01:17:27.919+0000] {dag.py:4180} INFO - Setting next_dagrun for f1_medallion_pipeline to None, run_after=None
[2026-06-11T01:17:27.932+0000] {processor.py:208} INFO - Processing /opt/airflow/dags/dag.py took 0.067 seconds
[2026-06-11T01:17:58.057+0000] {processor.py:186} INFO - Started process (PID=38292) to work on /opt/airflow/dags/dag.py
[2026-06-11T01:17:58.058+0000] {processor.py:914} INFO - Processing file /opt/airflow/dags/dag.py for tasks to queue
[2026-06-11T01:17:58.059+0000] {logging_mixin.py:190} INFO - [2026-06-11T01:17:58.059+0000] {dagbag.py:588} INFO - Filling up the DagBag from /opt/airflow/dags/dag.py
[2026-06-11T01:17:58.075+0000] {processor.py:925} INFO - DAG(s) 'f1_medallion_pipeline' retrieved from /opt/airflow/dags/dag.py
[2026-06-11T01:17:58.094+0000] {logging_mixin.py:190} INFO - [2026-06-11T01:17:58.094+0000] {dag.py:3239} INFO - Sync 1 DAGs
[2026-06-11T01:17:58.103+0000] {logging_mixin.py:190} INFO - [2026-06-11T01:17:58.103+0000] {dag.py:4180} INFO - Setting next_dagrun for f1_medallion_pipeline to None, run_after=None
[2026-06-11T01:17:58.115+0000] {processor.py:208} INFO - Processing /opt/airflow/dags/dag.py took 0.064 seconds
[2026-06-11T01:18:28.217+0000] {processor.py:186} INFO - Started process (PID=38297) to work on /opt/airflow/dags/dag.py
[2026-06-11T01:18:28.217+0000] {processor.py:914} INFO - Processing file /opt/airflow/dags/dag.py for tasks to queue
[2026-06-11T01:18:28.219+0000] {logging_mixin.py:190} INFO - [2026-06-11T01:18:28.218+0000] {dagbag.py:588} INFO - Filling up the DagBag from /opt/airflow/dags/dag.py
[2026-06-11T01:18:28.235+0000] {processor.py:925} INFO - DAG(s) 'f1_medallion_pipeline' retrieved from /opt/airflow/dags/dag.py
[2026-06-11T01:18:28.253+0000] {logging_mixin.py:190} INFO - [2026-06-11T01:18:28.253+0000] {dag.py:3239} INFO - Sync 1 DAGs
[2026-06-11T01:18:28.261+0000] {logging_mixin.py:190} INFO - [2026-06-11T01:18:28.261+0000] {dag.py:4180} INFO - Setting next_dagrun for f1_medallion_pipeline to None, run_after=None
[2026-06-11T01:18:28.272+0000] {processor.py:208} INFO - Processing /opt/airflow/dags/dag.py took 0.062 seconds
[2026-06-11T01:18:58.396+0000] {processor.py:186} INFO - Started process (PID=38302) to work on /opt/airflow/dags/dag.py
[2026-06-11T01:18:58.397+0000] {processor.py:914} INFO - Processing file /opt/airflow/dags/dag.py for tasks to queue
[2026-06-11T01:18:58.398+0000] {logging_mixin.py:190} INFO - [2026-06-11T01:18:58.398+0000] {dagbag.py:588} INFO - Filling up the DagBag from /opt/airflow/dags/dag.py
[2026-06-11T01:18:58.414+0000] {processor.py:925} INFO - DAG(s) 'f1_medallion_pipeline' retrieved from /opt/airflow/dags/dag.py
[2026-06-11T01:18:58.436+0000] {logging_mixin.py:190} INFO - [2026-06-11T01:18:58.436+0000] {dag.py:3239} INFO - Sync 1 DAGs
[2026-06-11T01:18:58.443+0000] {logging_mixin.py:190} INFO - [2026-06-11T01:18:58.443+0000] {dag.py:4180} INFO - Setting next_dagrun for f1_medallion_pipeline to None, run_after=None
[2026-06-11T01:18:58.457+0000] {processor.py:208} INFO - Processing /opt/airflow/dags/dag.py took 0.069 seconds
[2026-06-11T01:19:28.557+0000] {processor.py:186} INFO - Started process (PID=38307) to work on /opt/airflow/dags/dag.py
[2026-06-11T01:19:28.558+0000] {processor.py:914} INFO - Processing file /opt/airflow/dags/dag.py for tasks to queue
[2026-06-11T01:19:28.559+0000] {logging_mixin.py:190} INFO - [2026-06-11T01:19:28.559+0000] {dagbag.py:588} INFO - Filling up the DagBag from /opt/airflow/dags/dag.py
[2026-06-11T01:19:28.575+0000] {processor.py:925} INFO - DAG(s) 'f1_medallion_pipeline' retrieved from /opt/airflow/dags/dag.py
[2026-06-11T01:19:28.594+0000] {logging_mixin.py:190} INFO - [2026-06-11T01:19:28.594+0000] {dag.py:3239} INFO - Sync 1 DAGs
[2026-06-11T01:19:28.602+0000] {logging_mixin.py:190} INFO - [2026-06-11T01:19:28.602+0000] {dag.py:4180} INFO - Setting next_dagrun for f1_medallion_pipeline to None, run_after=None
[2026-06-11T01:19:28.614+0000] {processor.py:208} INFO - Processing /opt/airflow/dags/dag.py took 0.064 seconds
[2026-06-11T01:19:58.758+0000] {processor.py:186} INFO - Started process (PID=38312) to work on /opt/airflow/dags/dag.py
[2026-06-11T01:19:58.759+0000] {processor.py:914} INFO - Processing file /opt/airflow/dags/dag.py for tasks to queue
[2026-06-11T01:19:58.760+0000] {logging_mixin.py:190} INFO - [2026-06-11T01:19:58.760+0000] {dagbag.py:588} INFO - Filling up the DagBag from /opt/airflow/dags/dag.py
[2026-06-11T01:19:58.775+0000] {processor.py:925} INFO - DAG(s) 'f1_medallion_pipeline' retrieved from /opt/airflow/dags/dag.py
[2026-06-11T01:19:58.794+0000] {logging_mixin.py:190} INFO - [2026-06-11T01:19:58.793+0000] {dag.py:3239} INFO - Sync 1 DAGs
[2026-06-11T01:19:58.802+0000] {logging_mixin.py:190} INFO - [2026-06-11T01:19:58.802+0000] {dag.py:4180} INFO - Setting next_dagrun for f1_medallion_pipeline to None, run_after=None
[2026-06-11T01:19:58.815+0000] {processor.py:208} INFO - Processing /opt/airflow/dags/dag.py took 0.064 seconds
[2026-06-11T01:20:28.915+0000] {processor.py:186} INFO - Started process (PID=38317) to work on /opt/airflow/dags/dag.py
[2026-06-11T01:20:28.915+0000] {processor.py:914} INFO - Processing file /opt/airflow/dags/dag.py for tasks to queue
[2026-06-11T01:20:28.917+0000] {logging_mixin.py:190} INFO - [2026-06-11T01:20:28.917+0000] {dagbag.py:588} INFO - Filling up the DagBag from /opt/airflow/dags/dag.py
[2026-06-11T01:20:28.932+0000] {processor.py:925} INFO - DAG(s) 'f1_medallion_pipeline' retrieved from /opt/airflow/dags/dag.py
[2026-06-11T01:20:28.950+0000] {logging_mixin.py:190} INFO - [2026-06-11T01:20:28.950+0000] {dag.py:3239} INFO - Sync 1 DAGs
[2026-06-11T01:20:28.957+0000] {logging_mixin.py:190} INFO - [2026-06-11T01:20:28.957+0000] {dag.py:4180} INFO - Setting next_dagrun for f1_medallion_pipeline to None, run_after=None
[2026-06-11T01:20:28.970+0000] {processor.py:208} INFO - Processing /opt/airflow/dags/dag.py took 0.062 seconds
[2026-06-11T01:20:59.113+0000] {processor.py:186} INFO - Started process (PID=38322) to work on /opt/airflow/dags/dag.py
[2026-06-11T01:20:59.114+0000] {processor.py:914} INFO - Processing file /opt/airflow/dags/dag.py for tasks to queue
[2026-06-11T01:20:59.115+0000] {logging_mixin.py:190} INFO - [2026-06-11T01:20:59.115+0000] {dagbag.py:588} INFO - Filling up the DagBag from /opt/airflow/dags/dag.py
[2026-06-11T01:20:59.132+0000] {processor.py:925} INFO - DAG(s) 'f1_medallion_pipeline' retrieved from /opt/airflow/dags/dag.py
[2026-06-11T01:20:59.151+0000] {logging_mixin.py:190} INFO - [2026-06-11T01:20:59.151+0000] {dag.py:3239} INFO - Sync 1 DAGs
[2026-06-11T01:20:59.160+0000] {logging_mixin.py:190} INFO - [2026-06-11T01:20:59.159+0000] {dag.py:4180} INFO - Setting next_dagrun for f1_medallion_pipeline to None, run_after=None
[2026-06-11T01:20:59.171+0000] {processor.py:208} INFO - Processing /opt/airflow/dags/dag.py took 0.066 seconds
[2026-06-11T01:21:29.270+0000] {processor.py:186} INFO - Started process (PID=38327) to work on /opt/airflow/dags/dag.py
[2026-06-11T01:21:29.271+0000] {processor.py:914} INFO - Processing file /opt/airflow/dags/dag.py for tasks to queue
[2026-06-11T01:21:29.272+0000] {logging_mixin.py:190} INFO - [2026-06-11T01:21:29.272+0000] {dagbag.py:588} INFO - Filling up the DagBag from /opt/airflow/dags/dag.py
[2026-06-11T01:21:29.288+0000] {processor.py:925} INFO - DAG(s) 'f1_medallion_pipeline' retrieved from /opt/airflow/dags/dag.py
[2026-06-11T01:21:29.307+0000] {logging_mixin.py:190} INFO - [2026-06-11T01:21:29.307+0000] {dag.py:3239} INFO - Sync 1 DAGs
[2026-06-11T01:21:29.315+0000] {logging_mixin.py:190} INFO - [2026-06-11T01:21:29.315+0000] {dag.py:4180} INFO - Setting next_dagrun for f1_medallion_pipeline to None, run_after=None
[2026-06-11T01:21:29.328+0000] {processor.py:208} INFO - Processing /opt/airflow/dags/dag.py took 0.065 seconds
[2026-06-11T01:21:59.463+0000] {processor.py:186} INFO - Started process (PID=38332) to work on /opt/airflow/dags/dag.py
[2026-06-11T01:21:59.464+0000] {processor.py:914} INFO - Processing file /opt/airflow/dags/dag.py for tasks to queue
[2026-06-11T01:21:59.466+0000] {logging_mixin.py:190} INFO - [2026-06-11T01:21:59.466+0000] {dagbag.py:588} INFO - Filling up the DagBag from /opt/airflow/dags/dag.py
[2026-06-11T01:21:59.482+0000] {processor.py:925} INFO - DAG(s) 'f1_medallion_pipeline' retrieved from /opt/airflow/dags/dag.py
[2026-06-11T01:21:59.500+0000] {logging_mixin.py:190} INFO - [2026-06-11T01:21:59.500+0000] {dag.py:3239} INFO - Sync 1 DAGs
[2026-06-11T01:21:59.508+0000] {logging_mixin.py:190} INFO - [2026-06-11T01:21:59.508+0000] {dag.py:4180} INFO - Setting next_dagrun for f1_medallion_pipeline to None, run_after=None
[2026-06-11T01:21:59.519+0000] {processor.py:208} INFO - Processing /opt/airflow/dags/dag.py took 0.063 seconds
[2026-06-11T01:22:29.624+0000] {processor.py:186} INFO - Started process (PID=38337) to work on /opt/airflow/dags/dag.py
[2026-06-11T01:22:29.624+0000] {processor.py:914} INFO - Processing file /opt/airflow/dags/dag.py for tasks to queue
[2026-06-11T01:22:29.626+0000] {logging_mixin.py:190} INFO - [2026-06-11T01:22:29.626+0000] {dagbag.py:588} INFO - Filling up the DagBag from /opt/airflow/dags/dag.py
[2026-06-11T01:22:29.643+0000] {processor.py:925} INFO - DAG(s) 'f1_medallion_pipeline' retrieved from /opt/airflow/dags/dag.py
[2026-06-11T01:22:29.662+0000] {logging_mixin.py:190} INFO - [2026-06-11T01:22:29.661+0000] {dag.py:3239} INFO - Sync 1 DAGs
[2026-06-11T01:22:29.670+0000] {logging_mixin.py:190} INFO - [2026-06-11T01:22:29.670+0000] {dag.py:4180} INFO - Setting next_dagrun for f1_medallion_pipeline to None, run_after=None
[2026-06-11T01:22:29.681+0000] {processor.py:208} INFO - Processing /opt/airflow/dags/dag.py took 0.064 seconds
[2026-06-11T01:22:59.816+0000] {processor.py:186} INFO - Started process (PID=38342) to work on /opt/airflow/dags/dag.py
[2026-06-11T01:22:59.816+0000] {processor.py:914} INFO - Processing file /opt/airflow/dags/dag.py for tasks to queue
[2026-06-11T01:22:59.818+0000] {logging_mixin.py:190} INFO - [2026-06-11T01:22:59.818+0000] {dagbag.py:588} INFO - Filling up the DagBag from /opt/airflow/dags/dag.py
[2026-06-11T01:22:59.834+0000] {processor.py:925} INFO - DAG(s) 'f1_medallion_pipeline' retrieved from /opt/airflow/dags/dag.py
[2026-06-11T01:22:59.852+0000] {logging_mixin.py:190} INFO - [2026-06-11T01:22:59.852+0000] {dag.py:3239} INFO - Sync 1 DAGs
[2026-06-11T01:22:59.860+0000] {logging_mixin.py:190} INFO - [2026-06-11T01:22:59.860+0000] {dag.py:4180} INFO - Setting next_dagrun for f1_medallion_pipeline to None, run_after=None
[2026-06-11T01:22:59.872+0000] {processor.py:208} INFO - Processing /opt/airflow/dags/dag.py took 0.063 seconds
[2026-06-11T01:23:29.978+0000] {processor.py:186} INFO - Started process (PID=38347) to work on /opt/airflow/dags/dag.py
[2026-06-11T01:23:29.978+0000] {processor.py:914} INFO - Processing file /opt/airflow/dags/dag.py for tasks to queue
[2026-06-11T01:23:29.980+0000] {logging_mixin.py:190} INFO - [2026-06-11T01:23:29.980+0000] {dagbag.py:588} INFO - Filling up the DagBag from /opt/airflow/dags/dag.py
[2026-06-11T01:23:29.997+0000] {processor.py:925} INFO - DAG(s) 'f1_medallion_pipeline' retrieved from /opt/airflow/dags/dag.py
[2026-06-11T01:23:30.015+0000] {logging_mixin.py:190} INFO - [2026-06-11T01:23:30.015+0000] {dag.py:3239} INFO - Sync 1 DAGs
[2026-06-11T01:23:30.023+0000] {logging_mixin.py:190} INFO - [2026-06-11T01:23:30.022+0000] {dag.py:4180} INFO - Setting next_dagrun for f1_medallion_pipeline to None, run_after=None
[2026-06-11T01:23:30.034+0000] {processor.py:208} INFO - Processing /opt/airflow/dags/dag.py took 0.063 seconds
[2026-06-11T01:24:00.146+0000] {processor.py:186} INFO - Started process (PID=38352) to work on /opt/airflow/dags/dag.py
[2026-06-11T01:24:00.147+0000] {processor.py:914} INFO - Processing file /opt/airflow/dags/dag.py for tasks to queue
[2026-06-11T01:24:00.149+0000] {logging_mixin.py:190} INFO - [2026-06-11T01:24:00.148+0000] {dagbag.py:588} INFO - Filling up the DagBag from /opt/airflow/dags/dag.py
[2026-06-11T01:24:00.166+0000] {processor.py:925} INFO - DAG(s) 'f1_medallion_pipeline' retrieved from /opt/airflow/dags/dag.py
[2026-06-11T01:24:00.186+0000] {logging_mixin.py:190} INFO - [2026-06-11T01:24:00.185+0000] {dag.py:3239} INFO - Sync 1 DAGs
[2026-06-11T01:24:00.193+0000] {logging_mixin.py:190} INFO - [2026-06-11T01:24:00.193+0000] {dag.py:4180} INFO - Setting next_dagrun for f1_medallion_pipeline to None, run_after=None
[2026-06-11T01:24:00.204+0000] {processor.py:208} INFO - Processing /opt/airflow/dags/dag.py took 0.065 seconds
[2026-06-11T01:24:30.326+0000] {processor.py:186} INFO - Started process (PID=38357) to work on /opt/airflow/dags/dag.py
[2026-06-11T01:24:30.327+0000] {processor.py:914} INFO - Processing file /opt/airflow/dags/dag.py for tasks to queue
[2026-06-11T01:24:30.328+0000] {logging_mixin.py:190} INFO - [2026-06-11T01:24:30.328+0000] {dagbag.py:588} INFO - Filling up the DagBag from /opt/airflow/dags/dag.py
[2026-06-11T01:24:30.344+0000] {processor.py:925} INFO - DAG(s) 'f1_medallion_pipeline' retrieved from /opt/airflow/dags/dag.py
[2026-06-11T01:24:30.365+0000] {logging_mixin.py:190} INFO - [2026-06-11T01:24:30.364+0000] {dag.py:3239} INFO - Sync 1 DAGs
[2026-06-11T01:24:30.372+0000] {logging_mixin.py:190} INFO - [2026-06-11T01:24:30.372+0000] {dag.py:4180} INFO - Setting next_dagrun for f1_medallion_pipeline to None, run_after=None
[2026-06-11T01:24:30.385+0000] {processor.py:208} INFO - Processing /opt/airflow/dags/dag.py took 0.067 seconds
[2026-06-11T01:25:00.509+0000] {processor.py:186} INFO - Started process (PID=38362) to work on /opt/airflow/dags/dag.py
[2026-06-11T01:25:00.510+0000] {processor.py:914} INFO - Processing file /opt/airflow/dags/dag.py for tasks to queue
[2026-06-11T01:25:00.511+0000] {logging_mixin.py:190} INFO - [2026-06-11T01:25:00.511+0000] {dagbag.py:588} INFO - Filling up the DagBag from /opt/airflow/dags/dag.py
[2026-06-11T01:25:00.528+0000] {processor.py:925} INFO - DAG(s) 'f1_medallion_pipeline' retrieved from /opt/airflow/dags/dag.py
[2026-06-11T01:25:00.546+0000] {logging_mixin.py:190} INFO - [2026-06-11T01:25:00.546+0000] {dag.py:3239} INFO - Sync 1 DAGs
[2026-06-11T01:25:00.555+0000] {logging_mixin.py:190} INFO - [2026-06-11T01:25:00.555+0000] {dag.py:4180} INFO - Setting next_dagrun for f1_medallion_pipeline to None, run_after=None
[2026-06-11T01:25:00.569+0000] {processor.py:208} INFO - Processing /opt/airflow/dags/dag.py took 0.067 seconds
[2026-06-11T01:25:30.676+0000] {processor.py:186} INFO - Started process (PID=38367) to work on /opt/airflow/dags/dag.py
[2026-06-11T01:25:30.677+0000] {processor.py:914} INFO - Processing file /opt/airflow/dags/dag.py for tasks to queue
[2026-06-11T01:25:30.678+0000] {logging_mixin.py:190} INFO - [2026-06-11T01:25:30.678+0000] {dagbag.py:588} INFO - Filling up the DagBag from /opt/airflow/dags/dag.py
[2026-06-11T01:25:30.694+0000] {processor.py:925} INFO - DAG(s) 'f1_medallion_pipeline' retrieved from /opt/airflow/dags/dag.py
[2026-06-11T01:25:30.714+0000] {logging_mixin.py:190} INFO - [2026-06-11T01:25:30.713+0000] {dag.py:3239} INFO - Sync 1 DAGs
[2026-06-11T01:25:30.722+0000] {logging_mixin.py:190} INFO - [2026-06-11T01:25:30.722+0000] {dag.py:4180} INFO - Setting next_dagrun for f1_medallion_pipeline to None, run_after=None
[2026-06-11T01:25:30.733+0000] {processor.py:208} INFO - Processing /opt/airflow/dags/dag.py took 0.063 seconds
[2026-06-11T01:26:00.871+0000] {processor.py:186} INFO - Started process (PID=38372) to work on /opt/airflow/dags/dag.py
[2026-06-11T01:26:00.872+0000] {processor.py:914} INFO - Processing file /opt/airflow/dags/dag.py for tasks to queue
[2026-06-11T01:26:00.873+0000] {logging_mixin.py:190} INFO - [2026-06-11T01:26:00.873+0000] {dagbag.py:588} INFO - Filling up the DagBag from /opt/airflow/dags/dag.py
[2026-06-11T01:26:00.888+0000] {processor.py:925} INFO - DAG(s) 'f1_medallion_pipeline' retrieved from /opt/airflow/dags/dag.py
[2026-06-11T01:26:00.908+0000] {logging_mixin.py:190} INFO - [2026-06-11T01:26:00.907+0000] {dag.py:3239} INFO - Sync 1 DAGs
[2026-06-11T01:26:00.915+0000] {logging_mixin.py:190} INFO - [2026-06-11T01:26:00.915+0000] {dag.py:4180} INFO - Setting next_dagrun for f1_medallion_pipeline to None, run_after=None
[2026-06-11T01:26:00.927+0000] {processor.py:208} INFO - Processing /opt/airflow/dags/dag.py took 0.063 seconds
[2026-06-11T01:26:31.032+0000] {processor.py:186} INFO - Started process (PID=38377) to work on /opt/airflow/dags/dag.py
[2026-06-11T01:26:31.032+0000] {processor.py:914} INFO - Processing file /opt/airflow/dags/dag.py for tasks to queue
[2026-06-11T01:26:31.034+0000] {logging_mixin.py:190} INFO - [2026-06-11T01:26:31.033+0000] {dagbag.py:588} INFO - Filling up the DagBag from /opt/airflow/dags/dag.py
[2026-06-11T01:26:31.050+0000] {processor.py:925} INFO - DAG(s) 'f1_medallion_pipeline' retrieved from /opt/airflow/dags/dag.py
[2026-06-11T01:26:31.068+0000] {logging_mixin.py:190} INFO - [2026-06-11T01:26:31.068+0000] {dag.py:3239} INFO - Sync 1 DAGs
[2026-06-11T01:26:31.075+0000] {logging_mixin.py:190} INFO - [2026-06-11T01:26:31.075+0000] {dag.py:4180} INFO - Setting next_dagrun for f1_medallion_pipeline to None, run_after=None
[2026-06-11T01:26:31.086+0000] {processor.py:208} INFO - Processing /opt/airflow/dags/dag.py took 0.062 seconds
[2026-06-11T01:27:01.211+0000] {processor.py:186} INFO - Started process (PID=38382) to work on /opt/airflow/dags/dag.py
[2026-06-11T01:27:01.212+0000] {processor.py:914} INFO - Processing file /opt/airflow/dags/dag.py for tasks to queue
[2026-06-11T01:27:01.213+0000] {logging_mixin.py:190} INFO - [2026-06-11T01:27:01.213+0000] {dagbag.py:588} INFO - Filling up the DagBag from /opt/airflow/dags/dag.py
[2026-06-11T01:27:01.229+0000] {processor.py:925} INFO - DAG(s) 'f1_medallion_pipeline' retrieved from /opt/airflow/dags/dag.py
[2026-06-11T01:27:01.247+0000] {logging_mixin.py:190} INFO - [2026-06-11T01:27:01.247+0000] {dag.py:3239} INFO - Sync 1 DAGs
[2026-06-11T01:27:01.255+0000] {logging_mixin.py:190} INFO - [2026-06-11T01:27:01.255+0000] {dag.py:4180} INFO - Setting next_dagrun for f1_medallion_pipeline to None, run_after=None
[2026-06-11T01:27:01.266+0000] {processor.py:208} INFO - Processing /opt/airflow/dags/dag.py took 0.061 seconds
[2026-06-11T01:27:31.371+0000] {processor.py:186} INFO - Started process (PID=38387) to work on /opt/airflow/dags/dag.py
[2026-06-11T01:27:31.372+0000] {processor.py:914} INFO - Processing file /opt/airflow/dags/dag.py for tasks to queue
[2026-06-11T01:27:31.374+0000] {logging_mixin.py:190} INFO - [2026-06-11T01:27:31.374+0000] {dagbag.py:588} INFO - Filling up the DagBag from /opt/airflow/dags/dag.py
[2026-06-11T01:27:31.390+0000] {processor.py:925} INFO - DAG(s) 'f1_medallion_pipeline' retrieved from /opt/airflow/dags/dag.py
[2026-06-11T01:27:31.409+0000] {logging_mixin.py:190} INFO - [2026-06-11T01:27:31.409+0000] {dag.py:3239} INFO - Sync 1 DAGs
[2026-06-11T01:27:31.417+0000] {logging_mixin.py:190} INFO - [2026-06-11T01:27:31.417+0000] {dag.py:4180} INFO - Setting next_dagrun for f1_medallion_pipeline to None, run_after=None
[2026-06-11T01:27:31.430+0000] {processor.py:208} INFO - Processing /opt/airflow/dags/dag.py took 0.066 seconds
[2026-06-11T01:28:01.557+0000] {processor.py:186} INFO - Started process (PID=38392) to work on /opt/airflow/dags/dag.py
[2026-06-11T01:28:01.558+0000] {processor.py:914} INFO - Processing file /opt/airflow/dags/dag.py for tasks to queue
[2026-06-11T01:28:01.560+0000] {logging_mixin.py:190} INFO - [2026-06-11T01:28:01.559+0000] {dagbag.py:588} INFO - Filling up the DagBag from /opt/airflow/dags/dag.py
[2026-06-11T01:28:01.575+0000] {processor.py:925} INFO - DAG(s) 'f1_medallion_pipeline' retrieved from /opt/airflow/dags/dag.py
[2026-06-11T01:28:01.595+0000] {logging_mixin.py:190} INFO - [2026-06-11T01:28:01.595+0000] {dag.py:3239} INFO - Sync 1 DAGs
[2026-06-11T01:28:01.603+0000] {logging_mixin.py:190} INFO - [2026-06-11T01:28:01.603+0000] {dag.py:4180} INFO - Setting next_dagrun for f1_medallion_pipeline to None, run_after=None
[2026-06-11T01:28:01.614+0000] {processor.py:208} INFO - Processing /opt/airflow/dags/dag.py took 0.064 seconds
[2026-06-11T01:28:31.714+0000] {processor.py:186} INFO - Started process (PID=38397) to work on /opt/airflow/dags/dag.py
[2026-06-11T01:28:31.715+0000] {processor.py:914} INFO - Processing file /opt/airflow/dags/dag.py for tasks to queue
[2026-06-11T01:28:31.716+0000] {logging_mixin.py:190} INFO - [2026-06-11T01:28:31.716+0000] {dagbag.py:588} INFO - Filling up the DagBag from /opt/airflow/dags/dag.py
[2026-06-11T01:28:31.733+0000] {processor.py:925} INFO - DAG(s) 'f1_medallion_pipeline' retrieved from /opt/airflow/dags/dag.py
[2026-06-11T01:28:31.751+0000] {logging_mixin.py:190} INFO - [2026-06-11T01:28:31.751+0000] {dag.py:3239} INFO - Sync 1 DAGs
[2026-06-11T01:28:31.760+0000] {logging_mixin.py:190} INFO - [2026-06-11T01:28:31.760+0000] {dag.py:4180} INFO - Setting next_dagrun for f1_medallion_pipeline to None, run_after=None
[2026-06-11T01:28:31.772+0000] {processor.py:208} INFO - Processing /opt/airflow/dags/dag.py took 0.065 seconds
[2026-06-11T01:29:01.892+0000] {processor.py:186} INFO - Started process (PID=38402) to work on /opt/airflow/dags/dag.py
[2026-06-11T01:29:01.893+0000] {processor.py:914} INFO - Processing file /opt/airflow/dags/dag.py for tasks to queue
[2026-06-11T01:29:01.894+0000] {logging_mixin.py:190} INFO - [2026-06-11T01:29:01.894+0000] {dagbag.py:588} INFO - Filling up the DagBag from /opt/airflow/dags/dag.py
[2026-06-11T01:29:01.910+0000] {processor.py:925} INFO - DAG(s) 'f1_medallion_pipeline' retrieved from /opt/airflow/dags/dag.py
[2026-06-11T01:29:01.929+0000] {logging_mixin.py:190} INFO - [2026-06-11T01:29:01.929+0000] {dag.py:3239} INFO - Sync 1 DAGs
[2026-06-11T01:29:01.936+0000] {logging_mixin.py:190} INFO - [2026-06-11T01:29:01.936+0000] {dag.py:4180} INFO - Setting next_dagrun for f1_medallion_pipeline to None, run_after=None
[2026-06-11T01:29:01.948+0000] {processor.py:208} INFO - Processing /opt/airflow/dags/dag.py took 0.062 seconds
[2026-06-11T01:29:32.055+0000] {processor.py:186} INFO - Started process (PID=38407) to work on /opt/airflow/dags/dag.py
[2026-06-11T01:29:32.055+0000] {processor.py:914} INFO - Processing file /opt/airflow/dags/dag.py for tasks to queue
[2026-06-11T01:29:32.057+0000] {logging_mixin.py:190} INFO - [2026-06-11T01:29:32.057+0000] {dagbag.py:588} INFO - Filling up the DagBag from /opt/airflow/dags/dag.py
[2026-06-11T01:29:32.073+0000] {processor.py:925} INFO - DAG(s) 'f1_medallion_pipeline' retrieved from /opt/airflow/dags/dag.py
[2026-06-11T01:29:32.092+0000] {logging_mixin.py:190} INFO - [2026-06-11T01:29:32.092+0000] {dag.py:3239} INFO - Sync 1 DAGs
[2026-06-11T01:29:32.100+0000] {logging_mixin.py:190} INFO - [2026-06-11T01:29:32.100+0000] {dag.py:4180} INFO - Setting next_dagrun for f1_medallion_pipeline to None, run_after=None
[2026-06-11T01:29:32.113+0000] {processor.py:208} INFO - Processing /opt/airflow/dags/dag.py took 0.066 seconds
[2026-06-11T01:30:02.250+0000] {processor.py:186} INFO - Started process (PID=38412) to work on /opt/airflow/dags/dag.py
[2026-06-11T01:30:02.251+0000] {processor.py:914} INFO - Processing file /opt/airflow/dags/dag.py for tasks to queue
[2026-06-11T01:30:02.252+0000] {logging_mixin.py:190} INFO - [2026-06-11T01:30:02.252+0000] {dagbag.py:588} INFO - Filling up the DagBag from /opt/airflow/dags/dag.py
[2026-06-11T01:30:02.268+0000] {processor.py:925} INFO - DAG(s) 'f1_medallion_pipeline' retrieved from /opt/airflow/dags/dag.py
[2026-06-11T01:30:02.287+0000] {logging_mixin.py:190} INFO - [2026-06-11T01:30:02.287+0000] {dag.py:3239} INFO - Sync 1 DAGs
[2026-06-11T01:30:02.295+0000] {logging_mixin.py:190} INFO - [2026-06-11T01:30:02.295+0000] {dag.py:4180} INFO - Setting next_dagrun for f1_medallion_pipeline to None, run_after=None
[2026-06-11T01:30:02.306+0000] {processor.py:208} INFO - Processing /opt/airflow/dags/dag.py took 0.063 seconds
[2026-06-11T01:30:32.417+0000] {processor.py:186} INFO - Started process (PID=38417) to work on /opt/airflow/dags/dag.py
[2026-06-11T01:30:32.418+0000] {processor.py:914} INFO - Processing file /opt/airflow/dags/dag.py for tasks to queue
[2026-06-11T01:30:32.419+0000] {logging_mixin.py:190} INFO - [2026-06-11T01:30:32.419+0000] {dagbag.py:588} INFO - Filling up the DagBag from /opt/airflow/dags/dag.py
[2026-06-11T01:30:32.435+0000] {processor.py:925} INFO - DAG(s) 'f1_medallion_pipeline' retrieved from /opt/airflow/dags/dag.py
[2026-06-11T01:30:32.454+0000] {logging_mixin.py:190} INFO - [2026-06-11T01:30:32.454+0000] {dag.py:3239} INFO - Sync 1 DAGs
[2026-06-11T01:30:32.462+0000] {logging_mixin.py:190} INFO - [2026-06-11T01:30:32.462+0000] {dag.py:4180} INFO - Setting next_dagrun for f1_medallion_pipeline to None, run_after=None
[2026-06-11T01:30:32.476+0000] {processor.py:208} INFO - Processing /opt/airflow/dags/dag.py took 0.067 seconds
[2026-06-11T01:31:02.594+0000] {processor.py:186} INFO - Started process (PID=38422) to work on /opt/airflow/dags/dag.py
[2026-06-11T01:31:02.595+0000] {processor.py:914} INFO - Processing file /opt/airflow/dags/dag.py for tasks to queue
[2026-06-11T01:31:02.596+0000] {logging_mixin.py:190} INFO - [2026-06-11T01:31:02.596+0000] {dagbag.py:588} INFO - Filling up the DagBag from /opt/airflow/dags/dag.py
[2026-06-11T01:31:02.614+0000] {processor.py:925} INFO - DAG(s) 'f1_medallion_pipeline' retrieved from /opt/airflow/dags/dag.py
[2026-06-11T01:31:02.632+0000] {logging_mixin.py:190} INFO - [2026-06-11T01:31:02.632+0000] {dag.py:3239} INFO - Sync 1 DAGs
[2026-06-11T01:31:02.640+0000] {logging_mixin.py:190} INFO - [2026-06-11T01:31:02.640+0000] {dag.py:4180} INFO - Setting next_dagrun for f1_medallion_pipeline to None, run_after=None
[2026-06-11T01:31:02.652+0000] {processor.py:208} INFO - Processing /opt/airflow/dags/dag.py took 0.067 seconds
[2026-06-11T01:31:32.762+0000] {processor.py:186} INFO - Started process (PID=38427) to work on /opt/airflow/dags/dag.py
[2026-06-11T01:31:32.762+0000] {processor.py:914} INFO - Processing file /opt/airflow/dags/dag.py for tasks to queue
[2026-06-11T01:31:32.764+0000] {logging_mixin.py:190} INFO - [2026-06-11T01:31:32.763+0000] {dagbag.py:588} INFO - Filling up the DagBag from /opt/airflow/dags/dag.py
[2026-06-11T01:31:32.780+0000] {processor.py:925} INFO - DAG(s) 'f1_medallion_pipeline' retrieved from /opt/airflow/dags/dag.py
[2026-06-11T01:31:32.807+0000] {logging_mixin.py:190} INFO - [2026-06-11T01:31:32.807+0000] {dag.py:3239} INFO - Sync 1 DAGs
[2026-06-11T01:31:32.820+0000] {logging_mixin.py:190} INFO - [2026-06-11T01:31:32.820+0000] {dag.py:4180} INFO - Setting next_dagrun for f1_medallion_pipeline to None, run_after=None
[2026-06-11T01:31:32.835+0000] {processor.py:208} INFO - Processing /opt/airflow/dags/dag.py took 0.081 seconds
[2026-06-11T01:32:02.921+0000] {processor.py:186} INFO - Started process (PID=38432) to work on /opt/airflow/dags/dag.py
[2026-06-11T01:32:02.922+0000] {processor.py:914} INFO - Processing file /opt/airflow/dags/dag.py for tasks to queue
[2026-06-11T01:32:02.923+0000] {logging_mixin.py:190} INFO - [2026-06-11T01:32:02.923+0000] {dagbag.py:588} INFO - Filling up the DagBag from /opt/airflow/dags/dag.py
[2026-06-11T01:32:02.938+0000] {processor.py:925} INFO - DAG(s) 'f1_medallion_pipeline' retrieved from /opt/airflow/dags/dag.py
[2026-06-11T01:32:02.959+0000] {logging_mixin.py:190} INFO - [2026-06-11T01:32:02.959+0000] {dag.py:3239} INFO - Sync 1 DAGs
[2026-06-11T01:32:02.967+0000] {logging_mixin.py:190} INFO - [2026-06-11T01:32:02.967+0000] {dag.py:4180} INFO - Setting next_dagrun for f1_medallion_pipeline to None, run_after=None
[2026-06-11T01:32:02.979+0000] {processor.py:208} INFO - Processing /opt/airflow/dags/dag.py took 0.066 seconds
[2026-06-11T01:32:33.128+0000] {processor.py:186} INFO - Started process (PID=38437) to work on /opt/airflow/dags/dag.py
[2026-06-11T01:32:33.128+0000] {processor.py:914} INFO - Processing file /opt/airflow/dags/dag.py for tasks to queue
[2026-06-11T01:32:33.130+0000] {logging_mixin.py:190} INFO - [2026-06-11T01:32:33.130+0000] {dagbag.py:588} INFO - Filling up the DagBag from /opt/airflow/dags/dag.py
[2026-06-11T01:32:33.145+0000] {processor.py:925} INFO - DAG(s) 'f1_medallion_pipeline' retrieved from /opt/airflow/dags/dag.py
[2026-06-11T01:32:33.165+0000] {logging_mixin.py:190} INFO - [2026-06-11T01:32:33.165+0000] {dag.py:3239} INFO - Sync 1 DAGs
[2026-06-11T01:32:33.173+0000] {logging_mixin.py:190} INFO - [2026-06-11T01:32:33.173+0000] {dag.py:4180} INFO - Setting next_dagrun for f1_medallion_pipeline to None, run_after=None
[2026-06-11T01:32:33.184+0000] {processor.py:208} INFO - Processing /opt/airflow/dags/dag.py took 0.063 seconds
[2026-06-11T01:33:03.285+0000] {processor.py:186} INFO - Started process (PID=38442) to work on /opt/airflow/dags/dag.py
[2026-06-11T01:33:03.286+0000] {processor.py:914} INFO - Processing file /opt/airflow/dags/dag.py for tasks to queue
[2026-06-11T01:33:03.287+0000] {logging_mixin.py:190} INFO - [2026-06-11T01:33:03.287+0000] {dagbag.py:588} INFO - Filling up the DagBag from /opt/airflow/dags/dag.py
[2026-06-11T01:33:03.305+0000] {processor.py:925} INFO - DAG(s) 'f1_medallion_pipeline' retrieved from /opt/airflow/dags/dag.py
[2026-06-11T01:33:03.323+0000] {logging_mixin.py:190} INFO - [2026-06-11T01:33:03.323+0000] {dag.py:3239} INFO - Sync 1 DAGs
[2026-06-11T01:33:03.332+0000] {logging_mixin.py:190} INFO - [2026-06-11T01:33:03.331+0000] {dag.py:4180} INFO - Setting next_dagrun for f1_medallion_pipeline to None, run_after=None
[2026-06-11T01:33:03.343+0000] {processor.py:208} INFO - Processing /opt/airflow/dags/dag.py took 0.065 seconds
[2026-06-11T01:33:33.463+0000] {processor.py:186} INFO - Started process (PID=38447) to work on /opt/airflow/dags/dag.py
[2026-06-11T01:33:33.464+0000] {processor.py:914} INFO - Processing file /opt/airflow/dags/dag.py for tasks to queue
[2026-06-11T01:33:33.465+0000] {logging_mixin.py:190} INFO - [2026-06-11T01:33:33.465+0000] {dagbag.py:588} INFO - Filling up the DagBag from /opt/airflow/dags/dag.py
[2026-06-11T01:33:33.481+0000] {processor.py:925} INFO - DAG(s) 'f1_medallion_pipeline' retrieved from /opt/airflow/dags/dag.py
[2026-06-11T01:33:33.500+0000] {logging_mixin.py:190} INFO - [2026-06-11T01:33:33.500+0000] {dag.py:3239} INFO - Sync 1 DAGs
[2026-06-11T01:33:33.508+0000] {logging_mixin.py:190} INFO - [2026-06-11T01:33:33.508+0000] {dag.py:4180} INFO - Setting next_dagrun for f1_medallion_pipeline to None, run_after=None
[2026-06-11T01:33:33.521+0000] {processor.py:208} INFO - Processing /opt/airflow/dags/dag.py took 0.064 seconds
[2026-06-11T01:34:03.619+0000] {processor.py:186} INFO - Started process (PID=38452) to work on /opt/airflow/dags/dag.py
[2026-06-11T01:34:03.619+0000] {processor.py:914} INFO - Processing file /opt/airflow/dags/dag.py for tasks to queue
[2026-06-11T01:34:03.621+0000] {logging_mixin.py:190} INFO - [2026-06-11T01:34:03.621+0000] {dagbag.py:588} INFO - Filling up the DagBag from /opt/airflow/dags/dag.py
[2026-06-11T01:34:03.639+0000] {processor.py:925} INFO - DAG(s) 'f1_medallion_pipeline' retrieved from /opt/airflow/dags/dag.py
[2026-06-11T01:34:03.658+0000] {logging_mixin.py:190} INFO - [2026-06-11T01:34:03.657+0000] {dag.py:3239} INFO - Sync 1 DAGs
[2026-06-11T01:34:03.665+0000] {logging_mixin.py:190} INFO - [2026-06-11T01:34:03.665+0000] {dag.py:4180} INFO - Setting next_dagrun for f1_medallion_pipeline to None, run_after=None
[2026-06-11T01:34:03.677+0000] {processor.py:208} INFO - Processing /opt/airflow/dags/dag.py took 0.065 seconds
[2026-06-11T01:34:33.819+0000] {processor.py:186} INFO - Started process (PID=38457) to work on /opt/airflow/dags/dag.py
[2026-06-11T01:34:33.819+0000] {processor.py:914} INFO - Processing file /opt/airflow/dags/dag.py for tasks to queue
[2026-06-11T01:34:33.821+0000] {logging_mixin.py:190} INFO - [2026-06-11T01:34:33.820+0000] {dagbag.py:588} INFO - Filling up the DagBag from /opt/airflow/dags/dag.py
[2026-06-11T01:34:33.839+0000] {processor.py:925} INFO - DAG(s) 'f1_medallion_pipeline' retrieved from /opt/airflow/dags/dag.py
[2026-06-11T01:34:33.859+0000] {logging_mixin.py:190} INFO - [2026-06-11T01:34:33.859+0000] {dag.py:3239} INFO - Sync 1 DAGs
[2026-06-11T01:34:33.867+0000] {logging_mixin.py:190} INFO - [2026-06-11T01:34:33.867+0000] {dag.py:4180} INFO - Setting next_dagrun for f1_medallion_pipeline to None, run_after=None
[2026-06-11T01:34:33.879+0000] {processor.py:208} INFO - Processing /opt/airflow/dags/dag.py took 0.068 seconds
[2026-06-11T01:35:03.988+0000] {processor.py:186} INFO - Started process (PID=38462) to work on /opt/airflow/dags/dag.py
[2026-06-11T01:35:03.988+0000] {processor.py:914} INFO - Processing file /opt/airflow/dags/dag.py for tasks to queue
[2026-06-11T01:35:03.990+0000] {logging_mixin.py:190} INFO - [2026-06-11T01:35:03.990+0000] {dagbag.py:588} INFO - Filling up the DagBag from /opt/airflow/dags/dag.py
[2026-06-11T01:35:04.006+0000] {processor.py:925} INFO - DAG(s) 'f1_medallion_pipeline' retrieved from /opt/airflow/dags/dag.py
[2026-06-11T01:35:04.024+0000] {logging_mixin.py:190} INFO - [2026-06-11T01:35:04.024+0000] {dag.py:3239} INFO - Sync 1 DAGs
[2026-06-11T01:35:04.032+0000] {logging_mixin.py:190} INFO - [2026-06-11T01:35:04.032+0000] {dag.py:4180} INFO - Setting next_dagrun for f1_medallion_pipeline to None, run_after=None
[2026-06-11T01:35:04.044+0000] {processor.py:208} INFO - Processing /opt/airflow/dags/dag.py took 0.064 seconds
[2026-06-11T01:35:34.159+0000] {processor.py:186} INFO - Started process (PID=38467) to work on /opt/airflow/dags/dag.py
[2026-06-11T01:35:34.160+0000] {processor.py:914} INFO - Processing file /opt/airflow/dags/dag.py for tasks to queue
[2026-06-11T01:35:34.161+0000] {logging_mixin.py:190} INFO - [2026-06-11T01:35:34.161+0000] {dagbag.py:588} INFO - Filling up the DagBag from /opt/airflow/dags/dag.py
[2026-06-11T01:35:34.179+0000] {processor.py:925} INFO - DAG(s) 'f1_medallion_pipeline' retrieved from /opt/airflow/dags/dag.py
[2026-06-11T01:35:34.198+0000] {logging_mixin.py:190} INFO - [2026-06-11T01:35:34.198+0000] {dag.py:3239} INFO - Sync 1 DAGs
[2026-06-11T01:35:34.206+0000] {logging_mixin.py:190} INFO - [2026-06-11T01:35:34.205+0000] {dag.py:4180} INFO - Setting next_dagrun for f1_medallion_pipeline to None, run_after=None
[2026-06-11T01:35:34.217+0000] {processor.py:208} INFO - Processing /opt/airflow/dags/dag.py took 0.065 seconds
[2026-06-11T01:36:04.318+0000] {processor.py:186} INFO - Started process (PID=38472) to work on /opt/airflow/dags/dag.py
[2026-06-11T01:36:04.319+0000] {processor.py:914} INFO - Processing file /opt/airflow/dags/dag.py for tasks to queue
[2026-06-11T01:36:04.320+0000] {logging_mixin.py:190} INFO - [2026-06-11T01:36:04.320+0000] {dagbag.py:588} INFO - Filling up the DagBag from /opt/airflow/dags/dag.py
[2026-06-11T01:36:04.337+0000] {processor.py:925} INFO - DAG(s) 'f1_medallion_pipeline' retrieved from /opt/airflow/dags/dag.py
[2026-06-11T01:36:04.356+0000] {logging_mixin.py:190} INFO - [2026-06-11T01:36:04.356+0000] {dag.py:3239} INFO - Sync 1 DAGs
[2026-06-11T01:36:04.363+0000] {logging_mixin.py:190} INFO - [2026-06-11T01:36:04.363+0000] {dag.py:4180} INFO - Setting next_dagrun for f1_medallion_pipeline to None, run_after=None
[2026-06-11T01:36:04.375+0000] {processor.py:208} INFO - Processing /opt/airflow/dags/dag.py took 0.064 seconds
[2026-06-11T01:36:34.496+0000] {processor.py:186} INFO - Started process (PID=38477) to work on /opt/airflow/dags/dag.py
[2026-06-11T01:36:34.497+0000] {processor.py:914} INFO - Processing file /opt/airflow/dags/dag.py for tasks to queue
[2026-06-11T01:36:34.498+0000] {logging_mixin.py:190} INFO - [2026-06-11T01:36:34.498+0000] {dagbag.py:588} INFO - Filling up the DagBag from /opt/airflow/dags/dag.py
[2026-06-11T01:36:34.515+0000] {processor.py:925} INFO - DAG(s) 'f1_medallion_pipeline' retrieved from /opt/airflow/dags/dag.py
[2026-06-11T01:36:34.533+0000] {logging_mixin.py:190} INFO - [2026-06-11T01:36:34.533+0000] {dag.py:3239} INFO - Sync 1 DAGs
[2026-06-11T01:36:34.542+0000] {logging_mixin.py:190} INFO - [2026-06-11T01:36:34.542+0000] {dag.py:4180} INFO - Setting next_dagrun for f1_medallion_pipeline to None, run_after=None
[2026-06-11T01:36:34.554+0000] {processor.py:208} INFO - Processing /opt/airflow/dags/dag.py took 0.064 seconds
[2026-06-11T01:37:04.658+0000] {processor.py:186} INFO - Started process (PID=38482) to work on /opt/airflow/dags/dag.py
[2026-06-11T01:37:04.659+0000] {processor.py:914} INFO - Processing file /opt/airflow/dags/dag.py for tasks to queue
[2026-06-11T01:37:04.660+0000] {logging_mixin.py:190} INFO - [2026-06-11T01:37:04.660+0000] {dagbag.py:588} INFO - Filling up the DagBag from /opt/airflow/dags/dag.py
[2026-06-11T01:37:04.677+0000] {processor.py:925} INFO - DAG(s) 'f1_medallion_pipeline' retrieved from /opt/airflow/dags/dag.py
[2026-06-11T01:37:04.697+0000] {logging_mixin.py:190} INFO - [2026-06-11T01:37:04.697+0000] {dag.py:3239} INFO - Sync 1 DAGs
[2026-06-11T01:37:04.705+0000] {logging_mixin.py:190} INFO - [2026-06-11T01:37:04.705+0000] {dag.py:4180} INFO - Setting next_dagrun for f1_medallion_pipeline to None, run_after=None
[2026-06-11T01:37:04.716+0000] {processor.py:208} INFO - Processing /opt/airflow/dags/dag.py took 0.065 seconds
[2026-06-11T01:37:34.848+0000] {processor.py:186} INFO - Started process (PID=38487) to work on /opt/airflow/dags/dag.py
[2026-06-11T01:37:34.849+0000] {processor.py:914} INFO - Processing file /opt/airflow/dags/dag.py for tasks to queue
[2026-06-11T01:37:34.851+0000] {logging_mixin.py:190} INFO - [2026-06-11T01:37:34.851+0000] {dagbag.py:588} INFO - Filling up the DagBag from /opt/airflow/dags/dag.py
[2026-06-11T01:37:34.870+0000] {processor.py:925} INFO - DAG(s) 'f1_medallion_pipeline' retrieved from /opt/airflow/dags/dag.py
[2026-06-11T01:37:34.890+0000] {logging_mixin.py:190} INFO - [2026-06-11T01:37:34.890+0000] {dag.py:3239} INFO - Sync 1 DAGs
[2026-06-11T01:37:34.898+0000] {logging_mixin.py:190} INFO - [2026-06-11T01:37:34.898+0000] {dag.py:4180} INFO - Setting next_dagrun for f1_medallion_pipeline to None, run_after=None
[2026-06-11T01:37:34.911+0000] {processor.py:208} INFO - Processing /opt/airflow/dags/dag.py took 0.070 seconds
[2026-06-11T01:38:05.006+0000] {processor.py:186} INFO - Started process (PID=38492) to work on /opt/airflow/dags/dag.py
[2026-06-11T01:38:05.006+0000] {processor.py:914} INFO - Processing file /opt/airflow/dags/dag.py for tasks to queue
[2026-06-11T01:38:05.008+0000] {logging_mixin.py:190} INFO - [2026-06-11T01:38:05.008+0000] {dagbag.py:588} INFO - Filling up the DagBag from /opt/airflow/dags/dag.py
[2026-06-11T01:38:05.024+0000] {processor.py:925} INFO - DAG(s) 'f1_medallion_pipeline' retrieved from /opt/airflow/dags/dag.py
[2026-06-11T01:38:05.043+0000] {logging_mixin.py:190} INFO - [2026-06-11T01:38:05.043+0000] {dag.py:3239} INFO - Sync 1 DAGs
[2026-06-11T01:38:05.051+0000] {logging_mixin.py:190} INFO - [2026-06-11T01:38:05.051+0000] {dag.py:4180} INFO - Setting next_dagrun for f1_medallion_pipeline to None, run_after=None
[2026-06-11T01:38:05.064+0000] {processor.py:208} INFO - Processing /opt/airflow/dags/dag.py took 0.066 seconds
[2026-06-11T01:38:35.203+0000] {processor.py:186} INFO - Started process (PID=38497) to work on /opt/airflow/dags/dag.py
[2026-06-11T01:38:35.203+0000] {processor.py:914} INFO - Processing file /opt/airflow/dags/dag.py for tasks to queue
[2026-06-11T01:38:35.205+0000] {logging_mixin.py:190} INFO - [2026-06-11T01:38:35.205+0000] {dagbag.py:588} INFO - Filling up the DagBag from /opt/airflow/dags/dag.py
[2026-06-11T01:38:35.224+0000] {processor.py:925} INFO - DAG(s) 'f1_medallion_pipeline' retrieved from /opt/airflow/dags/dag.py
[2026-06-11T01:38:35.244+0000] {logging_mixin.py:190} INFO - [2026-06-11T01:38:35.244+0000] {dag.py:3239} INFO - Sync 1 DAGs
[2026-06-11T01:38:35.252+0000] {logging_mixin.py:190} INFO - [2026-06-11T01:38:35.252+0000] {dag.py:4180} INFO - Setting next_dagrun for f1_medallion_pipeline to None, run_after=None
[2026-06-11T01:38:35.264+0000] {processor.py:208} INFO - Processing /opt/airflow/dags/dag.py took 0.069 seconds
[2026-06-11T01:39:05.348+0000] {processor.py:186} INFO - Started process (PID=38502) to work on /opt/airflow/dags/dag.py
[2026-06-11T01:39:05.348+0000] {processor.py:914} INFO - Processing file /opt/airflow/dags/dag.py for tasks to queue
[2026-06-11T01:39:05.350+0000] {logging_mixin.py:190} INFO - [2026-06-11T01:39:05.350+0000] {dagbag.py:588} INFO - Filling up the DagBag from /opt/airflow/dags/dag.py
[2026-06-11T01:39:05.366+0000] {processor.py:925} INFO - DAG(s) 'f1_medallion_pipeline' retrieved from /opt/airflow/dags/dag.py
[2026-06-11T01:39:05.390+0000] {logging_mixin.py:190} INFO - [2026-06-11T01:39:05.390+0000] {dag.py:3239} INFO - Sync 1 DAGs
[2026-06-11T01:39:05.399+0000] {logging_mixin.py:190} INFO - [2026-06-11T01:39:05.399+0000] {dag.py:4180} INFO - Setting next_dagrun for f1_medallion_pipeline to None, run_after=None
[2026-06-11T01:39:05.412+0000] {processor.py:208} INFO - Processing /opt/airflow/dags/dag.py took 0.071 seconds
[2026-06-11T01:39:35.535+0000] {processor.py:186} INFO - Started process (PID=38507) to work on /opt/airflow/dags/dag.py
[2026-06-11T01:39:35.536+0000] {processor.py:914} INFO - Processing file /opt/airflow/dags/dag.py for tasks to queue
[2026-06-11T01:39:35.538+0000] {logging_mixin.py:190} INFO - [2026-06-11T01:39:35.537+0000] {dagbag.py:588} INFO - Filling up the DagBag from /opt/airflow/dags/dag.py
[2026-06-11T01:39:35.553+0000] {processor.py:925} INFO - DAG(s) 'f1_medallion_pipeline' retrieved from /opt/airflow/dags/dag.py
[2026-06-11T01:39:35.572+0000] {logging_mixin.py:190} INFO - [2026-06-11T01:39:35.572+0000] {dag.py:3239} INFO - Sync 1 DAGs
[2026-06-11T01:39:35.580+0000] {logging_mixin.py:190} INFO - [2026-06-11T01:39:35.580+0000] {dag.py:4180} INFO - Setting next_dagrun for f1_medallion_pipeline to None, run_after=None
[2026-06-11T01:39:35.592+0000] {processor.py:208} INFO - Processing /opt/airflow/dags/dag.py took 0.063 seconds
[2026-06-11T01:40:05.706+0000] {processor.py:186} INFO - Started process (PID=38512) to work on /opt/airflow/dags/dag.py
[2026-06-11T01:40:05.706+0000] {processor.py:914} INFO - Processing file /opt/airflow/dags/dag.py for tasks to queue
[2026-06-11T01:40:05.708+0000] {logging_mixin.py:190} INFO - [2026-06-11T01:40:05.708+0000] {dagbag.py:588} INFO - Filling up the DagBag from /opt/airflow/dags/dag.py
[2026-06-11T01:40:05.723+0000] {processor.py:925} INFO - DAG(s) 'f1_medallion_pipeline' retrieved from /opt/airflow/dags/dag.py
[2026-06-11T01:40:05.742+0000] {logging_mixin.py:190} INFO - [2026-06-11T01:40:05.742+0000] {dag.py:3239} INFO - Sync 1 DAGs
[2026-06-11T01:40:05.749+0000] {logging_mixin.py:190} INFO - [2026-06-11T01:40:05.749+0000] {dag.py:4180} INFO - Setting next_dagrun for f1_medallion_pipeline to None, run_after=None
[2026-06-11T01:40:05.762+0000] {processor.py:208} INFO - Processing /opt/airflow/dags/dag.py took 0.064 seconds
[2026-06-11T01:40:35.869+0000] {processor.py:186} INFO - Started process (PID=38517) to work on /opt/airflow/dags/dag.py
[2026-06-11T01:40:35.870+0000] {processor.py:914} INFO - Processing file /opt/airflow/dags/dag.py for tasks to queue
[2026-06-11T01:40:35.871+0000] {logging_mixin.py:190} INFO - [2026-06-11T01:40:35.871+0000] {dagbag.py:588} INFO - Filling up the DagBag from /opt/airflow/dags/dag.py
[2026-06-11T01:40:35.887+0000] {processor.py:925} INFO - DAG(s) 'f1_medallion_pipeline' retrieved from /opt/airflow/dags/dag.py
[2026-06-11T01:40:35.906+0000] {logging_mixin.py:190} INFO - [2026-06-11T01:40:35.905+0000] {dag.py:3239} INFO - Sync 1 DAGs
[2026-06-11T01:40:35.913+0000] {logging_mixin.py:190} INFO - [2026-06-11T01:40:35.913+0000] {dag.py:4180} INFO - Setting next_dagrun for f1_medallion_pipeline to None, run_after=None
[2026-06-11T01:40:35.924+0000] {processor.py:208} INFO - Processing /opt/airflow/dags/dag.py took 0.063 seconds
[2026-06-11T01:41:06.032+0000] {processor.py:186} INFO - Started process (PID=38522) to work on /opt/airflow/dags/dag.py
[2026-06-11T01:41:06.033+0000] {processor.py:914} INFO - Processing file /opt/airflow/dags/dag.py for tasks to queue
[2026-06-11T01:41:06.034+0000] {logging_mixin.py:190} INFO - [2026-06-11T01:41:06.034+0000] {dagbag.py:588} INFO - Filling up the DagBag from /opt/airflow/dags/dag.py
[2026-06-11T01:41:06.051+0000] {processor.py:925} INFO - DAG(s) 'f1_medallion_pipeline' retrieved from /opt/airflow/dags/dag.py
[2026-06-11T01:41:06.072+0000] {logging_mixin.py:190} INFO - [2026-06-11T01:41:06.072+0000] {dag.py:3239} INFO - Sync 1 DAGs
[2026-06-11T01:41:06.080+0000] {logging_mixin.py:190} INFO - [2026-06-11T01:41:06.080+0000] {dag.py:4180} INFO - Setting next_dagrun for f1_medallion_pipeline to None, run_after=None
[2026-06-11T01:41:06.091+0000] {processor.py:208} INFO - Processing /opt/airflow/dags/dag.py took 0.066 seconds
[2026-06-11T01:41:36.214+0000] {processor.py:186} INFO - Started process (PID=38527) to work on /opt/airflow/dags/dag.py
[2026-06-11T01:41:36.214+0000] {processor.py:914} INFO - Processing file /opt/airflow/dags/dag.py for tasks to queue
[2026-06-11T01:41:36.216+0000] {logging_mixin.py:190} INFO - [2026-06-11T01:41:36.216+0000] {dagbag.py:588} INFO - Filling up the DagBag from /opt/airflow/dags/dag.py
[2026-06-11T01:41:36.231+0000] {processor.py:925} INFO - DAG(s) 'f1_medallion_pipeline' retrieved from /opt/airflow/dags/dag.py
[2026-06-11T01:41:36.251+0000] {logging_mixin.py:190} INFO - [2026-06-11T01:41:36.251+0000] {dag.py:3239} INFO - Sync 1 DAGs
[2026-06-11T01:41:36.260+0000] {logging_mixin.py:190} INFO - [2026-06-11T01:41:36.260+0000] {dag.py:4180} INFO - Setting next_dagrun for f1_medallion_pipeline to None, run_after=None
[2026-06-11T01:41:36.272+0000] {processor.py:208} INFO - Processing /opt/airflow/dags/dag.py took 0.065 seconds
[2026-06-11T01:42:06.382+0000] {processor.py:186} INFO - Started process (PID=38532) to work on /opt/airflow/dags/dag.py
[2026-06-11T01:42:06.383+0000] {processor.py:914} INFO - Processing file /opt/airflow/dags/dag.py for tasks to queue
[2026-06-11T01:42:06.384+0000] {logging_mixin.py:190} INFO - [2026-06-11T01:42:06.384+0000] {dagbag.py:588} INFO - Filling up the DagBag from /opt/airflow/dags/dag.py
[2026-06-11T01:42:06.404+0000] {processor.py:925} INFO - DAG(s) 'f1_medallion_pipeline' retrieved from /opt/airflow/dags/dag.py
[2026-06-11T01:42:06.425+0000] {logging_mixin.py:190} INFO - [2026-06-11T01:42:06.424+0000] {dag.py:3239} INFO - Sync 1 DAGs
[2026-06-11T01:42:06.433+0000] {logging_mixin.py:190} INFO - [2026-06-11T01:42:06.432+0000] {dag.py:4180} INFO - Setting next_dagrun for f1_medallion_pipeline to None, run_after=None
[2026-06-11T01:42:06.445+0000] {processor.py:208} INFO - Processing /opt/airflow/dags/dag.py took 0.072 seconds
[2026-06-11T01:42:36.558+0000] {processor.py:186} INFO - Started process (PID=38537) to work on /opt/airflow/dags/dag.py
[2026-06-11T01:42:36.558+0000] {processor.py:914} INFO - Processing file /opt/airflow/dags/dag.py for tasks to queue
[2026-06-11T01:42:36.560+0000] {logging_mixin.py:190} INFO - [2026-06-11T01:42:36.560+0000] {dagbag.py:588} INFO - Filling up the DagBag from /opt/airflow/dags/dag.py
[2026-06-11T01:42:36.577+0000] {processor.py:925} INFO - DAG(s) 'f1_medallion_pipeline' retrieved from /opt/airflow/dags/dag.py
[2026-06-11T01:42:36.596+0000] {logging_mixin.py:190} INFO - [2026-06-11T01:42:36.596+0000] {dag.py:3239} INFO - Sync 1 DAGs
[2026-06-11T01:42:36.605+0000] {logging_mixin.py:190} INFO - [2026-06-11T01:42:36.604+0000] {dag.py:4180} INFO - Setting next_dagrun for f1_medallion_pipeline to None, run_after=None
[2026-06-11T01:42:36.616+0000] {processor.py:208} INFO - Processing /opt/airflow/dags/dag.py took 0.065 seconds
[2026-06-11T01:43:06.724+0000] {processor.py:186} INFO - Started process (PID=38542) to work on /opt/airflow/dags/dag.py
[2026-06-11T01:43:06.725+0000] {processor.py:914} INFO - Processing file /opt/airflow/dags/dag.py for tasks to queue
[2026-06-11T01:43:06.726+0000] {logging_mixin.py:190} INFO - [2026-06-11T01:43:06.726+0000] {dagbag.py:588} INFO - Filling up the DagBag from /opt/airflow/dags/dag.py
[2026-06-11T01:43:06.743+0000] {processor.py:925} INFO - DAG(s) 'f1_medallion_pipeline' retrieved from /opt/airflow/dags/dag.py
[2026-06-11T01:43:06.762+0000] {logging_mixin.py:190} INFO - [2026-06-11T01:43:06.762+0000] {dag.py:3239} INFO - Sync 1 DAGs
[2026-06-11T01:43:06.770+0000] {logging_mixin.py:190} INFO - [2026-06-11T01:43:06.770+0000] {dag.py:4180} INFO - Setting next_dagrun for f1_medallion_pipeline to None, run_after=None
[2026-06-11T01:43:06.782+0000] {processor.py:208} INFO - Processing /opt/airflow/dags/dag.py took 0.066 seconds
[2026-06-11T01:43:36.909+0000] {processor.py:186} INFO - Started process (PID=38547) to work on /opt/airflow/dags/dag.py
[2026-06-11T01:43:36.910+0000] {processor.py:914} INFO - Processing file /opt/airflow/dags/dag.py for tasks to queue
[2026-06-11T01:43:36.911+0000] {logging_mixin.py:190} INFO - [2026-06-11T01:43:36.911+0000] {dagbag.py:588} INFO - Filling up the DagBag from /opt/airflow/dags/dag.py
[2026-06-11T01:43:36.928+0000] {processor.py:925} INFO - DAG(s) 'f1_medallion_pipeline' retrieved from /opt/airflow/dags/dag.py
[2026-06-11T01:43:36.946+0000] {logging_mixin.py:190} INFO - [2026-06-11T01:43:36.946+0000] {dag.py:3239} INFO - Sync 1 DAGs
[2026-06-11T01:43:36.954+0000] {logging_mixin.py:190} INFO - [2026-06-11T01:43:36.954+0000] {dag.py:4180} INFO - Setting next_dagrun for f1_medallion_pipeline to None, run_after=None
[2026-06-11T01:43:36.964+0000] {processor.py:208} INFO - Processing /opt/airflow/dags/dag.py took 0.063 seconds
[2026-06-11T01:44:07.061+0000] {processor.py:186} INFO - Started process (PID=38552) to work on /opt/airflow/dags/dag.py
[2026-06-11T01:44:07.062+0000] {processor.py:914} INFO - Processing file /opt/airflow/dags/dag.py for tasks to queue
[2026-06-11T01:44:07.063+0000] {logging_mixin.py:190} INFO - [2026-06-11T01:44:07.063+0000] {dagbag.py:588} INFO - Filling up the DagBag from /opt/airflow/dags/dag.py
[2026-06-11T01:44:07.079+0000] {processor.py:925} INFO - DAG(s) 'f1_medallion_pipeline' retrieved from /opt/airflow/dags/dag.py
[2026-06-11T01:44:07.099+0000] {logging_mixin.py:190} INFO - [2026-06-11T01:44:07.099+0000] {dag.py:3239} INFO - Sync 1 DAGs
[2026-06-11T01:44:07.107+0000] {logging_mixin.py:190} INFO - [2026-06-11T01:44:07.107+0000] {dag.py:4180} INFO - Setting next_dagrun for f1_medallion_pipeline to None, run_after=None
[2026-06-11T01:44:07.118+0000] {processor.py:208} INFO - Processing /opt/airflow/dags/dag.py took 0.065 seconds
[2026-06-11T01:44:37.257+0000] {processor.py:186} INFO - Started process (PID=38557) to work on /opt/airflow/dags/dag.py
[2026-06-11T01:44:37.258+0000] {processor.py:914} INFO - Processing file /opt/airflow/dags/dag.py for tasks to queue
[2026-06-11T01:44:37.259+0000] {logging_mixin.py:190} INFO - [2026-06-11T01:44:37.259+0000] {dagbag.py:588} INFO - Filling up the DagBag from /opt/airflow/dags/dag.py
[2026-06-11T01:44:37.275+0000] {processor.py:925} INFO - DAG(s) 'f1_medallion_pipeline' retrieved from /opt/airflow/dags/dag.py
[2026-06-11T01:44:37.294+0000] {logging_mixin.py:190} INFO - [2026-06-11T01:44:37.294+0000] {dag.py:3239} INFO - Sync 1 DAGs
[2026-06-11T01:44:37.302+0000] {logging_mixin.py:190} INFO - [2026-06-11T01:44:37.302+0000] {dag.py:4180} INFO - Setting next_dagrun for f1_medallion_pipeline to None, run_after=None
[2026-06-11T01:44:37.314+0000] {processor.py:208} INFO - Processing /opt/airflow/dags/dag.py took 0.064 seconds
[2026-06-11T01:45:07.435+0000] {processor.py:186} INFO - Started process (PID=38562) to work on /opt/airflow/dags/dag.py
[2026-06-11T01:45:07.436+0000] {processor.py:914} INFO - Processing file /opt/airflow/dags/dag.py for tasks to queue
[2026-06-11T01:45:07.438+0000] {logging_mixin.py:190} INFO - [2026-06-11T01:45:07.437+0000] {dagbag.py:588} INFO - Filling up the DagBag from /opt/airflow/dags/dag.py
[2026-06-11T01:45:07.456+0000] {processor.py:925} INFO - DAG(s) 'f1_medallion_pipeline' retrieved from /opt/airflow/dags/dag.py
[2026-06-11T01:45:07.475+0000] {logging_mixin.py:190} INFO - [2026-06-11T01:45:07.475+0000] {dag.py:3239} INFO - Sync 1 DAGs
[2026-06-11T01:45:07.483+0000] {logging_mixin.py:190} INFO - [2026-06-11T01:45:07.483+0000] {dag.py:4180} INFO - Setting next_dagrun for f1_medallion_pipeline to None, run_after=None
[2026-06-11T01:45:07.495+0000] {processor.py:208} INFO - Processing /opt/airflow/dags/dag.py took 0.069 seconds
[2026-06-11T01:45:37.607+0000] {processor.py:186} INFO - Started process (PID=38567) to work on /opt/airflow/dags/dag.py
[2026-06-11T01:45:37.607+0000] {processor.py:914} INFO - Processing file /opt/airflow/dags/dag.py for tasks to queue
[2026-06-11T01:45:37.609+0000] {logging_mixin.py:190} INFO - [2026-06-11T01:45:37.609+0000] {dagbag.py:588} INFO - Filling up the DagBag from /opt/airflow/dags/dag.py
[2026-06-11T01:45:37.630+0000] {processor.py:925} INFO - DAG(s) 'f1_medallion_pipeline' retrieved from /opt/airflow/dags/dag.py
[2026-06-11T01:45:37.653+0000] {logging_mixin.py:190} INFO - [2026-06-11T01:45:37.653+0000] {dag.py:3239} INFO - Sync 1 DAGs
[2026-06-11T01:45:37.661+0000] {logging_mixin.py:190} INFO - [2026-06-11T01:45:37.661+0000] {dag.py:4180} INFO - Setting next_dagrun for f1_medallion_pipeline to None, run_after=None
[2026-06-11T01:45:37.673+0000] {processor.py:208} INFO - Processing /opt/airflow/dags/dag.py took 0.074 seconds
[2026-06-11T01:46:07.785+0000] {processor.py:186} INFO - Started process (PID=38572) to work on /opt/airflow/dags/dag.py
[2026-06-11T01:46:07.786+0000] {processor.py:914} INFO - Processing file /opt/airflow/dags/dag.py for tasks to queue
[2026-06-11T01:46:07.787+0000] {logging_mixin.py:190} INFO - [2026-06-11T01:46:07.787+0000] {dagbag.py:588} INFO - Filling up the DagBag from /opt/airflow/dags/dag.py
[2026-06-11T01:46:07.803+0000] {processor.py:925} INFO - DAG(s) 'f1_medallion_pipeline' retrieved from /opt/airflow/dags/dag.py
[2026-06-11T01:46:07.821+0000] {logging_mixin.py:190} INFO - [2026-06-11T01:46:07.821+0000] {dag.py:3239} INFO - Sync 1 DAGs
[2026-06-11T01:46:07.829+0000] {logging_mixin.py:190} INFO - [2026-06-11T01:46:07.829+0000] {dag.py:4180} INFO - Setting next_dagrun for f1_medallion_pipeline to None, run_after=None
[2026-06-11T01:46:07.840+0000] {processor.py:208} INFO - Processing /opt/airflow/dags/dag.py took 0.062 seconds
[2026-06-11T01:46:37.972+0000] {processor.py:186} INFO - Started process (PID=38577) to work on /opt/airflow/dags/dag.py
[2026-06-11T01:46:37.973+0000] {processor.py:914} INFO - Processing file /opt/airflow/dags/dag.py for tasks to queue
[2026-06-11T01:46:37.974+0000] {logging_mixin.py:190} INFO - [2026-06-11T01:46:37.974+0000] {dagbag.py:588} INFO - Filling up the DagBag from /opt/airflow/dags/dag.py
[2026-06-11T01:46:37.992+0000] {processor.py:925} INFO - DAG(s) 'f1_medallion_pipeline' retrieved from /opt/airflow/dags/dag.py
[2026-06-11T01:46:38.011+0000] {logging_mixin.py:190} INFO - [2026-06-11T01:46:38.011+0000] {dag.py:3239} INFO - Sync 1 DAGs
[2026-06-11T01:46:38.019+0000] {logging_mixin.py:190} INFO - [2026-06-11T01:46:38.019+0000] {dag.py:4180} INFO - Setting next_dagrun for f1_medallion_pipeline to None, run_after=None
[2026-06-11T01:46:38.030+0000] {processor.py:208} INFO - Processing /opt/airflow/dags/dag.py took 0.065 seconds
[2026-06-11T01:47:08.127+0000] {processor.py:186} INFO - Started process (PID=38582) to work on /opt/airflow/dags/dag.py
[2026-06-11T01:47:08.128+0000] {processor.py:914} INFO - Processing file /opt/airflow/dags/dag.py for tasks to queue
[2026-06-11T01:47:08.129+0000] {logging_mixin.py:190} INFO - [2026-06-11T01:47:08.129+0000] {dagbag.py:588} INFO - Filling up the DagBag from /opt/airflow/dags/dag.py
[2026-06-11T01:47:08.147+0000] {processor.py:925} INFO - DAG(s) 'f1_medallion_pipeline' retrieved from /opt/airflow/dags/dag.py
[2026-06-11T01:47:08.166+0000] {logging_mixin.py:190} INFO - [2026-06-11T01:47:08.166+0000] {dag.py:3239} INFO - Sync 1 DAGs
[2026-06-11T01:47:08.174+0000] {logging_mixin.py:190} INFO - [2026-06-11T01:47:08.174+0000] {dag.py:4180} INFO - Setting next_dagrun for f1_medallion_pipeline to None, run_after=None
[2026-06-11T01:47:08.185+0000] {processor.py:208} INFO - Processing /opt/airflow/dags/dag.py took 0.065 seconds
[2026-06-11T01:47:38.313+0000] {processor.py:186} INFO - Started process (PID=38587) to work on /opt/airflow/dags/dag.py
[2026-06-11T01:47:38.314+0000] {processor.py:914} INFO - Processing file /opt/airflow/dags/dag.py for tasks to queue
[2026-06-11T01:47:38.315+0000] {logging_mixin.py:190} INFO - [2026-06-11T01:47:38.315+0000] {dagbag.py:588} INFO - Filling up the DagBag from /opt/airflow/dags/dag.py
[2026-06-11T01:47:38.331+0000] {processor.py:925} INFO - DAG(s) 'f1_medallion_pipeline' retrieved from /opt/airflow/dags/dag.py
[2026-06-11T01:47:38.350+0000] {logging_mixin.py:190} INFO - [2026-06-11T01:47:38.350+0000] {dag.py:3239} INFO - Sync 1 DAGs
[2026-06-11T01:47:38.358+0000] {logging_mixin.py:190} INFO - [2026-06-11T01:47:38.357+0000] {dag.py:4180} INFO - Setting next_dagrun for f1_medallion_pipeline to None, run_after=None
[2026-06-11T01:47:38.370+0000] {processor.py:208} INFO - Processing /opt/airflow/dags/dag.py took 0.064 seconds
[2026-06-11T01:48:08.471+0000] {processor.py:186} INFO - Started process (PID=38592) to work on /opt/airflow/dags/dag.py
[2026-06-11T01:48:08.472+0000] {processor.py:914} INFO - Processing file /opt/airflow/dags/dag.py for tasks to queue
[2026-06-11T01:48:08.474+0000] {logging_mixin.py:190} INFO - [2026-06-11T01:48:08.474+0000] {dagbag.py:588} INFO - Filling up the DagBag from /opt/airflow/dags/dag.py
[2026-06-11T01:48:08.490+0000] {processor.py:925} INFO - DAG(s) 'f1_medallion_pipeline' retrieved from /opt/airflow/dags/dag.py
[2026-06-11T01:48:08.509+0000] {logging_mixin.py:190} INFO - [2026-06-11T01:48:08.509+0000] {dag.py:3239} INFO - Sync 1 DAGs
[2026-06-11T01:48:08.518+0000] {logging_mixin.py:190} INFO - [2026-06-11T01:48:08.517+0000] {dag.py:4180} INFO - Setting next_dagrun for f1_medallion_pipeline to None, run_after=None
[2026-06-11T01:48:08.529+0000] {processor.py:208} INFO - Processing /opt/airflow/dags/dag.py took 0.065 seconds
[2026-06-11T01:48:38.645+0000] {processor.py:186} INFO - Started process (PID=38597) to work on /opt/airflow/dags/dag.py
[2026-06-11T01:48:38.645+0000] {processor.py:914} INFO - Processing file /opt/airflow/dags/dag.py for tasks to queue
[2026-06-11T01:48:38.647+0000] {logging_mixin.py:190} INFO - [2026-06-11T01:48:38.647+0000] {dagbag.py:588} INFO - Filling up the DagBag from /opt/airflow/dags/dag.py
[2026-06-11T01:48:38.662+0000] {processor.py:925} INFO - DAG(s) 'f1_medallion_pipeline' retrieved from /opt/airflow/dags/dag.py
[2026-06-11T01:48:38.681+0000] {logging_mixin.py:190} INFO - [2026-06-11T01:48:38.681+0000] {dag.py:3239} INFO - Sync 1 DAGs
[2026-06-11T01:48:38.688+0000] {logging_mixin.py:190} INFO - [2026-06-11T01:48:38.688+0000] {dag.py:4180} INFO - Setting next_dagrun for f1_medallion_pipeline to None, run_after=None
[2026-06-11T01:48:38.699+0000] {processor.py:208} INFO - Processing /opt/airflow/dags/dag.py took 0.062 seconds
[2026-06-11T01:49:08.806+0000] {processor.py:186} INFO - Started process (PID=38602) to work on /opt/airflow/dags/dag.py
[2026-06-11T01:49:08.806+0000] {processor.py:914} INFO - Processing file /opt/airflow/dags/dag.py for tasks to queue
[2026-06-11T01:49:08.808+0000] {logging_mixin.py:190} INFO - [2026-06-11T01:49:08.807+0000] {dagbag.py:588} INFO - Filling up the DagBag from /opt/airflow/dags/dag.py
[2026-06-11T01:49:08.823+0000] {processor.py:925} INFO - DAG(s) 'f1_medallion_pipeline' retrieved from /opt/airflow/dags/dag.py
[2026-06-11T01:49:08.841+0000] {logging_mixin.py:190} INFO - [2026-06-11T01:49:08.841+0000] {dag.py:3239} INFO - Sync 1 DAGs
[2026-06-11T01:49:08.849+0000] {logging_mixin.py:190} INFO - [2026-06-11T01:49:08.849+0000] {dag.py:4180} INFO - Setting next_dagrun for f1_medallion_pipeline to None, run_after=None
[2026-06-11T01:49:08.861+0000] {processor.py:208} INFO - Processing /opt/airflow/dags/dag.py took 0.063 seconds
[2026-06-11T01:49:38.976+0000] {processor.py:186} INFO - Started process (PID=38607) to work on /opt/airflow/dags/dag.py
[2026-06-11T01:49:38.976+0000] {processor.py:914} INFO - Processing file /opt/airflow/dags/dag.py for tasks to queue
[2026-06-11T01:49:38.978+0000] {logging_mixin.py:190} INFO - [2026-06-11T01:49:38.978+0000] {dagbag.py:588} INFO - Filling up the DagBag from /opt/airflow/dags/dag.py
[2026-06-11T01:49:38.993+0000] {processor.py:925} INFO - DAG(s) 'f1_medallion_pipeline' retrieved from /opt/airflow/dags/dag.py
[2026-06-11T01:49:39.012+0000] {logging_mixin.py:190} INFO - [2026-06-11T01:49:39.012+0000] {dag.py:3239} INFO - Sync 1 DAGs
[2026-06-11T01:49:39.020+0000] {logging_mixin.py:190} INFO - [2026-06-11T01:49:39.020+0000] {dag.py:4180} INFO - Setting next_dagrun for f1_medallion_pipeline to None, run_after=None
[2026-06-11T01:49:39.033+0000] {processor.py:208} INFO - Processing /opt/airflow/dags/dag.py took 0.065 seconds
[2026-06-11T01:50:09.150+0000] {processor.py:186} INFO - Started process (PID=38612) to work on /opt/airflow/dags/dag.py
[2026-06-11T01:50:09.150+0000] {processor.py:914} INFO - Processing file /opt/airflow/dags/dag.py for tasks to queue
[2026-06-11T01:50:09.152+0000] {logging_mixin.py:190} INFO - [2026-06-11T01:50:09.152+0000] {dagbag.py:588} INFO - Filling up the DagBag from /opt/airflow/dags/dag.py
[2026-06-11T01:50:09.169+0000] {processor.py:925} INFO - DAG(s) 'f1_medallion_pipeline' retrieved from /opt/airflow/dags/dag.py
[2026-06-11T01:50:09.187+0000] {logging_mixin.py:190} INFO - [2026-06-11T01:50:09.187+0000] {dag.py:3239} INFO - Sync 1 DAGs
[2026-06-11T01:50:09.196+0000] {logging_mixin.py:190} INFO - [2026-06-11T01:50:09.195+0000] {dag.py:4180} INFO - Setting next_dagrun for f1_medallion_pipeline to None, run_after=None
[2026-06-11T01:50:09.208+0000] {processor.py:208} INFO - Processing /opt/airflow/dags/dag.py took 0.065 seconds
[2026-06-11T01:50:39.309+0000] {processor.py:186} INFO - Started process (PID=38617) to work on /opt/airflow/dags/dag.py
[2026-06-11T01:50:39.309+0000] {processor.py:914} INFO - Processing file /opt/airflow/dags/dag.py for tasks to queue
[2026-06-11T01:50:39.311+0000] {logging_mixin.py:190} INFO - [2026-06-11T01:50:39.310+0000] {dagbag.py:588} INFO - Filling up the DagBag from /opt/airflow/dags/dag.py
[2026-06-11T01:50:39.326+0000] {processor.py:925} INFO - DAG(s) 'f1_medallion_pipeline' retrieved from /opt/airflow/dags/dag.py
[2026-06-11T01:50:39.345+0000] {logging_mixin.py:190} INFO - [2026-06-11T01:50:39.345+0000] {dag.py:3239} INFO - Sync 1 DAGs
[2026-06-11T01:50:39.354+0000] {logging_mixin.py:190} INFO - [2026-06-11T01:50:39.353+0000] {dag.py:4180} INFO - Setting next_dagrun for f1_medallion_pipeline to None, run_after=None
[2026-06-11T01:50:39.368+0000] {processor.py:208} INFO - Processing /opt/airflow/dags/dag.py took 0.066 seconds
[2026-06-11T01:51:09.505+0000] {processor.py:186} INFO - Started process (PID=38622) to work on /opt/airflow/dags/dag.py
[2026-06-11T01:51:09.505+0000] {processor.py:914} INFO - Processing file /opt/airflow/dags/dag.py for tasks to queue
[2026-06-11T01:51:09.507+0000] {logging_mixin.py:190} INFO - [2026-06-11T01:51:09.507+0000] {dagbag.py:588} INFO - Filling up the DagBag from /opt/airflow/dags/dag.py
[2026-06-11T01:51:09.523+0000] {processor.py:925} INFO - DAG(s) 'f1_medallion_pipeline' retrieved from /opt/airflow/dags/dag.py
[2026-06-11T01:51:09.541+0000] {logging_mixin.py:190} INFO - [2026-06-11T01:51:09.541+0000] {dag.py:3239} INFO - Sync 1 DAGs
[2026-06-11T01:51:09.549+0000] {logging_mixin.py:190} INFO - [2026-06-11T01:51:09.549+0000] {dag.py:4180} INFO - Setting next_dagrun for f1_medallion_pipeline to None, run_after=None
[2026-06-11T01:51:09.560+0000] {processor.py:208} INFO - Processing /opt/airflow/dags/dag.py took 0.062 seconds
[2026-06-11T01:51:39.658+0000] {processor.py:186} INFO - Started process (PID=38627) to work on /opt/airflow/dags/dag.py
[2026-06-11T01:51:39.658+0000] {processor.py:914} INFO - Processing file /opt/airflow/dags/dag.py for tasks to queue
[2026-06-11T01:51:39.660+0000] {logging_mixin.py:190} INFO - [2026-06-11T01:51:39.659+0000] {dagbag.py:588} INFO - Filling up the DagBag from /opt/airflow/dags/dag.py
[2026-06-11T01:51:39.677+0000] {processor.py:925} INFO - DAG(s) 'f1_medallion_pipeline' retrieved from /opt/airflow/dags/dag.py
[2026-06-11T01:51:39.696+0000] {logging_mixin.py:190} INFO - [2026-06-11T01:51:39.696+0000] {dag.py:3239} INFO - Sync 1 DAGs
[2026-06-11T01:51:39.704+0000] {logging_mixin.py:190} INFO - [2026-06-11T01:51:39.704+0000] {dag.py:4180} INFO - Setting next_dagrun for f1_medallion_pipeline to None, run_after=None
[2026-06-11T01:51:39.716+0000] {processor.py:208} INFO - Processing /opt/airflow/dags/dag.py took 0.065 seconds
[2026-06-11T01:52:09.852+0000] {processor.py:186} INFO - Started process (PID=38632) to work on /opt/airflow/dags/dag.py
[2026-06-11T01:52:09.852+0000] {processor.py:914} INFO - Processing file /opt/airflow/dags/dag.py for tasks to queue
[2026-06-11T01:52:09.854+0000] {logging_mixin.py:190} INFO - [2026-06-11T01:52:09.854+0000] {dagbag.py:588} INFO - Filling up the DagBag from /opt/airflow/dags/dag.py
[2026-06-11T01:52:09.871+0000] {processor.py:925} INFO - DAG(s) 'f1_medallion_pipeline' retrieved from /opt/airflow/dags/dag.py
[2026-06-11T01:52:09.890+0000] {logging_mixin.py:190} INFO - [2026-06-11T01:52:09.890+0000] {dag.py:3239} INFO - Sync 1 DAGs
[2026-06-11T01:52:09.899+0000] {logging_mixin.py:190} INFO - [2026-06-11T01:52:09.898+0000] {dag.py:4180} INFO - Setting next_dagrun for f1_medallion_pipeline to None, run_after=None
[2026-06-11T01:52:09.912+0000] {processor.py:208} INFO - Processing /opt/airflow/dags/dag.py took 0.068 seconds
[2026-06-11T01:52:40.004+0000] {processor.py:186} INFO - Started process (PID=38637) to work on /opt/airflow/dags/dag.py
[2026-06-11T01:52:40.004+0000] {processor.py:914} INFO - Processing file /opt/airflow/dags/dag.py for tasks to queue
[2026-06-11T01:52:40.006+0000] {logging_mixin.py:190} INFO - [2026-06-11T01:52:40.006+0000] {dagbag.py:588} INFO - Filling up the DagBag from /opt/airflow/dags/dag.py
[2026-06-11T01:52:40.024+0000] {processor.py:925} INFO - DAG(s) 'f1_medallion_pipeline' retrieved from /opt/airflow/dags/dag.py
[2026-06-11T01:52:40.043+0000] {logging_mixin.py:190} INFO - [2026-06-11T01:52:40.043+0000] {dag.py:3239} INFO - Sync 1 DAGs
[2026-06-11T01:52:40.051+0000] {logging_mixin.py:190} INFO - [2026-06-11T01:52:40.051+0000] {dag.py:4180} INFO - Setting next_dagrun for f1_medallion_pipeline to None, run_after=None
[2026-06-11T01:52:40.063+0000] {processor.py:208} INFO - Processing /opt/airflow/dags/dag.py took 0.067 seconds
[2026-06-11T01:53:10.205+0000] {processor.py:186} INFO - Started process (PID=38642) to work on /opt/airflow/dags/dag.py
[2026-06-11T01:53:10.206+0000] {processor.py:914} INFO - Processing file /opt/airflow/dags/dag.py for tasks to queue
[2026-06-11T01:53:10.207+0000] {logging_mixin.py:190} INFO - [2026-06-11T01:53:10.207+0000] {dagbag.py:588} INFO - Filling up the DagBag from /opt/airflow/dags/dag.py
[2026-06-11T01:53:10.223+0000] {processor.py:925} INFO - DAG(s) 'f1_medallion_pipeline' retrieved from /opt/airflow/dags/dag.py
[2026-06-11T01:53:10.242+0000] {logging_mixin.py:190} INFO - [2026-06-11T01:53:10.242+0000] {dag.py:3239} INFO - Sync 1 DAGs
[2026-06-11T01:53:10.251+0000] {logging_mixin.py:190} INFO - [2026-06-11T01:53:10.250+0000] {dag.py:4180} INFO - Setting next_dagrun for f1_medallion_pipeline to None, run_after=None
[2026-06-11T01:53:10.262+0000] {processor.py:208} INFO - Processing /opt/airflow/dags/dag.py took 0.064 seconds
[2026-06-11T01:53:40.357+0000] {processor.py:186} INFO - Started process (PID=38647) to work on /opt/airflow/dags/dag.py
[2026-06-11T01:53:40.357+0000] {processor.py:914} INFO - Processing file /opt/airflow/dags/dag.py for tasks to queue
[2026-06-11T01:53:40.359+0000] {logging_mixin.py:190} INFO - [2026-06-11T01:53:40.359+0000] {dagbag.py:588} INFO - Filling up the DagBag from /opt/airflow/dags/dag.py
[2026-06-11T01:53:40.374+0000] {processor.py:925} INFO - DAG(s) 'f1_medallion_pipeline' retrieved from /opt/airflow/dags/dag.py
[2026-06-11T01:53:40.394+0000] {logging_mixin.py:190} INFO - [2026-06-11T01:53:40.394+0000] {dag.py:3239} INFO - Sync 1 DAGs
[2026-06-11T01:53:40.402+0000] {logging_mixin.py:190} INFO - [2026-06-11T01:53:40.402+0000] {dag.py:4180} INFO - Setting next_dagrun for f1_medallion_pipeline to None, run_after=None
[2026-06-11T01:53:40.414+0000] {processor.py:208} INFO - Processing /opt/airflow/dags/dag.py took 0.065 seconds
[2026-06-11T01:54:10.544+0000] {processor.py:186} INFO - Started process (PID=38652) to work on /opt/airflow/dags/dag.py
[2026-06-11T01:54:10.545+0000] {processor.py:914} INFO - Processing file /opt/airflow/dags/dag.py for tasks to queue
[2026-06-11T01:54:10.546+0000] {logging_mixin.py:190} INFO - [2026-06-11T01:54:10.546+0000] {dagbag.py:588} INFO - Filling up the DagBag from /opt/airflow/dags/dag.py
[2026-06-11T01:54:10.562+0000] {processor.py:925} INFO - DAG(s) 'f1_medallion_pipeline' retrieved from /opt/airflow/dags/dag.py
[2026-06-11T01:54:10.586+0000] {logging_mixin.py:190} INFO - [2026-06-11T01:54:10.586+0000] {dag.py:3239} INFO - Sync 1 DAGs
[2026-06-11T01:54:10.594+0000] {logging_mixin.py:190} INFO - [2026-06-11T01:54:10.594+0000] {dag.py:4180} INFO - Setting next_dagrun for f1_medallion_pipeline to None, run_after=None
[2026-06-11T01:54:10.608+0000] {processor.py:208} INFO - Processing /opt/airflow/dags/dag.py took 0.071 seconds
[2026-06-11T01:54:40.706+0000] {processor.py:186} INFO - Started process (PID=38657) to work on /opt/airflow/dags/dag.py
[2026-06-11T01:54:40.707+0000] {processor.py:914} INFO - Processing file /opt/airflow/dags/dag.py for tasks to queue
[2026-06-11T01:54:40.708+0000] {logging_mixin.py:190} INFO - [2026-06-11T01:54:40.708+0000] {dagbag.py:588} INFO - Filling up the DagBag from /opt/airflow/dags/dag.py
[2026-06-11T01:54:40.724+0000] {processor.py:925} INFO - DAG(s) 'f1_medallion_pipeline' retrieved from /opt/airflow/dags/dag.py
[2026-06-11T01:54:40.743+0000] {logging_mixin.py:190} INFO - [2026-06-11T01:54:40.743+0000] {dag.py:3239} INFO - Sync 1 DAGs
[2026-06-11T01:54:40.751+0000] {logging_mixin.py:190} INFO - [2026-06-11T01:54:40.751+0000] {dag.py:4180} INFO - Setting next_dagrun for f1_medallion_pipeline to None, run_after=None
[2026-06-11T01:54:40.762+0000] {processor.py:208} INFO - Processing /opt/airflow/dags/dag.py took 0.063 seconds
[2026-06-11T01:55:10.933+0000] {processor.py:186} INFO - Started process (PID=38662) to work on /opt/airflow/dags/dag.py
[2026-06-11T01:55:10.934+0000] {processor.py:914} INFO - Processing file /opt/airflow/dags/dag.py for tasks to queue
[2026-06-11T01:55:10.936+0000] {logging_mixin.py:190} INFO - [2026-06-11T01:55:10.935+0000] {dagbag.py:588} INFO - Filling up the DagBag from /opt/airflow/dags/dag.py
[2026-06-11T01:55:10.952+0000] {processor.py:925} INFO - DAG(s) 'f1_medallion_pipeline' retrieved from /opt/airflow/dags/dag.py
[2026-06-11T01:55:10.971+0000] {logging_mixin.py:190} INFO - [2026-06-11T01:55:10.971+0000] {dag.py:3239} INFO - Sync 1 DAGs
[2026-06-11T01:55:10.979+0000] {logging_mixin.py:190} INFO - [2026-06-11T01:55:10.979+0000] {dag.py:4180} INFO - Setting next_dagrun for f1_medallion_pipeline to None, run_after=None
[2026-06-11T01:55:10.991+0000] {processor.py:208} INFO - Processing /opt/airflow/dags/dag.py took 0.066 seconds
[2026-06-11T01:55:41.100+0000] {processor.py:186} INFO - Started process (PID=38667) to work on /opt/airflow/dags/dag.py
[2026-06-11T01:55:41.100+0000] {processor.py:914} INFO - Processing file /opt/airflow/dags/dag.py for tasks to queue
[2026-06-11T01:55:41.102+0000] {logging_mixin.py:190} INFO - [2026-06-11T01:55:41.101+0000] {dagbag.py:588} INFO - Filling up the DagBag from /opt/airflow/dags/dag.py
[2026-06-11T01:55:41.121+0000] {processor.py:925} INFO - DAG(s) 'f1_medallion_pipeline' retrieved from /opt/airflow/dags/dag.py
[2026-06-11T01:55:41.141+0000] {logging_mixin.py:190} INFO - [2026-06-11T01:55:41.141+0000] {dag.py:3239} INFO - Sync 1 DAGs
[2026-06-11T01:55:41.150+0000] {logging_mixin.py:190} INFO - [2026-06-11T01:55:41.149+0000] {dag.py:4180} INFO - Setting next_dagrun for f1_medallion_pipeline to None, run_after=None
[2026-06-11T01:55:41.163+0000] {processor.py:208} INFO - Processing /opt/airflow/dags/dag.py took 0.070 seconds
[2026-06-11T01:56:11.285+0000] {processor.py:186} INFO - Started process (PID=38672) to work on /opt/airflow/dags/dag.py
[2026-06-11T01:56:11.285+0000] {processor.py:914} INFO - Processing file /opt/airflow/dags/dag.py for tasks to queue
[2026-06-11T01:56:11.287+0000] {logging_mixin.py:190} INFO - [2026-06-11T01:56:11.287+0000] {dagbag.py:588} INFO - Filling up the DagBag from /opt/airflow/dags/dag.py
[2026-06-11T01:56:11.307+0000] {processor.py:925} INFO - DAG(s) 'f1_medallion_pipeline' retrieved from /opt/airflow/dags/dag.py
[2026-06-11T01:56:11.327+0000] {logging_mixin.py:190} INFO - [2026-06-11T01:56:11.326+0000] {dag.py:3239} INFO - Sync 1 DAGs
[2026-06-11T01:56:11.334+0000] {logging_mixin.py:190} INFO - [2026-06-11T01:56:11.334+0000] {dag.py:4180} INFO - Setting next_dagrun for f1_medallion_pipeline to None, run_after=None
[2026-06-11T01:56:11.347+0000] {processor.py:208} INFO - Processing /opt/airflow/dags/dag.py took 0.070 seconds
[2026-06-11T01:56:41.454+0000] {processor.py:186} INFO - Started process (PID=38677) to work on /opt/airflow/dags/dag.py
[2026-06-11T01:56:41.454+0000] {processor.py:914} INFO - Processing file /opt/airflow/dags/dag.py for tasks to queue
[2026-06-11T01:56:41.456+0000] {logging_mixin.py:190} INFO - [2026-06-11T01:56:41.455+0000] {dagbag.py:588} INFO - Filling up the DagBag from /opt/airflow/dags/dag.py
[2026-06-11T01:56:41.473+0000] {processor.py:925} INFO - DAG(s) 'f1_medallion_pipeline' retrieved from /opt/airflow/dags/dag.py
[2026-06-11T01:56:41.492+0000] {logging_mixin.py:190} INFO - [2026-06-11T01:56:41.492+0000] {dag.py:3239} INFO - Sync 1 DAGs
[2026-06-11T01:56:41.500+0000] {logging_mixin.py:190} INFO - [2026-06-11T01:56:41.500+0000] {dag.py:4180} INFO - Setting next_dagrun for f1_medallion_pipeline to None, run_after=None
[2026-06-11T01:56:41.513+0000] {processor.py:208} INFO - Processing /opt/airflow/dags/dag.py took 0.066 seconds
[2026-06-11T01:57:11.636+0000] {processor.py:186} INFO - Started process (PID=38682) to work on /opt/airflow/dags/dag.py
[2026-06-11T01:57:11.637+0000] {processor.py:914} INFO - Processing file /opt/airflow/dags/dag.py for tasks to queue
[2026-06-11T01:57:11.638+0000] {logging_mixin.py:190} INFO - [2026-06-11T01:57:11.638+0000] {dagbag.py:588} INFO - Filling up the DagBag from /opt/airflow/dags/dag.py
[2026-06-11T01:57:11.653+0000] {processor.py:925} INFO - DAG(s) 'f1_medallion_pipeline' retrieved from /opt/airflow/dags/dag.py
[2026-06-11T01:57:11.671+0000] {logging_mixin.py:190} INFO - [2026-06-11T01:57:11.671+0000] {dag.py:3239} INFO - Sync 1 DAGs
[2026-06-11T01:57:11.679+0000] {logging_mixin.py:190} INFO - [2026-06-11T01:57:11.679+0000] {dag.py:4180} INFO - Setting next_dagrun for f1_medallion_pipeline to None, run_after=None
[2026-06-11T01:57:11.690+0000] {processor.py:208} INFO - Processing /opt/airflow/dags/dag.py took 0.060 seconds
[2026-06-11T01:57:41.803+0000] {processor.py:186} INFO - Started process (PID=38687) to work on /opt/airflow/dags/dag.py
[2026-06-11T01:57:41.804+0000] {processor.py:914} INFO - Processing file /opt/airflow/dags/dag.py for tasks to queue
[2026-06-11T01:57:41.806+0000] {logging_mixin.py:190} INFO - [2026-06-11T01:57:41.806+0000] {dagbag.py:588} INFO - Filling up the DagBag from /opt/airflow/dags/dag.py
[2026-06-11T01:57:41.822+0000] {processor.py:925} INFO - DAG(s) 'f1_medallion_pipeline' retrieved from /opt/airflow/dags/dag.py
[2026-06-11T01:57:41.840+0000] {logging_mixin.py:190} INFO - [2026-06-11T01:57:41.840+0000] {dag.py:3239} INFO - Sync 1 DAGs
[2026-06-11T01:57:41.848+0000] {logging_mixin.py:190} INFO - [2026-06-11T01:57:41.848+0000] {dag.py:4180} INFO - Setting next_dagrun for f1_medallion_pipeline to None, run_after=None
[2026-06-11T01:57:41.859+0000] {processor.py:208} INFO - Processing /opt/airflow/dags/dag.py took 0.063 seconds
[2026-06-11T01:58:11.964+0000] {processor.py:186} INFO - Started process (PID=38692) to work on /opt/airflow/dags/dag.py
[2026-06-11T01:58:11.965+0000] {processor.py:914} INFO - Processing file /opt/airflow/dags/dag.py for tasks to queue
[2026-06-11T01:58:11.967+0000] {logging_mixin.py:190} INFO - [2026-06-11T01:58:11.967+0000] {dagbag.py:588} INFO - Filling up the DagBag from /opt/airflow/dags/dag.py
[2026-06-11T01:58:11.984+0000] {processor.py:925} INFO - DAG(s) 'f1_medallion_pipeline' retrieved from /opt/airflow/dags/dag.py
[2026-06-11T01:58:12.005+0000] {logging_mixin.py:190} INFO - [2026-06-11T01:58:12.005+0000] {dag.py:3239} INFO - Sync 1 DAGs
[2026-06-11T01:58:12.013+0000] {logging_mixin.py:190} INFO - [2026-06-11T01:58:12.013+0000] {dag.py:4180} INFO - Setting next_dagrun for f1_medallion_pipeline to None, run_after=None
[2026-06-11T01:58:12.025+0000] {processor.py:208} INFO - Processing /opt/airflow/dags/dag.py took 0.068 seconds
[2026-06-11T01:58:42.150+0000] {processor.py:186} INFO - Started process (PID=38697) to work on /opt/airflow/dags/dag.py
[2026-06-11T01:58:42.151+0000] {processor.py:914} INFO - Processing file /opt/airflow/dags/dag.py for tasks to queue
[2026-06-11T01:58:42.152+0000] {logging_mixin.py:190} INFO - [2026-06-11T01:58:42.152+0000] {dagbag.py:588} INFO - Filling up the DagBag from /opt/airflow/dags/dag.py
[2026-06-11T01:58:42.171+0000] {processor.py:925} INFO - DAG(s) 'f1_medallion_pipeline' retrieved from /opt/airflow/dags/dag.py
[2026-06-11T01:58:42.191+0000] {logging_mixin.py:190} INFO - [2026-06-11T01:58:42.190+0000] {dag.py:3239} INFO - Sync 1 DAGs
[2026-06-11T01:58:42.199+0000] {logging_mixin.py:190} INFO - [2026-06-11T01:58:42.198+0000] {dag.py:4180} INFO - Setting next_dagrun for f1_medallion_pipeline to None, run_after=None
[2026-06-11T01:58:42.211+0000] {processor.py:208} INFO - Processing /opt/airflow/dags/dag.py took 0.069 seconds
[2026-06-11T01:59:12.307+0000] {processor.py:186} INFO - Started process (PID=38702) to work on /opt/airflow/dags/dag.py
[2026-06-11T01:59:12.308+0000] {processor.py:914} INFO - Processing file /opt/airflow/dags/dag.py for tasks to queue
[2026-06-11T01:59:12.309+0000] {logging_mixin.py:190} INFO - [2026-06-11T01:59:12.309+0000] {dagbag.py:588} INFO - Filling up the DagBag from /opt/airflow/dags/dag.py
[2026-06-11T01:59:12.327+0000] {processor.py:925} INFO - DAG(s) 'f1_medallion_pipeline' retrieved from /opt/airflow/dags/dag.py
[2026-06-11T01:59:12.345+0000] {logging_mixin.py:190} INFO - [2026-06-11T01:59:12.345+0000] {dag.py:3239} INFO - Sync 1 DAGs
[2026-06-11T01:59:12.353+0000] {logging_mixin.py:190} INFO - [2026-06-11T01:59:12.352+0000] {dag.py:4180} INFO - Setting next_dagrun for f1_medallion_pipeline to None, run_after=None
[2026-06-11T01:59:12.363+0000] {processor.py:208} INFO - Processing /opt/airflow/dags/dag.py took 0.063 seconds
[2026-06-11T01:59:42.495+0000] {processor.py:186} INFO - Started process (PID=38707) to work on /opt/airflow/dags/dag.py
[2026-06-11T01:59:42.496+0000] {processor.py:914} INFO - Processing file /opt/airflow/dags/dag.py for tasks to queue
[2026-06-11T01:59:42.498+0000] {logging_mixin.py:190} INFO - [2026-06-11T01:59:42.497+0000] {dagbag.py:588} INFO - Filling up the DagBag from /opt/airflow/dags/dag.py
[2026-06-11T01:59:42.514+0000] {processor.py:925} INFO - DAG(s) 'f1_medallion_pipeline' retrieved from /opt/airflow/dags/dag.py
[2026-06-11T01:59:42.534+0000] {logging_mixin.py:190} INFO - [2026-06-11T01:59:42.534+0000] {dag.py:3239} INFO - Sync 1 DAGs
[2026-06-11T01:59:42.542+0000] {logging_mixin.py:190} INFO - [2026-06-11T01:59:42.542+0000] {dag.py:4180} INFO - Setting next_dagrun for f1_medallion_pipeline to None, run_after=None
[2026-06-11T01:59:42.555+0000] {processor.py:208} INFO - Processing /opt/airflow/dags/dag.py took 0.067 seconds
[2026-06-11T02:00:12.671+0000] {processor.py:186} INFO - Started process (PID=38712) to work on /opt/airflow/dags/dag.py
[2026-06-11T02:00:12.672+0000] {processor.py:914} INFO - Processing file /opt/airflow/dags/dag.py for tasks to queue
[2026-06-11T02:00:12.673+0000] {logging_mixin.py:190} INFO - [2026-06-11T02:00:12.673+0000] {dagbag.py:588} INFO - Filling up the DagBag from /opt/airflow/dags/dag.py
[2026-06-11T02:00:12.692+0000] {processor.py:925} INFO - DAG(s) 'f1_medallion_pipeline' retrieved from /opt/airflow/dags/dag.py
[2026-06-11T02:00:12.711+0000] {logging_mixin.py:190} INFO - [2026-06-11T02:00:12.711+0000] {dag.py:3239} INFO - Sync 1 DAGs
[2026-06-11T02:00:12.719+0000] {logging_mixin.py:190} INFO - [2026-06-11T02:00:12.718+0000] {dag.py:4180} INFO - Setting next_dagrun for f1_medallion_pipeline to None, run_after=None
[2026-06-11T02:00:12.729+0000] {processor.py:208} INFO - Processing /opt/airflow/dags/dag.py took 0.065 seconds
[2026-06-11T02:00:42.845+0000] {processor.py:186} INFO - Started process (PID=38717) to work on /opt/airflow/dags/dag.py
[2026-06-11T02:00:42.846+0000] {processor.py:914} INFO - Processing file /opt/airflow/dags/dag.py for tasks to queue
[2026-06-11T02:00:42.848+0000] {logging_mixin.py:190} INFO - [2026-06-11T02:00:42.848+0000] {dagbag.py:588} INFO - Filling up the DagBag from /opt/airflow/dags/dag.py
[2026-06-11T02:00:42.864+0000] {processor.py:925} INFO - DAG(s) 'f1_medallion_pipeline' retrieved from /opt/airflow/dags/dag.py
[2026-06-11T02:00:42.882+0000] {logging_mixin.py:190} INFO - [2026-06-11T02:00:42.882+0000] {dag.py:3239} INFO - Sync 1 DAGs
[2026-06-11T02:00:42.890+0000] {logging_mixin.py:190} INFO - [2026-06-11T02:00:42.890+0000] {dag.py:4180} INFO - Setting next_dagrun for f1_medallion_pipeline to None, run_after=None
[2026-06-11T02:00:42.901+0000] {processor.py:208} INFO - Processing /opt/airflow/dags/dag.py took 0.063 seconds
[2026-06-11T02:01:13.010+0000] {processor.py:186} INFO - Started process (PID=38722) to work on /opt/airflow/dags/dag.py
[2026-06-11T02:01:13.011+0000] {processor.py:914} INFO - Processing file /opt/airflow/dags/dag.py for tasks to queue
[2026-06-11T02:01:13.012+0000] {logging_mixin.py:190} INFO - [2026-06-11T02:01:13.012+0000] {dagbag.py:588} INFO - Filling up the DagBag from /opt/airflow/dags/dag.py
[2026-06-11T02:01:13.029+0000] {processor.py:925} INFO - DAG(s) 'f1_medallion_pipeline' retrieved from /opt/airflow/dags/dag.py
[2026-06-11T02:01:13.047+0000] {logging_mixin.py:190} INFO - [2026-06-11T02:01:13.047+0000] {dag.py:3239} INFO - Sync 1 DAGs
[2026-06-11T02:01:13.055+0000] {logging_mixin.py:190} INFO - [2026-06-11T02:01:13.055+0000] {dag.py:4180} INFO - Setting next_dagrun for f1_medallion_pipeline to None, run_after=None
[2026-06-11T02:01:13.067+0000] {processor.py:208} INFO - Processing /opt/airflow/dags/dag.py took 0.064 seconds
[2026-06-11T02:01:43.191+0000] {processor.py:186} INFO - Started process (PID=38727) to work on /opt/airflow/dags/dag.py
[2026-06-11T02:01:43.191+0000] {processor.py:914} INFO - Processing file /opt/airflow/dags/dag.py for tasks to queue
[2026-06-11T02:01:43.193+0000] {logging_mixin.py:190} INFO - [2026-06-11T02:01:43.193+0000] {dagbag.py:588} INFO - Filling up the DagBag from /opt/airflow/dags/dag.py
[2026-06-11T02:01:43.211+0000] {processor.py:925} INFO - DAG(s) 'f1_medallion_pipeline' retrieved from /opt/airflow/dags/dag.py
[2026-06-11T02:01:43.231+0000] {logging_mixin.py:190} INFO - [2026-06-11T02:01:43.231+0000] {dag.py:3239} INFO - Sync 1 DAGs
[2026-06-11T02:01:43.239+0000] {logging_mixin.py:190} INFO - [2026-06-11T02:01:43.239+0000] {dag.py:4180} INFO - Setting next_dagrun for f1_medallion_pipeline to None, run_after=None
[2026-06-11T02:01:43.251+0000] {processor.py:208} INFO - Processing /opt/airflow/dags/dag.py took 0.069 seconds
[2026-06-11T02:02:13.351+0000] {processor.py:186} INFO - Started process (PID=38732) to work on /opt/airflow/dags/dag.py
[2026-06-11T02:02:13.351+0000] {processor.py:914} INFO - Processing file /opt/airflow/dags/dag.py for tasks to queue
[2026-06-11T02:02:13.353+0000] {logging_mixin.py:190} INFO - [2026-06-11T02:02:13.353+0000] {dagbag.py:588} INFO - Filling up the DagBag from /opt/airflow/dags/dag.py
[2026-06-11T02:02:13.369+0000] {processor.py:925} INFO - DAG(s) 'f1_medallion_pipeline' retrieved from /opt/airflow/dags/dag.py
[2026-06-11T02:02:13.387+0000] {logging_mixin.py:190} INFO - [2026-06-11T02:02:13.387+0000] {dag.py:3239} INFO - Sync 1 DAGs
[2026-06-11T02:02:13.395+0000] {logging_mixin.py:190} INFO - [2026-06-11T02:02:13.395+0000] {dag.py:4180} INFO - Setting next_dagrun for f1_medallion_pipeline to None, run_after=None
[2026-06-11T02:02:13.406+0000] {processor.py:208} INFO - Processing /opt/airflow/dags/dag.py took 0.062 seconds
[2026-06-11T02:02:43.539+0000] {processor.py:186} INFO - Started process (PID=38737) to work on /opt/airflow/dags/dag.py
[2026-06-11T02:02:43.540+0000] {processor.py:914} INFO - Processing file /opt/airflow/dags/dag.py for tasks to queue
[2026-06-11T02:02:43.542+0000] {logging_mixin.py:190} INFO - [2026-06-11T02:02:43.541+0000] {dagbag.py:588} INFO - Filling up the DagBag from /opt/airflow/dags/dag.py
[2026-06-11T02:02:43.558+0000] {processor.py:925} INFO - DAG(s) 'f1_medallion_pipeline' retrieved from /opt/airflow/dags/dag.py
[2026-06-11T02:02:43.577+0000] {logging_mixin.py:190} INFO - [2026-06-11T02:02:43.577+0000] {dag.py:3239} INFO - Sync 1 DAGs
[2026-06-11T02:02:43.586+0000] {logging_mixin.py:190} INFO - [2026-06-11T02:02:43.586+0000] {dag.py:4180} INFO - Setting next_dagrun for f1_medallion_pipeline to None, run_after=None
[2026-06-11T02:02:43.597+0000] {processor.py:208} INFO - Processing /opt/airflow/dags/dag.py took 0.064 seconds
[2026-06-11T02:03:13.700+0000] {processor.py:186} INFO - Started process (PID=38742) to work on /opt/airflow/dags/dag.py
[2026-06-11T02:03:13.701+0000] {processor.py:914} INFO - Processing file /opt/airflow/dags/dag.py for tasks to queue
[2026-06-11T02:03:13.702+0000] {logging_mixin.py:190} INFO - [2026-06-11T02:03:13.702+0000] {dagbag.py:588} INFO - Filling up the DagBag from /opt/airflow/dags/dag.py
[2026-06-11T02:03:13.718+0000] {processor.py:925} INFO - DAG(s) 'f1_medallion_pipeline' retrieved from /opt/airflow/dags/dag.py
[2026-06-11T02:03:13.738+0000] {logging_mixin.py:190} INFO - [2026-06-11T02:03:13.737+0000] {dag.py:3239} INFO - Sync 1 DAGs
[2026-06-11T02:03:13.745+0000] {logging_mixin.py:190} INFO - [2026-06-11T02:03:13.745+0000] {dag.py:4180} INFO - Setting next_dagrun for f1_medallion_pipeline to None, run_after=None
[2026-06-11T02:03:13.758+0000] {processor.py:208} INFO - Processing /opt/airflow/dags/dag.py took 0.065 seconds
[2026-06-11T02:03:43.899+0000] {processor.py:186} INFO - Started process (PID=38747) to work on /opt/airflow/dags/dag.py
[2026-06-11T02:03:43.899+0000] {processor.py:914} INFO - Processing file /opt/airflow/dags/dag.py for tasks to queue
[2026-06-11T02:03:43.901+0000] {logging_mixin.py:190} INFO - [2026-06-11T02:03:43.901+0000] {dagbag.py:588} INFO - Filling up the DagBag from /opt/airflow/dags/dag.py
[2026-06-11T02:03:43.918+0000] {processor.py:925} INFO - DAG(s) 'f1_medallion_pipeline' retrieved from /opt/airflow/dags/dag.py
[2026-06-11T02:03:43.937+0000] {logging_mixin.py:190} INFO - [2026-06-11T02:03:43.937+0000] {dag.py:3239} INFO - Sync 1 DAGs
[2026-06-11T02:03:43.945+0000] {logging_mixin.py:190} INFO - [2026-06-11T02:03:43.945+0000] {dag.py:4180} INFO - Setting next_dagrun for f1_medallion_pipeline to None, run_after=None
[2026-06-11T02:03:43.957+0000] {processor.py:208} INFO - Processing /opt/airflow/dags/dag.py took 0.066 seconds
[2026-06-11T02:04:14.049+0000] {processor.py:186} INFO - Started process (PID=38752) to work on /opt/airflow/dags/dag.py
[2026-06-11T02:04:14.050+0000] {processor.py:914} INFO - Processing file /opt/airflow/dags/dag.py for tasks to queue
[2026-06-11T02:04:14.051+0000] {logging_mixin.py:190} INFO - [2026-06-11T02:04:14.051+0000] {dagbag.py:588} INFO - Filling up the DagBag from /opt/airflow/dags/dag.py
[2026-06-11T02:04:14.068+0000] {processor.py:925} INFO - DAG(s) 'f1_medallion_pipeline' retrieved from /opt/airflow/dags/dag.py
[2026-06-11T02:04:14.088+0000] {logging_mixin.py:190} INFO - [2026-06-11T02:04:14.087+0000] {dag.py:3239} INFO - Sync 1 DAGs
[2026-06-11T02:04:14.096+0000] {logging_mixin.py:190} INFO - [2026-06-11T02:04:14.096+0000] {dag.py:4180} INFO - Setting next_dagrun for f1_medallion_pipeline to None, run_after=None
[2026-06-11T02:04:14.108+0000] {processor.py:208} INFO - Processing /opt/airflow/dags/dag.py took 0.068 seconds
[2026-06-11T02:04:44.249+0000] {processor.py:186} INFO - Started process (PID=38757) to work on /opt/airflow/dags/dag.py
[2026-06-11T02:04:44.250+0000] {processor.py:914} INFO - Processing file /opt/airflow/dags/dag.py for tasks to queue
[2026-06-11T02:04:44.251+0000] {logging_mixin.py:190} INFO - [2026-06-11T02:04:44.251+0000] {dagbag.py:588} INFO - Filling up the DagBag from /opt/airflow/dags/dag.py
[2026-06-11T02:04:44.268+0000] {processor.py:925} INFO - DAG(s) 'f1_medallion_pipeline' retrieved from /opt/airflow/dags/dag.py
[2026-06-11T02:04:44.286+0000] {logging_mixin.py:190} INFO - [2026-06-11T02:04:44.286+0000] {dag.py:3239} INFO - Sync 1 DAGs
[2026-06-11T02:04:44.294+0000] {logging_mixin.py:190} INFO - [2026-06-11T02:04:44.294+0000] {dag.py:4180} INFO - Setting next_dagrun for f1_medallion_pipeline to None, run_after=None
[2026-06-11T02:04:44.305+0000] {processor.py:208} INFO - Processing /opt/airflow/dags/dag.py took 0.063 seconds
[2026-06-11T02:05:14.425+0000] {processor.py:186} INFO - Started process (PID=38762) to work on /opt/airflow/dags/dag.py
[2026-06-11T02:05:14.426+0000] {processor.py:914} INFO - Processing file /opt/airflow/dags/dag.py for tasks to queue
[2026-06-11T02:05:14.428+0000] {logging_mixin.py:190} INFO - [2026-06-11T02:05:14.428+0000] {dagbag.py:588} INFO - Filling up the DagBag from /opt/airflow/dags/dag.py
[2026-06-11T02:05:14.443+0000] {processor.py:925} INFO - DAG(s) 'f1_medallion_pipeline' retrieved from /opt/airflow/dags/dag.py
[2026-06-11T02:05:14.462+0000] {logging_mixin.py:190} INFO - [2026-06-11T02:05:14.462+0000] {dag.py:3239} INFO - Sync 1 DAGs
[2026-06-11T02:05:14.469+0000] {logging_mixin.py:190} INFO - [2026-06-11T02:05:14.469+0000] {dag.py:4180} INFO - Setting next_dagrun for f1_medallion_pipeline to None, run_after=None
[2026-06-11T02:05:14.481+0000] {processor.py:208} INFO - Processing /opt/airflow/dags/dag.py took 0.063 seconds
[2026-06-11T02:05:44.590+0000] {processor.py:186} INFO - Started process (PID=38767) to work on /opt/airflow/dags/dag.py
[2026-06-11T02:05:44.591+0000] {processor.py:914} INFO - Processing file /opt/airflow/dags/dag.py for tasks to queue
[2026-06-11T02:05:44.593+0000] {logging_mixin.py:190} INFO - [2026-06-11T02:05:44.593+0000] {dagbag.py:588} INFO - Filling up the DagBag from /opt/airflow/dags/dag.py
[2026-06-11T02:05:44.619+0000] {processor.py:925} INFO - DAG(s) 'f1_medallion_pipeline' retrieved from /opt/airflow/dags/dag.py
[2026-06-11T02:05:44.638+0000] {logging_mixin.py:190} INFO - [2026-06-11T02:05:44.638+0000] {dag.py:3239} INFO - Sync 1 DAGs
[2026-06-11T02:05:44.647+0000] {logging_mixin.py:190} INFO - [2026-06-11T02:05:44.646+0000] {dag.py:4180} INFO - Setting next_dagrun for f1_medallion_pipeline to None, run_after=None
[2026-06-11T02:05:44.658+0000] {processor.py:208} INFO - Processing /opt/airflow/dags/dag.py took 0.075 seconds
[2026-06-11T02:06:14.753+0000] {processor.py:186} INFO - Started process (PID=38772) to work on /opt/airflow/dags/dag.py
[2026-06-11T02:06:14.754+0000] {processor.py:914} INFO - Processing file /opt/airflow/dags/dag.py for tasks to queue
[2026-06-11T02:06:14.755+0000] {logging_mixin.py:190} INFO - [2026-06-11T02:06:14.755+0000] {dagbag.py:588} INFO - Filling up the DagBag from /opt/airflow/dags/dag.py
[2026-06-11T02:06:14.771+0000] {processor.py:925} INFO - DAG(s) 'f1_medallion_pipeline' retrieved from /opt/airflow/dags/dag.py
[2026-06-11T02:06:14.791+0000] {logging_mixin.py:190} INFO - [2026-06-11T02:06:14.791+0000] {dag.py:3239} INFO - Sync 1 DAGs
[2026-06-11T02:06:14.799+0000] {logging_mixin.py:190} INFO - [2026-06-11T02:06:14.799+0000] {dag.py:4180} INFO - Setting next_dagrun for f1_medallion_pipeline to None, run_after=None
[2026-06-11T02:06:14.811+0000] {processor.py:208} INFO - Processing /opt/airflow/dags/dag.py took 0.065 seconds
[2026-06-11T02:06:44.948+0000] {processor.py:186} INFO - Started process (PID=38777) to work on /opt/airflow/dags/dag.py
[2026-06-11T02:06:44.949+0000] {processor.py:914} INFO - Processing file /opt/airflow/dags/dag.py for tasks to queue
[2026-06-11T02:06:44.950+0000] {logging_mixin.py:190} INFO - [2026-06-11T02:06:44.950+0000] {dagbag.py:588} INFO - Filling up the DagBag from /opt/airflow/dags/dag.py
[2026-06-11T02:06:44.965+0000] {processor.py:925} INFO - DAG(s) 'f1_medallion_pipeline' retrieved from /opt/airflow/dags/dag.py
[2026-06-11T02:06:44.984+0000] {logging_mixin.py:190} INFO - [2026-06-11T02:06:44.984+0000] {dag.py:3239} INFO - Sync 1 DAGs
[2026-06-11T02:06:44.993+0000] {logging_mixin.py:190} INFO - [2026-06-11T02:06:44.992+0000] {dag.py:4180} INFO - Setting next_dagrun for f1_medallion_pipeline to None, run_after=None
[2026-06-11T02:06:45.004+0000] {processor.py:208} INFO - Processing /opt/airflow/dags/dag.py took 0.063 seconds
[2026-06-11T02:07:15.103+0000] {processor.py:186} INFO - Started process (PID=38782) to work on /opt/airflow/dags/dag.py
[2026-06-11T02:07:15.104+0000] {processor.py:914} INFO - Processing file /opt/airflow/dags/dag.py for tasks to queue
[2026-06-11T02:07:15.105+0000] {logging_mixin.py:190} INFO - [2026-06-11T02:07:15.105+0000] {dagbag.py:588} INFO - Filling up the DagBag from /opt/airflow/dags/dag.py
[2026-06-11T02:07:15.121+0000] {processor.py:925} INFO - DAG(s) 'f1_medallion_pipeline' retrieved from /opt/airflow/dags/dag.py
[2026-06-11T02:07:15.139+0000] {logging_mixin.py:190} INFO - [2026-06-11T02:07:15.139+0000] {dag.py:3239} INFO - Sync 1 DAGs
[2026-06-11T02:07:15.147+0000] {logging_mixin.py:190} INFO - [2026-06-11T02:07:15.147+0000] {dag.py:4180} INFO - Setting next_dagrun for f1_medallion_pipeline to None, run_after=None
[2026-06-11T02:07:15.158+0000] {processor.py:208} INFO - Processing /opt/airflow/dags/dag.py took 0.062 seconds
[2026-06-11T02:07:45.285+0000] {processor.py:186} INFO - Started process (PID=38787) to work on /opt/airflow/dags/dag.py
[2026-06-11T02:07:45.285+0000] {processor.py:914} INFO - Processing file /opt/airflow/dags/dag.py for tasks to queue
[2026-06-11T02:07:45.287+0000] {logging_mixin.py:190} INFO - [2026-06-11T02:07:45.286+0000] {dagbag.py:588} INFO - Filling up the DagBag from /opt/airflow/dags/dag.py
[2026-06-11T02:07:45.302+0000] {processor.py:925} INFO - DAG(s) 'f1_medallion_pipeline' retrieved from /opt/airflow/dags/dag.py
[2026-06-11T02:07:45.321+0000] {logging_mixin.py:190} INFO - [2026-06-11T02:07:45.321+0000] {dag.py:3239} INFO - Sync 1 DAGs
[2026-06-11T02:07:45.329+0000] {logging_mixin.py:190} INFO - [2026-06-11T02:07:45.329+0000] {dag.py:4180} INFO - Setting next_dagrun for f1_medallion_pipeline to None, run_after=None
[2026-06-11T02:07:45.342+0000] {processor.py:208} INFO - Processing /opt/airflow/dags/dag.py took 0.064 seconds
[2026-06-11T02:08:15.447+0000] {processor.py:186} INFO - Started process (PID=38792) to work on /opt/airflow/dags/dag.py
[2026-06-11T02:08:15.447+0000] {processor.py:914} INFO - Processing file /opt/airflow/dags/dag.py for tasks to queue
[2026-06-11T02:08:15.449+0000] {logging_mixin.py:190} INFO - [2026-06-11T02:08:15.449+0000] {dagbag.py:588} INFO - Filling up the DagBag from /opt/airflow/dags/dag.py
[2026-06-11T02:08:15.466+0000] {processor.py:925} INFO - DAG(s) 'f1_medallion_pipeline' retrieved from /opt/airflow/dags/dag.py
[2026-06-11T02:08:15.484+0000] {logging_mixin.py:190} INFO - [2026-06-11T02:08:15.484+0000] {dag.py:3239} INFO - Sync 1 DAGs
[2026-06-11T02:08:15.492+0000] {logging_mixin.py:190} INFO - [2026-06-11T02:08:15.492+0000] {dag.py:4180} INFO - Setting next_dagrun for f1_medallion_pipeline to None, run_after=None
[2026-06-11T02:08:15.503+0000] {processor.py:208} INFO - Processing /opt/airflow/dags/dag.py took 0.063 seconds
[2026-06-11T02:08:45.636+0000] {processor.py:186} INFO - Started process (PID=38797) to work on /opt/airflow/dags/dag.py
[2026-06-11T02:08:45.637+0000] {processor.py:914} INFO - Processing file /opt/airflow/dags/dag.py for tasks to queue
[2026-06-11T02:08:45.639+0000] {logging_mixin.py:190} INFO - [2026-06-11T02:08:45.639+0000] {dagbag.py:588} INFO - Filling up the DagBag from /opt/airflow/dags/dag.py
[2026-06-11T02:08:45.655+0000] {processor.py:925} INFO - DAG(s) 'f1_medallion_pipeline' retrieved from /opt/airflow/dags/dag.py
[2026-06-11T02:08:45.674+0000] {logging_mixin.py:190} INFO - [2026-06-11T02:08:45.674+0000] {dag.py:3239} INFO - Sync 1 DAGs
[2026-06-11T02:08:45.682+0000] {logging_mixin.py:190} INFO - [2026-06-11T02:08:45.682+0000] {dag.py:4180} INFO - Setting next_dagrun for f1_medallion_pipeline to None, run_after=None
[2026-06-11T02:08:45.694+0000] {processor.py:208} INFO - Processing /opt/airflow/dags/dag.py took 0.065 seconds
[2026-06-11T02:09:15.796+0000] {processor.py:186} INFO - Started process (PID=38802) to work on /opt/airflow/dags/dag.py
[2026-06-11T02:09:15.797+0000] {processor.py:914} INFO - Processing file /opt/airflow/dags/dag.py for tasks to queue
[2026-06-11T02:09:15.798+0000] {logging_mixin.py:190} INFO - [2026-06-11T02:09:15.798+0000] {dagbag.py:588} INFO - Filling up the DagBag from /opt/airflow/dags/dag.py
[2026-06-11T02:09:15.816+0000] {processor.py:925} INFO - DAG(s) 'f1_medallion_pipeline' retrieved from /opt/airflow/dags/dag.py
[2026-06-11T02:09:15.834+0000] {logging_mixin.py:190} INFO - [2026-06-11T02:09:15.834+0000] {dag.py:3239} INFO - Sync 1 DAGs
[2026-06-11T02:09:15.842+0000] {logging_mixin.py:190} INFO - [2026-06-11T02:09:15.842+0000] {dag.py:4180} INFO - Setting next_dagrun for f1_medallion_pipeline to None, run_after=None
[2026-06-11T02:09:15.853+0000] {processor.py:208} INFO - Processing /opt/airflow/dags/dag.py took 0.064 seconds
[2026-06-11T02:09:45.994+0000] {processor.py:186} INFO - Started process (PID=38807) to work on /opt/airflow/dags/dag.py
[2026-06-11T02:09:45.994+0000] {processor.py:914} INFO - Processing file /opt/airflow/dags/dag.py for tasks to queue
[2026-06-11T02:09:45.996+0000] {logging_mixin.py:190} INFO - [2026-06-11T02:09:45.996+0000] {dagbag.py:588} INFO - Filling up the DagBag from /opt/airflow/dags/dag.py
[2026-06-11T02:09:46.018+0000] {processor.py:925} INFO - DAG(s) 'f1_medallion_pipeline' retrieved from /opt/airflow/dags/dag.py
[2026-06-11T02:09:46.039+0000] {logging_mixin.py:190} INFO - [2026-06-11T02:09:46.039+0000] {dag.py:3239} INFO - Sync 1 DAGs
[2026-06-11T02:09:46.047+0000] {logging_mixin.py:190} INFO - [2026-06-11T02:09:46.047+0000] {dag.py:4180} INFO - Setting next_dagrun for f1_medallion_pipeline to None, run_after=None
[2026-06-11T02:09:46.059+0000] {processor.py:208} INFO - Processing /opt/airflow/dags/dag.py took 0.073 seconds
[2026-06-11T02:10:16.167+0000] {processor.py:186} INFO - Started process (PID=38812) to work on /opt/airflow/dags/dag.py
[2026-06-11T02:10:16.168+0000] {processor.py:914} INFO - Processing file /opt/airflow/dags/dag.py for tasks to queue
[2026-06-11T02:10:16.170+0000] {logging_mixin.py:190} INFO - [2026-06-11T02:10:16.169+0000] {dagbag.py:588} INFO - Filling up the DagBag from /opt/airflow/dags/dag.py
[2026-06-11T02:10:16.187+0000] {processor.py:925} INFO - DAG(s) 'f1_medallion_pipeline' retrieved from /opt/airflow/dags/dag.py
[2026-06-11T02:10:16.205+0000] {logging_mixin.py:190} INFO - [2026-06-11T02:10:16.205+0000] {dag.py:3239} INFO - Sync 1 DAGs
[2026-06-11T02:10:16.213+0000] {logging_mixin.py:190} INFO - [2026-06-11T02:10:16.213+0000] {dag.py:4180} INFO - Setting next_dagrun for f1_medallion_pipeline to None, run_after=None
[2026-06-11T02:10:16.224+0000] {processor.py:208} INFO - Processing /opt/airflow/dags/dag.py took 0.065 seconds
[2026-06-11T02:10:46.356+0000] {processor.py:186} INFO - Started process (PID=38817) to work on /opt/airflow/dags/dag.py
[2026-06-11T02:10:46.357+0000] {processor.py:914} INFO - Processing file /opt/airflow/dags/dag.py for tasks to queue
[2026-06-11T02:10:46.358+0000] {logging_mixin.py:190} INFO - [2026-06-11T02:10:46.358+0000] {dagbag.py:588} INFO - Filling up the DagBag from /opt/airflow/dags/dag.py
[2026-06-11T02:10:46.376+0000] {processor.py:925} INFO - DAG(s) 'f1_medallion_pipeline' retrieved from /opt/airflow/dags/dag.py
[2026-06-11T02:10:46.395+0000] {logging_mixin.py:190} INFO - [2026-06-11T02:10:46.395+0000] {dag.py:3239} INFO - Sync 1 DAGs
[2026-06-11T02:10:46.403+0000] {logging_mixin.py:190} INFO - [2026-06-11T02:10:46.403+0000] {dag.py:4180} INFO - Setting next_dagrun for f1_medallion_pipeline to None, run_after=None
[2026-06-11T02:10:46.414+0000] {processor.py:208} INFO - Processing /opt/airflow/dags/dag.py took 0.064 seconds
[2026-06-11T02:11:16.523+0000] {processor.py:186} INFO - Started process (PID=38822) to work on /opt/airflow/dags/dag.py
[2026-06-11T02:11:16.523+0000] {processor.py:914} INFO - Processing file /opt/airflow/dags/dag.py for tasks to queue
[2026-06-11T02:11:16.525+0000] {logging_mixin.py:190} INFO - [2026-06-11T02:11:16.525+0000] {dagbag.py:588} INFO - Filling up the DagBag from /opt/airflow/dags/dag.py
[2026-06-11T02:11:16.541+0000] {processor.py:925} INFO - DAG(s) 'f1_medallion_pipeline' retrieved from /opt/airflow/dags/dag.py
[2026-06-11T02:11:16.560+0000] {logging_mixin.py:190} INFO - [2026-06-11T02:11:16.560+0000] {dag.py:3239} INFO - Sync 1 DAGs
[2026-06-11T02:11:16.568+0000] {logging_mixin.py:190} INFO - [2026-06-11T02:11:16.567+0000] {dag.py:4180} INFO - Setting next_dagrun for f1_medallion_pipeline to None, run_after=None
[2026-06-11T02:11:16.579+0000] {processor.py:208} INFO - Processing /opt/airflow/dags/dag.py took 0.063 seconds
[2026-06-11T02:11:46.696+0000] {processor.py:186} INFO - Started process (PID=38827) to work on /opt/airflow/dags/dag.py
[2026-06-11T02:11:46.697+0000] {processor.py:914} INFO - Processing file /opt/airflow/dags/dag.py for tasks to queue
[2026-06-11T02:11:46.698+0000] {logging_mixin.py:190} INFO - [2026-06-11T02:11:46.698+0000] {dagbag.py:588} INFO - Filling up the DagBag from /opt/airflow/dags/dag.py
[2026-06-11T02:11:46.714+0000] {processor.py:925} INFO - DAG(s) 'f1_medallion_pipeline' retrieved from /opt/airflow/dags/dag.py
[2026-06-11T02:11:46.732+0000] {logging_mixin.py:190} INFO - [2026-06-11T02:11:46.732+0000] {dag.py:3239} INFO - Sync 1 DAGs
[2026-06-11T02:11:46.740+0000] {logging_mixin.py:190} INFO - [2026-06-11T02:11:46.740+0000] {dag.py:4180} INFO - Setting next_dagrun for f1_medallion_pipeline to None, run_after=None
[2026-06-11T02:11:46.751+0000] {processor.py:208} INFO - Processing /opt/airflow/dags/dag.py took 0.062 seconds
[2026-06-11T02:12:16.874+0000] {processor.py:186} INFO - Started process (PID=38832) to work on /opt/airflow/dags/dag.py
[2026-06-11T02:12:16.875+0000] {processor.py:914} INFO - Processing file /opt/airflow/dags/dag.py for tasks to queue
[2026-06-11T02:12:16.876+0000] {logging_mixin.py:190} INFO - [2026-06-11T02:12:16.876+0000] {dagbag.py:588} INFO - Filling up the DagBag from /opt/airflow/dags/dag.py
[2026-06-11T02:12:16.893+0000] {processor.py:925} INFO - DAG(s) 'f1_medallion_pipeline' retrieved from /opt/airflow/dags/dag.py
[2026-06-11T02:12:16.913+0000] {logging_mixin.py:190} INFO - [2026-06-11T02:12:16.913+0000] {dag.py:3239} INFO - Sync 1 DAGs
[2026-06-11T02:12:16.922+0000] {logging_mixin.py:190} INFO - [2026-06-11T02:12:16.922+0000] {dag.py:4180} INFO - Setting next_dagrun for f1_medallion_pipeline to None, run_after=None
[2026-06-11T02:12:16.934+0000] {processor.py:208} INFO - Processing /opt/airflow/dags/dag.py took 0.067 seconds
[2026-06-11T02:12:47.018+0000] {processor.py:186} INFO - Started process (PID=38837) to work on /opt/airflow/dags/dag.py
[2026-06-11T02:12:47.018+0000] {processor.py:914} INFO - Processing file /opt/airflow/dags/dag.py for tasks to queue
[2026-06-11T02:12:47.020+0000] {logging_mixin.py:190} INFO - [2026-06-11T02:12:47.020+0000] {dagbag.py:588} INFO - Filling up the DagBag from /opt/airflow/dags/dag.py
[2026-06-11T02:12:47.036+0000] {processor.py:925} INFO - DAG(s) 'f1_medallion_pipeline' retrieved from /opt/airflow/dags/dag.py
[2026-06-11T02:12:47.056+0000] {logging_mixin.py:190} INFO - [2026-06-11T02:12:47.056+0000] {dag.py:3239} INFO - Sync 1 DAGs
[2026-06-11T02:12:47.064+0000] {logging_mixin.py:190} INFO - [2026-06-11T02:12:47.064+0000] {dag.py:4180} INFO - Setting next_dagrun for f1_medallion_pipeline to None, run_after=None
[2026-06-11T02:12:47.076+0000] {processor.py:208} INFO - Processing /opt/airflow/dags/dag.py took 0.065 seconds
[2026-06-11T02:13:17.225+0000] {processor.py:186} INFO - Started process (PID=38842) to work on /opt/airflow/dags/dag.py
[2026-06-11T02:13:17.226+0000] {processor.py:914} INFO - Processing file /opt/airflow/dags/dag.py for tasks to queue
[2026-06-11T02:13:17.228+0000] {logging_mixin.py:190} INFO - [2026-06-11T02:13:17.227+0000] {dagbag.py:588} INFO - Filling up the DagBag from /opt/airflow/dags/dag.py
[2026-06-11T02:13:17.244+0000] {processor.py:925} INFO - DAG(s) 'f1_medallion_pipeline' retrieved from /opt/airflow/dags/dag.py
[2026-06-11T02:13:17.263+0000] {logging_mixin.py:190} INFO - [2026-06-11T02:13:17.263+0000] {dag.py:3239} INFO - Sync 1 DAGs
[2026-06-11T02:13:17.271+0000] {logging_mixin.py:190} INFO - [2026-06-11T02:13:17.271+0000] {dag.py:4180} INFO - Setting next_dagrun for f1_medallion_pipeline to None, run_after=None
[2026-06-11T02:13:17.282+0000] {processor.py:208} INFO - Processing /opt/airflow/dags/dag.py took 0.065 seconds
[2026-06-11T02:13:47.385+0000] {processor.py:186} INFO - Started process (PID=38847) to work on /opt/airflow/dags/dag.py
[2026-06-11T02:13:47.385+0000] {processor.py:914} INFO - Processing file /opt/airflow/dags/dag.py for tasks to queue
[2026-06-11T02:13:47.387+0000] {logging_mixin.py:190} INFO - [2026-06-11T02:13:47.387+0000] {dagbag.py:588} INFO - Filling up the DagBag from /opt/airflow/dags/dag.py
[2026-06-11T02:13:47.404+0000] {processor.py:925} INFO - DAG(s) 'f1_medallion_pipeline' retrieved from /opt/airflow/dags/dag.py
[2026-06-11T02:13:47.424+0000] {logging_mixin.py:190} INFO - [2026-06-11T02:13:47.424+0000] {dag.py:3239} INFO - Sync 1 DAGs
[2026-06-11T02:13:47.432+0000] {logging_mixin.py:190} INFO - [2026-06-11T02:13:47.432+0000] {dag.py:4180} INFO - Setting next_dagrun for f1_medallion_pipeline to None, run_after=None
[2026-06-11T02:13:47.443+0000] {processor.py:208} INFO - Processing /opt/airflow/dags/dag.py took 0.066 seconds
[2026-06-11T02:14:17.567+0000] {processor.py:186} INFO - Started process (PID=38852) to work on /opt/airflow/dags/dag.py
[2026-06-11T02:14:17.567+0000] {processor.py:914} INFO - Processing file /opt/airflow/dags/dag.py for tasks to queue
[2026-06-11T02:14:17.569+0000] {logging_mixin.py:190} INFO - [2026-06-11T02:14:17.569+0000] {dagbag.py:588} INFO - Filling up the DagBag from /opt/airflow/dags/dag.py
[2026-06-11T02:14:17.588+0000] {processor.py:925} INFO - DAG(s) 'f1_medallion_pipeline' retrieved from /opt/airflow/dags/dag.py
[2026-06-11T02:14:17.607+0000] {logging_mixin.py:190} INFO - [2026-06-11T02:14:17.607+0000] {dag.py:3239} INFO - Sync 1 DAGs
[2026-06-11T02:14:17.615+0000] {logging_mixin.py:190} INFO - [2026-06-11T02:14:17.615+0000] {dag.py:4180} INFO - Setting next_dagrun for f1_medallion_pipeline to None, run_after=None
[2026-06-11T02:14:17.627+0000] {processor.py:208} INFO - Processing /opt/airflow/dags/dag.py took 0.069 seconds
[2026-06-11T02:14:47.732+0000] {processor.py:186} INFO - Started process (PID=38857) to work on /opt/airflow/dags/dag.py
[2026-06-11T02:14:47.733+0000] {processor.py:914} INFO - Processing file /opt/airflow/dags/dag.py for tasks to queue
[2026-06-11T02:14:47.734+0000] {logging_mixin.py:190} INFO - [2026-06-11T02:14:47.734+0000] {dagbag.py:588} INFO - Filling up the DagBag from /opt/airflow/dags/dag.py
[2026-06-11T02:14:47.751+0000] {processor.py:925} INFO - DAG(s) 'f1_medallion_pipeline' retrieved from /opt/airflow/dags/dag.py
[2026-06-11T02:14:47.769+0000] {logging_mixin.py:190} INFO - [2026-06-11T02:14:47.769+0000] {dag.py:3239} INFO - Sync 1 DAGs
[2026-06-11T02:14:47.777+0000] {logging_mixin.py:190} INFO - [2026-06-11T02:14:47.777+0000] {dag.py:4180} INFO - Setting next_dagrun for f1_medallion_pipeline to None, run_after=None
[2026-06-11T02:14:47.789+0000] {processor.py:208} INFO - Processing /opt/airflow/dags/dag.py took 0.064 seconds
[2026-06-11T02:15:17.934+0000] {processor.py:186} INFO - Started process (PID=38862) to work on /opt/airflow/dags/dag.py
[2026-06-11T02:15:17.935+0000] {processor.py:914} INFO - Processing file /opt/airflow/dags/dag.py for tasks to queue
[2026-06-11T02:15:17.937+0000] {logging_mixin.py:190} INFO - [2026-06-11T02:15:17.937+0000] {dagbag.py:588} INFO - Filling up the DagBag from /opt/airflow/dags/dag.py
[2026-06-11T02:15:17.953+0000] {processor.py:925} INFO - DAG(s) 'f1_medallion_pipeline' retrieved from /opt/airflow/dags/dag.py
[2026-06-11T02:15:17.971+0000] {logging_mixin.py:190} INFO - [2026-06-11T02:15:17.971+0000] {dag.py:3239} INFO - Sync 1 DAGs
[2026-06-11T02:15:17.979+0000] {logging_mixin.py:190} INFO - [2026-06-11T02:15:17.979+0000] {dag.py:4180} INFO - Setting next_dagrun for f1_medallion_pipeline to None, run_after=None
[2026-06-11T02:15:17.991+0000] {processor.py:208} INFO - Processing /opt/airflow/dags/dag.py took 0.063 seconds
[2026-06-11T02:15:48.099+0000] {processor.py:186} INFO - Started process (PID=38867) to work on /opt/airflow/dags/dag.py
[2026-06-11T02:15:48.100+0000] {processor.py:914} INFO - Processing file /opt/airflow/dags/dag.py for tasks to queue
[2026-06-11T02:15:48.102+0000] {logging_mixin.py:190} INFO - [2026-06-11T02:15:48.102+0000] {dagbag.py:588} INFO - Filling up the DagBag from /opt/airflow/dags/dag.py
[2026-06-11T02:15:48.118+0000] {processor.py:925} INFO - DAG(s) 'f1_medallion_pipeline' retrieved from /opt/airflow/dags/dag.py
[2026-06-11T02:15:48.137+0000] {logging_mixin.py:190} INFO - [2026-06-11T02:15:48.137+0000] {dag.py:3239} INFO - Sync 1 DAGs
[2026-06-11T02:15:48.144+0000] {logging_mixin.py:190} INFO - [2026-06-11T02:15:48.144+0000] {dag.py:4180} INFO - Setting next_dagrun for f1_medallion_pipeline to None, run_after=None
[2026-06-11T02:15:48.157+0000] {processor.py:208} INFO - Processing /opt/airflow/dags/dag.py took 0.065 seconds
[2026-06-11T02:16:18.284+0000] {processor.py:186} INFO - Started process (PID=38872) to work on /opt/airflow/dags/dag.py
[2026-06-11T02:16:18.285+0000] {processor.py:914} INFO - Processing file /opt/airflow/dags/dag.py for tasks to queue
[2026-06-11T02:16:18.287+0000] {logging_mixin.py:190} INFO - [2026-06-11T02:16:18.287+0000] {dagbag.py:588} INFO - Filling up the DagBag from /opt/airflow/dags/dag.py
[2026-06-11T02:16:18.306+0000] {processor.py:925} INFO - DAG(s) 'f1_medallion_pipeline' retrieved from /opt/airflow/dags/dag.py
[2026-06-11T02:16:18.326+0000] {logging_mixin.py:190} INFO - [2026-06-11T02:16:18.326+0000] {dag.py:3239} INFO - Sync 1 DAGs
[2026-06-11T02:16:18.336+0000] {logging_mixin.py:190} INFO - [2026-06-11T02:16:18.336+0000] {dag.py:4180} INFO - Setting next_dagrun for f1_medallion_pipeline to None, run_after=None
[2026-06-11T02:16:18.349+0000] {processor.py:208} INFO - Processing /opt/airflow/dags/dag.py took 0.073 seconds
[2026-06-11T02:16:48.444+0000] {processor.py:186} INFO - Started process (PID=38877) to work on /opt/airflow/dags/dag.py
[2026-06-11T02:16:48.444+0000] {processor.py:914} INFO - Processing file /opt/airflow/dags/dag.py for tasks to queue
[2026-06-11T02:16:48.446+0000] {logging_mixin.py:190} INFO - [2026-06-11T02:16:48.446+0000] {dagbag.py:588} INFO - Filling up the DagBag from /opt/airflow/dags/dag.py
[2026-06-11T02:16:48.465+0000] {processor.py:925} INFO - DAG(s) 'f1_medallion_pipeline' retrieved from /opt/airflow/dags/dag.py
[2026-06-11T02:16:48.484+0000] {logging_mixin.py:190} INFO - [2026-06-11T02:16:48.484+0000] {dag.py:3239} INFO - Sync 1 DAGs
[2026-06-11T02:16:48.492+0000] {logging_mixin.py:190} INFO - [2026-06-11T02:16:48.492+0000] {dag.py:4180} INFO - Setting next_dagrun for f1_medallion_pipeline to None, run_after=None
[2026-06-11T02:16:48.504+0000] {processor.py:208} INFO - Processing /opt/airflow/dags/dag.py took 0.068 seconds
[2026-06-11T02:17:18.630+0000] {processor.py:186} INFO - Started process (PID=38882) to work on /opt/airflow/dags/dag.py
[2026-06-11T02:17:18.630+0000] {processor.py:914} INFO - Processing file /opt/airflow/dags/dag.py for tasks to queue
[2026-06-11T02:17:18.632+0000] {logging_mixin.py:190} INFO - [2026-06-11T02:17:18.632+0000] {dagbag.py:588} INFO - Filling up the DagBag from /opt/airflow/dags/dag.py
[2026-06-11T02:17:18.648+0000] {processor.py:925} INFO - DAG(s) 'f1_medallion_pipeline' retrieved from /opt/airflow/dags/dag.py
[2026-06-11T02:17:18.667+0000] {logging_mixin.py:190} INFO - [2026-06-11T02:17:18.667+0000] {dag.py:3239} INFO - Sync 1 DAGs
[2026-06-11T02:17:18.675+0000] {logging_mixin.py:190} INFO - [2026-06-11T02:17:18.675+0000] {dag.py:4180} INFO - Setting next_dagrun for f1_medallion_pipeline to None, run_after=None
[2026-06-11T02:17:18.686+0000] {processor.py:208} INFO - Processing /opt/airflow/dags/dag.py took 0.063 seconds
[2026-06-11T02:17:48.786+0000] {processor.py:186} INFO - Started process (PID=38887) to work on /opt/airflow/dags/dag.py
[2026-06-11T02:17:48.787+0000] {processor.py:914} INFO - Processing file /opt/airflow/dags/dag.py for tasks to queue
[2026-06-11T02:17:48.788+0000] {logging_mixin.py:190} INFO - [2026-06-11T02:17:48.788+0000] {dagbag.py:588} INFO - Filling up the DagBag from /opt/airflow/dags/dag.py
[2026-06-11T02:17:48.805+0000] {processor.py:925} INFO - DAG(s) 'f1_medallion_pipeline' retrieved from /opt/airflow/dags/dag.py
[2026-06-11T02:17:48.823+0000] {logging_mixin.py:190} INFO - [2026-06-11T02:17:48.823+0000] {dag.py:3239} INFO - Sync 1 DAGs
[2026-06-11T02:17:48.831+0000] {logging_mixin.py:190} INFO - [2026-06-11T02:17:48.831+0000] {dag.py:4180} INFO - Setting next_dagrun for f1_medallion_pipeline to None, run_after=None
[2026-06-11T02:17:48.843+0000] {processor.py:208} INFO - Processing /opt/airflow/dags/dag.py took 0.064 seconds
[2026-06-11T02:18:18.973+0000] {processor.py:186} INFO - Started process (PID=38892) to work on /opt/airflow/dags/dag.py
[2026-06-11T02:18:18.974+0000] {processor.py:914} INFO - Processing file /opt/airflow/dags/dag.py for tasks to queue
[2026-06-11T02:18:18.976+0000] {logging_mixin.py:190} INFO - [2026-06-11T02:18:18.975+0000] {dagbag.py:588} INFO - Filling up the DagBag from /opt/airflow/dags/dag.py
[2026-06-11T02:18:18.991+0000] {processor.py:925} INFO - DAG(s) 'f1_medallion_pipeline' retrieved from /opt/airflow/dags/dag.py
[2026-06-11T02:18:19.010+0000] {logging_mixin.py:190} INFO - [2026-06-11T02:18:19.010+0000] {dag.py:3239} INFO - Sync 1 DAGs
[2026-06-11T02:18:19.018+0000] {logging_mixin.py:190} INFO - [2026-06-11T02:18:19.018+0000] {dag.py:4180} INFO - Setting next_dagrun for f1_medallion_pipeline to None, run_after=None
[2026-06-11T02:18:19.029+0000] {processor.py:208} INFO - Processing /opt/airflow/dags/dag.py took 0.064 seconds
[2026-06-11T02:18:49.130+0000] {processor.py:186} INFO - Started process (PID=38897) to work on /opt/airflow/dags/dag.py
[2026-06-11T02:18:49.131+0000] {processor.py:914} INFO - Processing file /opt/airflow/dags/dag.py for tasks to queue
[2026-06-11T02:18:49.133+0000] {logging_mixin.py:190} INFO - [2026-06-11T02:18:49.133+0000] {dagbag.py:588} INFO - Filling up the DagBag from /opt/airflow/dags/dag.py
[2026-06-11T02:18:49.149+0000] {processor.py:925} INFO - DAG(s) 'f1_medallion_pipeline' retrieved from /opt/airflow/dags/dag.py
[2026-06-11T02:18:49.168+0000] {logging_mixin.py:190} INFO - [2026-06-11T02:18:49.168+0000] {dag.py:3239} INFO - Sync 1 DAGs
[2026-06-11T02:18:49.176+0000] {logging_mixin.py:190} INFO - [2026-06-11T02:18:49.176+0000] {dag.py:4180} INFO - Setting next_dagrun for f1_medallion_pipeline to None, run_after=None
[2026-06-11T02:18:49.187+0000] {processor.py:208} INFO - Processing /opt/airflow/dags/dag.py took 0.064 seconds
[2026-06-11T02:19:19.323+0000] {processor.py:186} INFO - Started process (PID=38902) to work on /opt/airflow/dags/dag.py
[2026-06-11T02:19:19.324+0000] {processor.py:914} INFO - Processing file /opt/airflow/dags/dag.py for tasks to queue
[2026-06-11T02:19:19.325+0000] {logging_mixin.py:190} INFO - [2026-06-11T02:19:19.325+0000] {dagbag.py:588} INFO - Filling up the DagBag from /opt/airflow/dags/dag.py
[2026-06-11T02:19:19.342+0000] {processor.py:925} INFO - DAG(s) 'f1_medallion_pipeline' retrieved from /opt/airflow/dags/dag.py
[2026-06-11T02:19:19.361+0000] {logging_mixin.py:190} INFO - [2026-06-11T02:19:19.360+0000] {dag.py:3239} INFO - Sync 1 DAGs
[2026-06-11T02:19:19.368+0000] {logging_mixin.py:190} INFO - [2026-06-11T02:19:19.368+0000] {dag.py:4180} INFO - Setting next_dagrun for f1_medallion_pipeline to None, run_after=None
[2026-06-11T02:19:19.380+0000] {processor.py:208} INFO - Processing /opt/airflow/dags/dag.py took 0.063 seconds
[2026-06-11T02:19:49.488+0000] {processor.py:186} INFO - Started process (PID=38907) to work on /opt/airflow/dags/dag.py
[2026-06-11T02:19:49.489+0000] {processor.py:914} INFO - Processing file /opt/airflow/dags/dag.py for tasks to queue
[2026-06-11T02:19:49.490+0000] {logging_mixin.py:190} INFO - [2026-06-11T02:19:49.490+0000] {dagbag.py:588} INFO - Filling up the DagBag from /opt/airflow/dags/dag.py
[2026-06-11T02:19:49.507+0000] {processor.py:925} INFO - DAG(s) 'f1_medallion_pipeline' retrieved from /opt/airflow/dags/dag.py
[2026-06-11T02:19:49.525+0000] {logging_mixin.py:190} INFO - [2026-06-11T02:19:49.525+0000] {dag.py:3239} INFO - Sync 1 DAGs
[2026-06-11T02:19:49.533+0000] {logging_mixin.py:190} INFO - [2026-06-11T02:19:49.533+0000] {dag.py:4180} INFO - Setting next_dagrun for f1_medallion_pipeline to None, run_after=None
[2026-06-11T02:19:49.545+0000] {processor.py:208} INFO - Processing /opt/airflow/dags/dag.py took 0.064 seconds
[2026-06-11T02:20:19.692+0000] {processor.py:186} INFO - Started process (PID=38912) to work on /opt/airflow/dags/dag.py
[2026-06-11T02:20:19.692+0000] {processor.py:914} INFO - Processing file /opt/airflow/dags/dag.py for tasks to queue
[2026-06-11T02:20:19.694+0000] {logging_mixin.py:190} INFO - [2026-06-11T02:20:19.694+0000] {dagbag.py:588} INFO - Filling up the DagBag from /opt/airflow/dags/dag.py
[2026-06-11T02:20:19.712+0000] {processor.py:925} INFO - DAG(s) 'f1_medallion_pipeline' retrieved from /opt/airflow/dags/dag.py
[2026-06-11T02:20:19.731+0000] {logging_mixin.py:190} INFO - [2026-06-11T02:20:19.731+0000] {dag.py:3239} INFO - Sync 1 DAGs
[2026-06-11T02:20:19.740+0000] {logging_mixin.py:190} INFO - [2026-06-11T02:20:19.740+0000] {dag.py:4180} INFO - Setting next_dagrun for f1_medallion_pipeline to None, run_after=None
[2026-06-11T02:20:19.751+0000] {processor.py:208} INFO - Processing /opt/airflow/dags/dag.py took 0.066 seconds
[2026-06-11T02:20:49.853+0000] {processor.py:186} INFO - Started process (PID=38917) to work on /opt/airflow/dags/dag.py
[2026-06-11T02:20:49.854+0000] {processor.py:914} INFO - Processing file /opt/airflow/dags/dag.py for tasks to queue
[2026-06-11T02:20:49.856+0000] {logging_mixin.py:190} INFO - [2026-06-11T02:20:49.855+0000] {dagbag.py:588} INFO - Filling up the DagBag from /opt/airflow/dags/dag.py
[2026-06-11T02:20:49.871+0000] {processor.py:925} INFO - DAG(s) 'f1_medallion_pipeline' retrieved from /opt/airflow/dags/dag.py
[2026-06-11T02:20:49.890+0000] {logging_mixin.py:190} INFO - [2026-06-11T02:20:49.890+0000] {dag.py:3239} INFO - Sync 1 DAGs
[2026-06-11T02:20:49.898+0000] {logging_mixin.py:190} INFO - [2026-06-11T02:20:49.898+0000] {dag.py:4180} INFO - Setting next_dagrun for f1_medallion_pipeline to None, run_after=None
[2026-06-11T02:20:49.909+0000] {processor.py:208} INFO - Processing /opt/airflow/dags/dag.py took 0.063 seconds
[2026-06-11T02:21:20.044+0000] {processor.py:186} INFO - Started process (PID=38922) to work on /opt/airflow/dags/dag.py
[2026-06-11T02:21:20.044+0000] {processor.py:914} INFO - Processing file /opt/airflow/dags/dag.py for tasks to queue
[2026-06-11T02:21:20.046+0000] {logging_mixin.py:190} INFO - [2026-06-11T02:21:20.046+0000] {dagbag.py:588} INFO - Filling up the DagBag from /opt/airflow/dags/dag.py
[2026-06-11T02:21:20.063+0000] {processor.py:925} INFO - DAG(s) 'f1_medallion_pipeline' retrieved from /opt/airflow/dags/dag.py
[2026-06-11T02:21:20.082+0000] {logging_mixin.py:190} INFO - [2026-06-11T02:21:20.081+0000] {dag.py:3239} INFO - Sync 1 DAGs
[2026-06-11T02:21:20.089+0000] {logging_mixin.py:190} INFO - [2026-06-11T02:21:20.089+0000] {dag.py:4180} INFO - Setting next_dagrun for f1_medallion_pipeline to None, run_after=None
[2026-06-11T02:21:20.100+0000] {processor.py:208} INFO - Processing /opt/airflow/dags/dag.py took 0.064 seconds
[2026-06-11T02:21:50.206+0000] {processor.py:186} INFO - Started process (PID=38927) to work on /opt/airflow/dags/dag.py
[2026-06-11T02:21:50.206+0000] {processor.py:914} INFO - Processing file /opt/airflow/dags/dag.py for tasks to queue
[2026-06-11T02:21:50.208+0000] {logging_mixin.py:190} INFO - [2026-06-11T02:21:50.208+0000] {dagbag.py:588} INFO - Filling up the DagBag from /opt/airflow/dags/dag.py
[2026-06-11T02:21:50.224+0000] {processor.py:925} INFO - DAG(s) 'f1_medallion_pipeline' retrieved from /opt/airflow/dags/dag.py
[2026-06-11T02:21:50.242+0000] {logging_mixin.py:190} INFO - [2026-06-11T02:21:50.242+0000] {dag.py:3239} INFO - Sync 1 DAGs
[2026-06-11T02:21:50.250+0000] {logging_mixin.py:190} INFO - [2026-06-11T02:21:50.249+0000] {dag.py:4180} INFO - Setting next_dagrun for f1_medallion_pipeline to None, run_after=None
[2026-06-11T02:21:50.261+0000] {processor.py:208} INFO - Processing /opt/airflow/dags/dag.py took 0.062 seconds
[2026-06-11T02:22:20.401+0000] {processor.py:186} INFO - Started process (PID=38932) to work on /opt/airflow/dags/dag.py
[2026-06-11T02:22:20.402+0000] {processor.py:914} INFO - Processing file /opt/airflow/dags/dag.py for tasks to queue
[2026-06-11T02:22:20.403+0000] {logging_mixin.py:190} INFO - [2026-06-11T02:22:20.403+0000] {dagbag.py:588} INFO - Filling up the DagBag from /opt/airflow/dags/dag.py
[2026-06-11T02:22:20.420+0000] {processor.py:925} INFO - DAG(s) 'f1_medallion_pipeline' retrieved from /opt/airflow/dags/dag.py
[2026-06-11T02:22:20.438+0000] {logging_mixin.py:190} INFO - [2026-06-11T02:22:20.438+0000] {dag.py:3239} INFO - Sync 1 DAGs
[2026-06-11T02:22:20.446+0000] {logging_mixin.py:190} INFO - [2026-06-11T02:22:20.446+0000] {dag.py:4180} INFO - Setting next_dagrun for f1_medallion_pipeline to None, run_after=None
[2026-06-11T02:22:20.457+0000] {processor.py:208} INFO - Processing /opt/airflow/dags/dag.py took 0.063 seconds
[2026-06-11T02:22:50.555+0000] {processor.py:186} INFO - Started process (PID=38937) to work on /opt/airflow/dags/dag.py
[2026-06-11T02:22:50.555+0000] {processor.py:914} INFO - Processing file /opt/airflow/dags/dag.py for tasks to queue
[2026-06-11T02:22:50.557+0000] {logging_mixin.py:190} INFO - [2026-06-11T02:22:50.557+0000] {dagbag.py:588} INFO - Filling up the DagBag from /opt/airflow/dags/dag.py
[2026-06-11T02:22:50.573+0000] {processor.py:925} INFO - DAG(s) 'f1_medallion_pipeline' retrieved from /opt/airflow/dags/dag.py
[2026-06-11T02:22:50.592+0000] {logging_mixin.py:190} INFO - [2026-06-11T02:22:50.592+0000] {dag.py:3239} INFO - Sync 1 DAGs
[2026-06-11T02:22:50.601+0000] {logging_mixin.py:190} INFO - [2026-06-11T02:22:50.600+0000] {dag.py:4180} INFO - Setting next_dagrun for f1_medallion_pipeline to None, run_after=None
[2026-06-11T02:22:50.614+0000] {processor.py:208} INFO - Processing /opt/airflow/dags/dag.py took 0.067 seconds
[2026-06-11T02:23:20.748+0000] {processor.py:186} INFO - Started process (PID=38942) to work on /opt/airflow/dags/dag.py
[2026-06-11T02:23:20.749+0000] {processor.py:914} INFO - Processing file /opt/airflow/dags/dag.py for tasks to queue
[2026-06-11T02:23:20.751+0000] {logging_mixin.py:190} INFO - [2026-06-11T02:23:20.750+0000] {dagbag.py:588} INFO - Filling up the DagBag from /opt/airflow/dags/dag.py
[2026-06-11T02:23:20.767+0000] {processor.py:925} INFO - DAG(s) 'f1_medallion_pipeline' retrieved from /opt/airflow/dags/dag.py
[2026-06-11T02:23:20.786+0000] {logging_mixin.py:190} INFO - [2026-06-11T02:23:20.786+0000] {dag.py:3239} INFO - Sync 1 DAGs
[2026-06-11T02:23:20.795+0000] {logging_mixin.py:190} INFO - [2026-06-11T02:23:20.795+0000] {dag.py:4180} INFO - Setting next_dagrun for f1_medallion_pipeline to None, run_after=None
[2026-06-11T02:23:20.807+0000] {processor.py:208} INFO - Processing /opt/airflow/dags/dag.py took 0.067 seconds
[2026-06-11T02:23:50.906+0000] {processor.py:186} INFO - Started process (PID=38947) to work on /opt/airflow/dags/dag.py
[2026-06-11T02:23:50.907+0000] {processor.py:914} INFO - Processing file /opt/airflow/dags/dag.py for tasks to queue
[2026-06-11T02:23:50.909+0000] {logging_mixin.py:190} INFO - [2026-06-11T02:23:50.908+0000] {dagbag.py:588} INFO - Filling up the DagBag from /opt/airflow/dags/dag.py
[2026-06-11T02:23:50.924+0000] {processor.py:925} INFO - DAG(s) 'f1_medallion_pipeline' retrieved from /opt/airflow/dags/dag.py
[2026-06-11T02:23:50.943+0000] {logging_mixin.py:190} INFO - [2026-06-11T02:23:50.943+0000] {dag.py:3239} INFO - Sync 1 DAGs
[2026-06-11T02:23:50.952+0000] {logging_mixin.py:190} INFO - [2026-06-11T02:23:50.951+0000] {dag.py:4180} INFO - Setting next_dagrun for f1_medallion_pipeline to None, run_after=None
[2026-06-11T02:23:50.964+0000] {processor.py:208} INFO - Processing /opt/airflow/dags/dag.py took 0.065 seconds
[2026-06-11T02:24:21.104+0000] {processor.py:186} INFO - Started process (PID=38952) to work on /opt/airflow/dags/dag.py
[2026-06-11T02:24:21.105+0000] {processor.py:914} INFO - Processing file /opt/airflow/dags/dag.py for tasks to queue
[2026-06-11T02:24:21.107+0000] {logging_mixin.py:190} INFO - [2026-06-11T02:24:21.107+0000] {dagbag.py:588} INFO - Filling up the DagBag from /opt/airflow/dags/dag.py
[2026-06-11T02:24:21.126+0000] {processor.py:925} INFO - DAG(s) 'f1_medallion_pipeline' retrieved from /opt/airflow/dags/dag.py
[2026-06-11T02:24:21.145+0000] {logging_mixin.py:190} INFO - [2026-06-11T02:24:21.145+0000] {dag.py:3239} INFO - Sync 1 DAGs
[2026-06-11T02:24:21.153+0000] {logging_mixin.py:190} INFO - [2026-06-11T02:24:21.153+0000] {dag.py:4180} INFO - Setting next_dagrun for f1_medallion_pipeline to None, run_after=None
[2026-06-11T02:24:21.165+0000] {processor.py:208} INFO - Processing /opt/airflow/dags/dag.py took 0.071 seconds
[2026-06-11T02:24:51.257+0000] {processor.py:186} INFO - Started process (PID=38957) to work on /opt/airflow/dags/dag.py
[2026-06-11T02:24:51.258+0000] {processor.py:914} INFO - Processing file /opt/airflow/dags/dag.py for tasks to queue
[2026-06-11T02:24:51.259+0000] {logging_mixin.py:190} INFO - [2026-06-11T02:24:51.259+0000] {dagbag.py:588} INFO - Filling up the DagBag from /opt/airflow/dags/dag.py
[2026-06-11T02:24:51.275+0000] {processor.py:925} INFO - DAG(s) 'f1_medallion_pipeline' retrieved from /opt/airflow/dags/dag.py
[2026-06-11T02:24:51.294+0000] {logging_mixin.py:190} INFO - [2026-06-11T02:24:51.294+0000] {dag.py:3239} INFO - Sync 1 DAGs
[2026-06-11T02:24:51.302+0000] {logging_mixin.py:190} INFO - [2026-06-11T02:24:51.302+0000] {dag.py:4180} INFO - Setting next_dagrun for f1_medallion_pipeline to None, run_after=None
[2026-06-11T02:24:51.313+0000] {processor.py:208} INFO - Processing /opt/airflow/dags/dag.py took 0.063 seconds
[2026-06-11T02:25:21.475+0000] {processor.py:186} INFO - Started process (PID=38962) to work on /opt/airflow/dags/dag.py
[2026-06-11T02:25:21.475+0000] {processor.py:914} INFO - Processing file /opt/airflow/dags/dag.py for tasks to queue
[2026-06-11T02:25:21.477+0000] {logging_mixin.py:190} INFO - [2026-06-11T02:25:21.477+0000] {dagbag.py:588} INFO - Filling up the DagBag from /opt/airflow/dags/dag.py
[2026-06-11T02:25:21.494+0000] {processor.py:925} INFO - DAG(s) 'f1_medallion_pipeline' retrieved from /opt/airflow/dags/dag.py
[2026-06-11T02:25:21.514+0000] {logging_mixin.py:190} INFO - [2026-06-11T02:25:21.514+0000] {dag.py:3239} INFO - Sync 1 DAGs
[2026-06-11T02:25:21.522+0000] {logging_mixin.py:190} INFO - [2026-06-11T02:25:21.522+0000] {dag.py:4180} INFO - Setting next_dagrun for f1_medallion_pipeline to None, run_after=None
[2026-06-11T02:25:21.534+0000] {processor.py:208} INFO - Processing /opt/airflow/dags/dag.py took 0.066 seconds
[2026-06-11T02:25:51.639+0000] {processor.py:186} INFO - Started process (PID=38967) to work on /opt/airflow/dags/dag.py
[2026-06-11T02:25:51.640+0000] {processor.py:914} INFO - Processing file /opt/airflow/dags/dag.py for tasks to queue
[2026-06-11T02:25:51.642+0000] {logging_mixin.py:190} INFO - [2026-06-11T02:25:51.642+0000] {dagbag.py:588} INFO - Filling up the DagBag from /opt/airflow/dags/dag.py
[2026-06-11T02:25:51.659+0000] {processor.py:925} INFO - DAG(s) 'f1_medallion_pipeline' retrieved from /opt/airflow/dags/dag.py
[2026-06-11T02:25:51.678+0000] {logging_mixin.py:190} INFO - [2026-06-11T02:25:51.678+0000] {dag.py:3239} INFO - Sync 1 DAGs
[2026-06-11T02:25:51.687+0000] {logging_mixin.py:190} INFO - [2026-06-11T02:25:51.687+0000] {dag.py:4180} INFO - Setting next_dagrun for f1_medallion_pipeline to None, run_after=None
[2026-06-11T02:25:51.698+0000] {processor.py:208} INFO - Processing /opt/airflow/dags/dag.py took 0.065 seconds
[2026-06-11T02:26:21.822+0000] {processor.py:186} INFO - Started process (PID=38972) to work on /opt/airflow/dags/dag.py
[2026-06-11T02:26:21.823+0000] {processor.py:914} INFO - Processing file /opt/airflow/dags/dag.py for tasks to queue
[2026-06-11T02:26:21.824+0000] {logging_mixin.py:190} INFO - [2026-06-11T02:26:21.824+0000] {dagbag.py:588} INFO - Filling up the DagBag from /opt/airflow/dags/dag.py
[2026-06-11T02:26:21.840+0000] {processor.py:925} INFO - DAG(s) 'f1_medallion_pipeline' retrieved from /opt/airflow/dags/dag.py
[2026-06-11T02:26:21.860+0000] {logging_mixin.py:190} INFO - [2026-06-11T02:26:21.860+0000] {dag.py:3239} INFO - Sync 1 DAGs
[2026-06-11T02:26:21.868+0000] {logging_mixin.py:190} INFO - [2026-06-11T02:26:21.868+0000] {dag.py:4180} INFO - Setting next_dagrun for f1_medallion_pipeline to None, run_after=None
[2026-06-11T02:26:21.879+0000] {processor.py:208} INFO - Processing /opt/airflow/dags/dag.py took 0.065 seconds
[2026-06-11T02:26:51.981+0000] {processor.py:186} INFO - Started process (PID=38977) to work on /opt/airflow/dags/dag.py
[2026-06-11T02:26:51.982+0000] {processor.py:914} INFO - Processing file /opt/airflow/dags/dag.py for tasks to queue
[2026-06-11T02:26:51.984+0000] {logging_mixin.py:190} INFO - [2026-06-11T02:26:51.983+0000] {dagbag.py:588} INFO - Filling up the DagBag from /opt/airflow/dags/dag.py
[2026-06-11T02:26:52.003+0000] {processor.py:925} INFO - DAG(s) 'f1_medallion_pipeline' retrieved from /opt/airflow/dags/dag.py
[2026-06-11T02:26:52.027+0000] {logging_mixin.py:190} INFO - [2026-06-11T02:26:52.027+0000] {dag.py:3239} INFO - Sync 1 DAGs
[2026-06-11T02:26:52.036+0000] {logging_mixin.py:190} INFO - [2026-06-11T02:26:52.035+0000] {dag.py:4180} INFO - Setting next_dagrun for f1_medallion_pipeline to None, run_after=None
[2026-06-11T02:26:52.050+0000] {processor.py:208} INFO - Processing /opt/airflow/dags/dag.py took 0.079 seconds
[2026-06-11T02:27:22.172+0000] {processor.py:186} INFO - Started process (PID=38982) to work on /opt/airflow/dags/dag.py
[2026-06-11T02:27:22.173+0000] {processor.py:914} INFO - Processing file /opt/airflow/dags/dag.py for tasks to queue
[2026-06-11T02:27:22.175+0000] {logging_mixin.py:190} INFO - [2026-06-11T02:27:22.175+0000] {dagbag.py:588} INFO - Filling up the DagBag from /opt/airflow/dags/dag.py
[2026-06-11T02:27:22.191+0000] {processor.py:925} INFO - DAG(s) 'f1_medallion_pipeline' retrieved from /opt/airflow/dags/dag.py
[2026-06-11T02:27:22.210+0000] {logging_mixin.py:190} INFO - [2026-06-11T02:27:22.209+0000] {dag.py:3239} INFO - Sync 1 DAGs
[2026-06-11T02:27:22.217+0000] {logging_mixin.py:190} INFO - [2026-06-11T02:27:22.217+0000] {dag.py:4180} INFO - Setting next_dagrun for f1_medallion_pipeline to None, run_after=None
[2026-06-11T02:27:22.229+0000] {processor.py:208} INFO - Processing /opt/airflow/dags/dag.py took 0.065 seconds
[2026-06-11T02:27:52.347+0000] {processor.py:186} INFO - Started process (PID=38987) to work on /opt/airflow/dags/dag.py
[2026-06-11T02:27:52.348+0000] {processor.py:914} INFO - Processing file /opt/airflow/dags/dag.py for tasks to queue
[2026-06-11T02:27:52.349+0000] {logging_mixin.py:190} INFO - [2026-06-11T02:27:52.349+0000] {dagbag.py:588} INFO - Filling up the DagBag from /opt/airflow/dags/dag.py
[2026-06-11T02:27:52.365+0000] {processor.py:925} INFO - DAG(s) 'f1_medallion_pipeline' retrieved from /opt/airflow/dags/dag.py
[2026-06-11T02:27:52.383+0000] {logging_mixin.py:190} INFO - [2026-06-11T02:27:52.383+0000] {dag.py:3239} INFO - Sync 1 DAGs
[2026-06-11T02:27:52.391+0000] {logging_mixin.py:190} INFO - [2026-06-11T02:27:52.391+0000] {dag.py:4180} INFO - Setting next_dagrun for f1_medallion_pipeline to None, run_after=None
[2026-06-11T02:27:52.402+0000] {processor.py:208} INFO - Processing /opt/airflow/dags/dag.py took 0.062 seconds
[2026-06-11T02:28:22.507+0000] {processor.py:186} INFO - Started process (PID=38992) to work on /opt/airflow/dags/dag.py
[2026-06-11T02:28:22.508+0000] {processor.py:914} INFO - Processing file /opt/airflow/dags/dag.py for tasks to queue
[2026-06-11T02:28:22.510+0000] {logging_mixin.py:190} INFO - [2026-06-11T02:28:22.510+0000] {dagbag.py:588} INFO - Filling up the DagBag from /opt/airflow/dags/dag.py
[2026-06-11T02:28:22.525+0000] {processor.py:925} INFO - DAG(s) 'f1_medallion_pipeline' retrieved from /opt/airflow/dags/dag.py
[2026-06-11T02:28:22.543+0000] {logging_mixin.py:190} INFO - [2026-06-11T02:28:22.543+0000] {dag.py:3239} INFO - Sync 1 DAGs
[2026-06-11T02:28:22.551+0000] {logging_mixin.py:190} INFO - [2026-06-11T02:28:22.551+0000] {dag.py:4180} INFO - Setting next_dagrun for f1_medallion_pipeline to None, run_after=None
[2026-06-11T02:28:22.562+0000] {processor.py:208} INFO - Processing /opt/airflow/dags/dag.py took 0.062 seconds
[2026-06-11T02:28:52.679+0000] {processor.py:186} INFO - Started process (PID=38997) to work on /opt/airflow/dags/dag.py
[2026-06-11T02:28:52.680+0000] {processor.py:914} INFO - Processing file /opt/airflow/dags/dag.py for tasks to queue
[2026-06-11T02:28:52.681+0000] {logging_mixin.py:190} INFO - [2026-06-11T02:28:52.681+0000] {dagbag.py:588} INFO - Filling up the DagBag from /opt/airflow/dags/dag.py
[2026-06-11T02:28:52.696+0000] {processor.py:925} INFO - DAG(s) 'f1_medallion_pipeline' retrieved from /opt/airflow/dags/dag.py
[2026-06-11T02:28:52.714+0000] {logging_mixin.py:190} INFO - [2026-06-11T02:28:52.714+0000] {dag.py:3239} INFO - Sync 1 DAGs
[2026-06-11T02:28:52.722+0000] {logging_mixin.py:190} INFO - [2026-06-11T02:28:52.722+0000] {dag.py:4180} INFO - Setting next_dagrun for f1_medallion_pipeline to None, run_after=None
[2026-06-11T02:28:52.733+0000] {processor.py:208} INFO - Processing /opt/airflow/dags/dag.py took 0.062 seconds
[2026-06-11T02:29:22.835+0000] {processor.py:186} INFO - Started process (PID=39002) to work on /opt/airflow/dags/dag.py
[2026-06-11T02:29:22.836+0000] {processor.py:914} INFO - Processing file /opt/airflow/dags/dag.py for tasks to queue
[2026-06-11T02:29:22.837+0000] {logging_mixin.py:190} INFO - [2026-06-11T02:29:22.837+0000] {dagbag.py:588} INFO - Filling up the DagBag from /opt/airflow/dags/dag.py
[2026-06-11T02:29:22.856+0000] {processor.py:925} INFO - DAG(s) 'f1_medallion_pipeline' retrieved from /opt/airflow/dags/dag.py
[2026-06-11T02:29:22.876+0000] {logging_mixin.py:190} INFO - [2026-06-11T02:29:22.876+0000] {dag.py:3239} INFO - Sync 1 DAGs
[2026-06-11T02:29:22.884+0000] {logging_mixin.py:190} INFO - [2026-06-11T02:29:22.884+0000] {dag.py:4180} INFO - Setting next_dagrun for f1_medallion_pipeline to None, run_after=None
[2026-06-11T02:29:22.895+0000] {processor.py:208} INFO - Processing /opt/airflow/dags/dag.py took 0.068 seconds
[2026-06-11T02:29:53.007+0000] {processor.py:186} INFO - Started process (PID=39007) to work on /opt/airflow/dags/dag.py
[2026-06-11T02:29:53.007+0000] {processor.py:914} INFO - Processing file /opt/airflow/dags/dag.py for tasks to queue
[2026-06-11T02:29:53.009+0000] {logging_mixin.py:190} INFO - [2026-06-11T02:29:53.009+0000] {dagbag.py:588} INFO - Filling up the DagBag from /opt/airflow/dags/dag.py
[2026-06-11T02:29:53.024+0000] {processor.py:925} INFO - DAG(s) 'f1_medallion_pipeline' retrieved from /opt/airflow/dags/dag.py
[2026-06-11T02:29:53.044+0000] {logging_mixin.py:190} INFO - [2026-06-11T02:29:53.044+0000] {dag.py:3239} INFO - Sync 1 DAGs
[2026-06-11T02:29:53.052+0000] {logging_mixin.py:190} INFO - [2026-06-11T02:29:53.052+0000] {dag.py:4180} INFO - Setting next_dagrun for f1_medallion_pipeline to None, run_after=None
[2026-06-11T02:29:53.065+0000] {processor.py:208} INFO - Processing /opt/airflow/dags/dag.py took 0.066 seconds
[2026-06-11T02:30:23.194+0000] {processor.py:186} INFO - Started process (PID=39012) to work on /opt/airflow/dags/dag.py
[2026-06-11T02:30:23.195+0000] {processor.py:914} INFO - Processing file /opt/airflow/dags/dag.py for tasks to queue
[2026-06-11T02:30:23.196+0000] {logging_mixin.py:190} INFO - [2026-06-11T02:30:23.196+0000] {dagbag.py:588} INFO - Filling up the DagBag from /opt/airflow/dags/dag.py
[2026-06-11T02:30:23.211+0000] {processor.py:925} INFO - DAG(s) 'f1_medallion_pipeline' retrieved from /opt/airflow/dags/dag.py
[2026-06-11T02:30:23.230+0000] {logging_mixin.py:190} INFO - [2026-06-11T02:30:23.230+0000] {dag.py:3239} INFO - Sync 1 DAGs
[2026-06-11T02:30:23.238+0000] {logging_mixin.py:190} INFO - [2026-06-11T02:30:23.238+0000] {dag.py:4180} INFO - Setting next_dagrun for f1_medallion_pipeline to None, run_after=None
[2026-06-11T02:30:23.249+0000] {processor.py:208} INFO - Processing /opt/airflow/dags/dag.py took 0.063 seconds
[2026-06-11T02:30:53.345+0000] {processor.py:186} INFO - Started process (PID=39017) to work on /opt/airflow/dags/dag.py
[2026-06-11T02:30:53.346+0000] {processor.py:914} INFO - Processing file /opt/airflow/dags/dag.py for tasks to queue
[2026-06-11T02:30:53.347+0000] {logging_mixin.py:190} INFO - [2026-06-11T02:30:53.347+0000] {dagbag.py:588} INFO - Filling up the DagBag from /opt/airflow/dags/dag.py
[2026-06-11T02:30:53.364+0000] {processor.py:925} INFO - DAG(s) 'f1_medallion_pipeline' retrieved from /opt/airflow/dags/dag.py
[2026-06-11T02:30:53.385+0000] {logging_mixin.py:190} INFO - [2026-06-11T02:30:53.385+0000] {dag.py:3239} INFO - Sync 1 DAGs
[2026-06-11T02:30:53.394+0000] {logging_mixin.py:190} INFO - [2026-06-11T02:30:53.394+0000] {dag.py:4180} INFO - Setting next_dagrun for f1_medallion_pipeline to None, run_after=None
[2026-06-11T02:30:53.408+0000] {processor.py:208} INFO - Processing /opt/airflow/dags/dag.py took 0.071 seconds
[2026-06-11T02:31:23.551+0000] {processor.py:186} INFO - Started process (PID=39022) to work on /opt/airflow/dags/dag.py
[2026-06-11T02:31:23.552+0000] {processor.py:914} INFO - Processing file /opt/airflow/dags/dag.py for tasks to queue
[2026-06-11T02:31:23.553+0000] {logging_mixin.py:190} INFO - [2026-06-11T02:31:23.553+0000] {dagbag.py:588} INFO - Filling up the DagBag from /opt/airflow/dags/dag.py
[2026-06-11T02:31:23.569+0000] {processor.py:925} INFO - DAG(s) 'f1_medallion_pipeline' retrieved from /opt/airflow/dags/dag.py
[2026-06-11T02:31:23.587+0000] {logging_mixin.py:190} INFO - [2026-06-11T02:31:23.587+0000] {dag.py:3239} INFO - Sync 1 DAGs
[2026-06-11T02:31:23.595+0000] {logging_mixin.py:190} INFO - [2026-06-11T02:31:23.595+0000] {dag.py:4180} INFO - Setting next_dagrun for f1_medallion_pipeline to None, run_after=None
[2026-06-11T02:31:23.607+0000] {processor.py:208} INFO - Processing /opt/airflow/dags/dag.py took 0.063 seconds
[2026-06-11T02:31:53.711+0000] {processor.py:186} INFO - Started process (PID=39027) to work on /opt/airflow/dags/dag.py
[2026-06-11T02:31:53.712+0000] {processor.py:914} INFO - Processing file /opt/airflow/dags/dag.py for tasks to queue
[2026-06-11T02:31:53.714+0000] {logging_mixin.py:190} INFO - [2026-06-11T02:31:53.713+0000] {dagbag.py:588} INFO - Filling up the DagBag from /opt/airflow/dags/dag.py
[2026-06-11T02:31:53.730+0000] {processor.py:925} INFO - DAG(s) 'f1_medallion_pipeline' retrieved from /opt/airflow/dags/dag.py
[2026-06-11T02:31:53.748+0000] {logging_mixin.py:190} INFO - [2026-06-11T02:31:53.748+0000] {dag.py:3239} INFO - Sync 1 DAGs
[2026-06-11T02:31:53.756+0000] {logging_mixin.py:190} INFO - [2026-06-11T02:31:53.756+0000] {dag.py:4180} INFO - Setting next_dagrun for f1_medallion_pipeline to None, run_after=None
[2026-06-11T02:31:53.767+0000] {processor.py:208} INFO - Processing /opt/airflow/dags/dag.py took 0.062 seconds
[2026-06-11T02:32:23.901+0000] {processor.py:186} INFO - Started process (PID=39032) to work on /opt/airflow/dags/dag.py
[2026-06-11T02:32:23.902+0000] {processor.py:914} INFO - Processing file /opt/airflow/dags/dag.py for tasks to queue
[2026-06-11T02:32:23.903+0000] {logging_mixin.py:190} INFO - [2026-06-11T02:32:23.903+0000] {dagbag.py:588} INFO - Filling up the DagBag from /opt/airflow/dags/dag.py
[2026-06-11T02:32:23.918+0000] {processor.py:925} INFO - DAG(s) 'f1_medallion_pipeline' retrieved from /opt/airflow/dags/dag.py
[2026-06-11T02:32:23.938+0000] {logging_mixin.py:190} INFO - [2026-06-11T02:32:23.937+0000] {dag.py:3239} INFO - Sync 1 DAGs
[2026-06-11T02:32:23.945+0000] {logging_mixin.py:190} INFO - [2026-06-11T02:32:23.945+0000] {dag.py:4180} INFO - Setting next_dagrun for f1_medallion_pipeline to None, run_after=None
[2026-06-11T02:32:23.957+0000] {processor.py:208} INFO - Processing /opt/airflow/dags/dag.py took 0.063 seconds
[2026-06-11T02:32:54.051+0000] {processor.py:186} INFO - Started process (PID=39037) to work on /opt/airflow/dags/dag.py
[2026-06-11T02:32:54.051+0000] {processor.py:914} INFO - Processing file /opt/airflow/dags/dag.py for tasks to queue
[2026-06-11T02:32:54.053+0000] {logging_mixin.py:190} INFO - [2026-06-11T02:32:54.053+0000] {dagbag.py:588} INFO - Filling up the DagBag from /opt/airflow/dags/dag.py
[2026-06-11T02:32:54.071+0000] {processor.py:925} INFO - DAG(s) 'f1_medallion_pipeline' retrieved from /opt/airflow/dags/dag.py
[2026-06-11T02:32:54.091+0000] {logging_mixin.py:190} INFO - [2026-06-11T02:32:54.091+0000] {dag.py:3239} INFO - Sync 1 DAGs
[2026-06-11T02:32:54.100+0000] {logging_mixin.py:190} INFO - [2026-06-11T02:32:54.100+0000] {dag.py:4180} INFO - Setting next_dagrun for f1_medallion_pipeline to None, run_after=None
[2026-06-11T02:32:54.114+0000] {processor.py:208} INFO - Processing /opt/airflow/dags/dag.py took 0.070 seconds
[2026-06-11T02:33:24.225+0000] {processor.py:186} INFO - Started process (PID=39042) to work on /opt/airflow/dags/dag.py
[2026-06-11T02:33:24.226+0000] {processor.py:914} INFO - Processing file /opt/airflow/dags/dag.py for tasks to queue
[2026-06-11T02:33:24.227+0000] {logging_mixin.py:190} INFO - [2026-06-11T02:33:24.227+0000] {dagbag.py:588} INFO - Filling up the DagBag from /opt/airflow/dags/dag.py
[2026-06-11T02:33:24.244+0000] {processor.py:925} INFO - DAG(s) 'f1_medallion_pipeline' retrieved from /opt/airflow/dags/dag.py
[2026-06-11T02:33:24.264+0000] {logging_mixin.py:190} INFO - [2026-06-11T02:33:24.263+0000] {dag.py:3239} INFO - Sync 1 DAGs
[2026-06-11T02:33:24.272+0000] {logging_mixin.py:190} INFO - [2026-06-11T02:33:24.272+0000] {dag.py:4180} INFO - Setting next_dagrun for f1_medallion_pipeline to None, run_after=None
[2026-06-11T02:33:24.284+0000] {processor.py:208} INFO - Processing /opt/airflow/dags/dag.py took 0.066 seconds
[2026-06-11T02:33:54.388+0000] {processor.py:186} INFO - Started process (PID=39047) to work on /opt/airflow/dags/dag.py
[2026-06-11T02:33:54.389+0000] {processor.py:914} INFO - Processing file /opt/airflow/dags/dag.py for tasks to queue
[2026-06-11T02:33:54.391+0000] {logging_mixin.py:190} INFO - [2026-06-11T02:33:54.391+0000] {dagbag.py:588} INFO - Filling up the DagBag from /opt/airflow/dags/dag.py
[2026-06-11T02:33:54.408+0000] {processor.py:925} INFO - DAG(s) 'f1_medallion_pipeline' retrieved from /opt/airflow/dags/dag.py
[2026-06-11T02:33:54.426+0000] {logging_mixin.py:190} INFO - [2026-06-11T02:33:54.426+0000] {dag.py:3239} INFO - Sync 1 DAGs
[2026-06-11T02:33:54.435+0000] {logging_mixin.py:190} INFO - [2026-06-11T02:33:54.435+0000] {dag.py:4180} INFO - Setting next_dagrun for f1_medallion_pipeline to None, run_after=None
[2026-06-11T02:33:54.447+0000] {processor.py:208} INFO - Processing /opt/airflow/dags/dag.py took 0.066 seconds
[2026-06-11T02:34:24.553+0000] {processor.py:186} INFO - Started process (PID=39052) to work on /opt/airflow/dags/dag.py
[2026-06-11T02:34:24.554+0000] {processor.py:914} INFO - Processing file /opt/airflow/dags/dag.py for tasks to queue
[2026-06-11T02:34:24.555+0000] {logging_mixin.py:190} INFO - [2026-06-11T02:34:24.555+0000] {dagbag.py:588} INFO - Filling up the DagBag from /opt/airflow/dags/dag.py
[2026-06-11T02:34:24.574+0000] {processor.py:925} INFO - DAG(s) 'f1_medallion_pipeline' retrieved from /opt/airflow/dags/dag.py
[2026-06-11T02:34:24.593+0000] {logging_mixin.py:190} INFO - [2026-06-11T02:34:24.593+0000] {dag.py:3239} INFO - Sync 1 DAGs
[2026-06-11T02:34:24.602+0000] {logging_mixin.py:190} INFO - [2026-06-11T02:34:24.601+0000] {dag.py:4180} INFO - Setting next_dagrun for f1_medallion_pipeline to None, run_after=None
[2026-06-11T02:34:24.613+0000] {processor.py:208} INFO - Processing /opt/airflow/dags/dag.py took 0.068 seconds
[2026-06-11T02:34:54.727+0000] {processor.py:186} INFO - Started process (PID=39057) to work on /opt/airflow/dags/dag.py
[2026-06-11T02:34:54.727+0000] {processor.py:914} INFO - Processing file /opt/airflow/dags/dag.py for tasks to queue
[2026-06-11T02:34:54.729+0000] {logging_mixin.py:190} INFO - [2026-06-11T02:34:54.729+0000] {dagbag.py:588} INFO - Filling up the DagBag from /opt/airflow/dags/dag.py
[2026-06-11T02:34:54.745+0000] {processor.py:925} INFO - DAG(s) 'f1_medallion_pipeline' retrieved from /opt/airflow/dags/dag.py
[2026-06-11T02:34:54.767+0000] {logging_mixin.py:190} INFO - [2026-06-11T02:34:54.767+0000] {dag.py:3239} INFO - Sync 1 DAGs
[2026-06-11T02:34:54.775+0000] {logging_mixin.py:190} INFO - [2026-06-11T02:34:54.775+0000] {dag.py:4180} INFO - Setting next_dagrun for f1_medallion_pipeline to None, run_after=None
[2026-06-11T02:34:54.787+0000] {processor.py:208} INFO - Processing /opt/airflow/dags/dag.py took 0.068 seconds
[2026-06-11T02:35:24.914+0000] {processor.py:186} INFO - Started process (PID=39062) to work on /opt/airflow/dags/dag.py
[2026-06-11T02:35:24.915+0000] {processor.py:914} INFO - Processing file /opt/airflow/dags/dag.py for tasks to queue
[2026-06-11T02:35:24.916+0000] {logging_mixin.py:190} INFO - [2026-06-11T02:35:24.916+0000] {dagbag.py:588} INFO - Filling up the DagBag from /opt/airflow/dags/dag.py
[2026-06-11T02:35:24.933+0000] {processor.py:925} INFO - DAG(s) 'f1_medallion_pipeline' retrieved from /opt/airflow/dags/dag.py
[2026-06-11T02:35:24.953+0000] {logging_mixin.py:190} INFO - [2026-06-11T02:35:24.953+0000] {dag.py:3239} INFO - Sync 1 DAGs
[2026-06-11T02:35:24.961+0000] {logging_mixin.py:190} INFO - [2026-06-11T02:35:24.961+0000] {dag.py:4180} INFO - Setting next_dagrun for f1_medallion_pipeline to None, run_after=None
[2026-06-11T02:35:24.973+0000] {processor.py:208} INFO - Processing /opt/airflow/dags/dag.py took 0.065 seconds
[2026-06-11T02:35:55.070+0000] {processor.py:186} INFO - Started process (PID=39067) to work on /opt/airflow/dags/dag.py
[2026-06-11T02:35:55.070+0000] {processor.py:914} INFO - Processing file /opt/airflow/dags/dag.py for tasks to queue
[2026-06-11T02:35:55.072+0000] {logging_mixin.py:190} INFO - [2026-06-11T02:35:55.072+0000] {dagbag.py:588} INFO - Filling up the DagBag from /opt/airflow/dags/dag.py
[2026-06-11T02:35:55.088+0000] {processor.py:925} INFO - DAG(s) 'f1_medallion_pipeline' retrieved from /opt/airflow/dags/dag.py
[2026-06-11T02:35:55.108+0000] {logging_mixin.py:190} INFO - [2026-06-11T02:35:55.107+0000] {dag.py:3239} INFO - Sync 1 DAGs
[2026-06-11T02:35:55.116+0000] {logging_mixin.py:190} INFO - [2026-06-11T02:35:55.116+0000] {dag.py:4180} INFO - Setting next_dagrun for f1_medallion_pipeline to None, run_after=None
[2026-06-11T02:35:55.130+0000] {processor.py:208} INFO - Processing /opt/airflow/dags/dag.py took 0.068 seconds
[2026-06-11T02:36:25.250+0000] {processor.py:186} INFO - Started process (PID=39072) to work on /opt/airflow/dags/dag.py
[2026-06-11T02:36:25.251+0000] {processor.py:914} INFO - Processing file /opt/airflow/dags/dag.py for tasks to queue
[2026-06-11T02:36:25.252+0000] {logging_mixin.py:190} INFO - [2026-06-11T02:36:25.252+0000] {dagbag.py:588} INFO - Filling up the DagBag from /opt/airflow/dags/dag.py
[2026-06-11T02:36:25.269+0000] {processor.py:925} INFO - DAG(s) 'f1_medallion_pipeline' retrieved from /opt/airflow/dags/dag.py
[2026-06-11T02:36:25.289+0000] {logging_mixin.py:190} INFO - [2026-06-11T02:36:25.289+0000] {dag.py:3239} INFO - Sync 1 DAGs
[2026-06-11T02:36:25.298+0000] {logging_mixin.py:190} INFO - [2026-06-11T02:36:25.298+0000] {dag.py:4180} INFO - Setting next_dagrun for f1_medallion_pipeline to None, run_after=None
[2026-06-11T02:36:25.311+0000] {processor.py:208} INFO - Processing /opt/airflow/dags/dag.py took 0.068 seconds
[2026-06-11T02:36:55.416+0000] {processor.py:186} INFO - Started process (PID=39077) to work on /opt/airflow/dags/dag.py
[2026-06-11T02:36:55.417+0000] {processor.py:914} INFO - Processing file /opt/airflow/dags/dag.py for tasks to queue
[2026-06-11T02:36:55.418+0000] {logging_mixin.py:190} INFO - [2026-06-11T02:36:55.418+0000] {dagbag.py:588} INFO - Filling up the DagBag from /opt/airflow/dags/dag.py
[2026-06-11T02:36:55.434+0000] {processor.py:925} INFO - DAG(s) 'f1_medallion_pipeline' retrieved from /opt/airflow/dags/dag.py
[2026-06-11T02:36:55.455+0000] {logging_mixin.py:190} INFO - [2026-06-11T02:36:55.455+0000] {dag.py:3239} INFO - Sync 1 DAGs
[2026-06-11T02:36:55.464+0000] {logging_mixin.py:190} INFO - [2026-06-11T02:36:55.464+0000] {dag.py:4180} INFO - Setting next_dagrun for f1_medallion_pipeline to None, run_after=None
[2026-06-11T02:36:55.476+0000] {processor.py:208} INFO - Processing /opt/airflow/dags/dag.py took 0.067 seconds
[2026-06-11T02:37:25.610+0000] {processor.py:186} INFO - Started process (PID=39082) to work on /opt/airflow/dags/dag.py
[2026-06-11T02:37:25.611+0000] {processor.py:914} INFO - Processing file /opt/airflow/dags/dag.py for tasks to queue
[2026-06-11T02:37:25.613+0000] {logging_mixin.py:190} INFO - [2026-06-11T02:37:25.612+0000] {dagbag.py:588} INFO - Filling up the DagBag from /opt/airflow/dags/dag.py
[2026-06-11T02:37:25.632+0000] {processor.py:925} INFO - DAG(s) 'f1_medallion_pipeline' retrieved from /opt/airflow/dags/dag.py
[2026-06-11T02:37:25.655+0000] {logging_mixin.py:190} INFO - [2026-06-11T02:37:25.655+0000] {dag.py:3239} INFO - Sync 1 DAGs
[2026-06-11T02:37:25.664+0000] {logging_mixin.py:190} INFO - [2026-06-11T02:37:25.664+0000] {dag.py:4180} INFO - Setting next_dagrun for f1_medallion_pipeline to None, run_after=None
[2026-06-11T02:37:25.681+0000] {processor.py:208} INFO - Processing /opt/airflow/dags/dag.py took 0.079 seconds
[2026-06-11T02:37:55.774+0000] {processor.py:186} INFO - Started process (PID=39087) to work on /opt/airflow/dags/dag.py
[2026-06-11T02:37:55.775+0000] {processor.py:914} INFO - Processing file /opt/airflow/dags/dag.py for tasks to queue
[2026-06-11T02:37:55.776+0000] {logging_mixin.py:190} INFO - [2026-06-11T02:37:55.776+0000] {dagbag.py:588} INFO - Filling up the DagBag from /opt/airflow/dags/dag.py
[2026-06-11T02:37:55.794+0000] {processor.py:925} INFO - DAG(s) 'f1_medallion_pipeline' retrieved from /opt/airflow/dags/dag.py
[2026-06-11T02:37:55.814+0000] {logging_mixin.py:190} INFO - [2026-06-11T02:37:55.814+0000] {dag.py:3239} INFO - Sync 1 DAGs
[2026-06-11T02:37:55.823+0000] {logging_mixin.py:190} INFO - [2026-06-11T02:37:55.822+0000] {dag.py:4180} INFO - Setting next_dagrun for f1_medallion_pipeline to None, run_after=None
[2026-06-11T02:37:55.835+0000] {processor.py:208} INFO - Processing /opt/airflow/dags/dag.py took 0.069 seconds
[2026-06-11T02:38:25.976+0000] {processor.py:186} INFO - Started process (PID=39092) to work on /opt/airflow/dags/dag.py
[2026-06-11T02:38:25.977+0000] {processor.py:914} INFO - Processing file /opt/airflow/dags/dag.py for tasks to queue
[2026-06-11T02:38:25.979+0000] {logging_mixin.py:190} INFO - [2026-06-11T02:38:25.979+0000] {dagbag.py:588} INFO - Filling up the DagBag from /opt/airflow/dags/dag.py
[2026-06-11T02:38:25.996+0000] {processor.py:925} INFO - DAG(s) 'f1_medallion_pipeline' retrieved from /opt/airflow/dags/dag.py
[2026-06-11T02:38:26.016+0000] {logging_mixin.py:190} INFO - [2026-06-11T02:38:26.016+0000] {dag.py:3239} INFO - Sync 1 DAGs
[2026-06-11T02:38:26.024+0000] {logging_mixin.py:190} INFO - [2026-06-11T02:38:26.024+0000] {dag.py:4180} INFO - Setting next_dagrun for f1_medallion_pipeline to None, run_after=None
[2026-06-11T02:38:26.035+0000] {processor.py:208} INFO - Processing /opt/airflow/dags/dag.py took 0.067 seconds
[2026-06-11T02:38:56.136+0000] {processor.py:186} INFO - Started process (PID=39097) to work on /opt/airflow/dags/dag.py
[2026-06-11T02:38:56.137+0000] {processor.py:914} INFO - Processing file /opt/airflow/dags/dag.py for tasks to queue
[2026-06-11T02:38:56.139+0000] {logging_mixin.py:190} INFO - [2026-06-11T02:38:56.138+0000] {dagbag.py:588} INFO - Filling up the DagBag from /opt/airflow/dags/dag.py
[2026-06-11T02:38:56.154+0000] {processor.py:925} INFO - DAG(s) 'f1_medallion_pipeline' retrieved from /opt/airflow/dags/dag.py
[2026-06-11T02:38:56.174+0000] {logging_mixin.py:190} INFO - [2026-06-11T02:38:56.174+0000] {dag.py:3239} INFO - Sync 1 DAGs
[2026-06-11T02:38:56.182+0000] {logging_mixin.py:190} INFO - [2026-06-11T02:38:56.182+0000] {dag.py:4180} INFO - Setting next_dagrun for f1_medallion_pipeline to None, run_after=None
[2026-06-11T02:38:56.193+0000] {processor.py:208} INFO - Processing /opt/airflow/dags/dag.py took 0.065 seconds
[2026-06-11T02:39:26.337+0000] {processor.py:186} INFO - Started process (PID=39102) to work on /opt/airflow/dags/dag.py
[2026-06-11T02:39:26.338+0000] {processor.py:914} INFO - Processing file /opt/airflow/dags/dag.py for tasks to queue
[2026-06-11T02:39:26.339+0000] {logging_mixin.py:190} INFO - [2026-06-11T02:39:26.339+0000] {dagbag.py:588} INFO - Filling up the DagBag from /opt/airflow/dags/dag.py
[2026-06-11T02:39:26.361+0000] {processor.py:925} INFO - DAG(s) 'f1_medallion_pipeline' retrieved from /opt/airflow/dags/dag.py
[2026-06-11T02:39:26.382+0000] {logging_mixin.py:190} INFO - [2026-06-11T02:39:26.382+0000] {dag.py:3239} INFO - Sync 1 DAGs
[2026-06-11T02:39:26.391+0000] {logging_mixin.py:190} INFO - [2026-06-11T02:39:26.391+0000] {dag.py:4180} INFO - Setting next_dagrun for f1_medallion_pipeline to None, run_after=None
[2026-06-11T02:39:26.404+0000] {processor.py:208} INFO - Processing /opt/airflow/dags/dag.py took 0.076 seconds
[2026-06-11T02:39:56.491+0000] {processor.py:186} INFO - Started process (PID=39107) to work on /opt/airflow/dags/dag.py
[2026-06-11T02:39:56.492+0000] {processor.py:914} INFO - Processing file /opt/airflow/dags/dag.py for tasks to queue
[2026-06-11T02:39:56.494+0000] {logging_mixin.py:190} INFO - [2026-06-11T02:39:56.494+0000] {dagbag.py:588} INFO - Filling up the DagBag from /opt/airflow/dags/dag.py
[2026-06-11T02:39:56.512+0000] {processor.py:925} INFO - DAG(s) 'f1_medallion_pipeline' retrieved from /opt/airflow/dags/dag.py
[2026-06-11T02:39:56.533+0000] {logging_mixin.py:190} INFO - [2026-06-11T02:39:56.533+0000] {dag.py:3239} INFO - Sync 1 DAGs
[2026-06-11T02:39:56.541+0000] {logging_mixin.py:190} INFO - [2026-06-11T02:39:56.541+0000] {dag.py:4180} INFO - Setting next_dagrun for f1_medallion_pipeline to None, run_after=None
[2026-06-11T02:39:56.554+0000] {processor.py:208} INFO - Processing /opt/airflow/dags/dag.py took 0.070 seconds
[2026-06-11T02:40:26.709+0000] {processor.py:186} INFO - Started process (PID=39112) to work on /opt/airflow/dags/dag.py
[2026-06-11T02:40:26.709+0000] {processor.py:914} INFO - Processing file /opt/airflow/dags/dag.py for tasks to queue
[2026-06-11T02:40:26.711+0000] {logging_mixin.py:190} INFO - [2026-06-11T02:40:26.711+0000] {dagbag.py:588} INFO - Filling up the DagBag from /opt/airflow/dags/dag.py
[2026-06-11T02:40:26.728+0000] {processor.py:925} INFO - DAG(s) 'f1_medallion_pipeline' retrieved from /opt/airflow/dags/dag.py
[2026-06-11T02:40:26.747+0000] {logging_mixin.py:190} INFO - [2026-06-11T02:40:26.746+0000] {dag.py:3239} INFO - Sync 1 DAGs
[2026-06-11T02:40:26.755+0000] {logging_mixin.py:190} INFO - [2026-06-11T02:40:26.755+0000] {dag.py:4180} INFO - Setting next_dagrun for f1_medallion_pipeline to None, run_after=None
[2026-06-11T02:40:26.767+0000] {processor.py:208} INFO - Processing /opt/airflow/dags/dag.py took 0.065 seconds
[2026-06-11T02:40:56.874+0000] {processor.py:186} INFO - Started process (PID=39117) to work on /opt/airflow/dags/dag.py
[2026-06-11T02:40:56.874+0000] {processor.py:914} INFO - Processing file /opt/airflow/dags/dag.py for tasks to queue
[2026-06-11T02:40:56.876+0000] {logging_mixin.py:190} INFO - [2026-06-11T02:40:56.876+0000] {dagbag.py:588} INFO - Filling up the DagBag from /opt/airflow/dags/dag.py
[2026-06-11T02:40:56.894+0000] {processor.py:925} INFO - DAG(s) 'f1_medallion_pipeline' retrieved from /opt/airflow/dags/dag.py
[2026-06-11T02:40:56.915+0000] {logging_mixin.py:190} INFO - [2026-06-11T02:40:56.914+0000] {dag.py:3239} INFO - Sync 1 DAGs
[2026-06-11T02:40:56.923+0000] {logging_mixin.py:190} INFO - [2026-06-11T02:40:56.923+0000] {dag.py:4180} INFO - Setting next_dagrun for f1_medallion_pipeline to None, run_after=None
[2026-06-11T02:40:56.934+0000] {processor.py:208} INFO - Processing /opt/airflow/dags/dag.py took 0.067 seconds
[2026-06-11T02:41:27.056+0000] {processor.py:186} INFO - Started process (PID=39122) to work on /opt/airflow/dags/dag.py
[2026-06-11T02:41:27.057+0000] {processor.py:914} INFO - Processing file /opt/airflow/dags/dag.py for tasks to queue
[2026-06-11T02:41:27.058+0000] {logging_mixin.py:190} INFO - [2026-06-11T02:41:27.058+0000] {dagbag.py:588} INFO - Filling up the DagBag from /opt/airflow/dags/dag.py
[2026-06-11T02:41:27.074+0000] {processor.py:925} INFO - DAG(s) 'f1_medallion_pipeline' retrieved from /opt/airflow/dags/dag.py
[2026-06-11T02:41:27.093+0000] {logging_mixin.py:190} INFO - [2026-06-11T02:41:27.092+0000] {dag.py:3239} INFO - Sync 1 DAGs
[2026-06-11T02:41:27.101+0000] {logging_mixin.py:190} INFO - [2026-06-11T02:41:27.101+0000] {dag.py:4180} INFO - Setting next_dagrun for f1_medallion_pipeline to None, run_after=None
[2026-06-11T02:41:27.113+0000] {processor.py:208} INFO - Processing /opt/airflow/dags/dag.py took 0.063 seconds
[2026-06-11T02:41:57.215+0000] {processor.py:186} INFO - Started process (PID=39127) to work on /opt/airflow/dags/dag.py
[2026-06-11T02:41:57.216+0000] {processor.py:914} INFO - Processing file /opt/airflow/dags/dag.py for tasks to queue
[2026-06-11T02:41:57.217+0000] {logging_mixin.py:190} INFO - [2026-06-11T02:41:57.217+0000] {dagbag.py:588} INFO - Filling up the DagBag from /opt/airflow/dags/dag.py
[2026-06-11T02:41:57.232+0000] {processor.py:925} INFO - DAG(s) 'f1_medallion_pipeline' retrieved from /opt/airflow/dags/dag.py
[2026-06-11T02:41:57.254+0000] {logging_mixin.py:190} INFO - [2026-06-11T02:41:57.254+0000] {dag.py:3239} INFO - Sync 1 DAGs
[2026-06-11T02:41:57.262+0000] {logging_mixin.py:190} INFO - [2026-06-11T02:41:57.262+0000] {dag.py:4180} INFO - Setting next_dagrun for f1_medallion_pipeline to None, run_after=None
[2026-06-11T02:41:57.274+0000] {processor.py:208} INFO - Processing /opt/airflow/dags/dag.py took 0.068 seconds
[2026-06-11T02:42:27.416+0000] {processor.py:186} INFO - Started process (PID=39132) to work on /opt/airflow/dags/dag.py
[2026-06-11T02:42:27.416+0000] {processor.py:914} INFO - Processing file /opt/airflow/dags/dag.py for tasks to queue
[2026-06-11T02:42:27.417+0000] {logging_mixin.py:190} INFO - [2026-06-11T02:42:27.417+0000] {dagbag.py:588} INFO - Filling up the DagBag from /opt/airflow/dags/dag.py
[2026-06-11T02:42:27.435+0000] {processor.py:925} INFO - DAG(s) 'f1_medallion_pipeline' retrieved from /opt/airflow/dags/dag.py
[2026-06-11T02:42:27.454+0000] {logging_mixin.py:190} INFO - [2026-06-11T02:42:27.454+0000] {dag.py:3239} INFO - Sync 1 DAGs
[2026-06-11T02:42:27.463+0000] {logging_mixin.py:190} INFO - [2026-06-11T02:42:27.463+0000] {dag.py:4180} INFO - Setting next_dagrun for f1_medallion_pipeline to None, run_after=None
[2026-06-11T02:42:27.474+0000] {processor.py:208} INFO - Processing /opt/airflow/dags/dag.py took 0.066 seconds
[2026-06-11T02:42:57.571+0000] {processor.py:186} INFO - Started process (PID=39137) to work on /opt/airflow/dags/dag.py
[2026-06-11T02:42:57.572+0000] {processor.py:914} INFO - Processing file /opt/airflow/dags/dag.py for tasks to queue
[2026-06-11T02:42:57.573+0000] {logging_mixin.py:190} INFO - [2026-06-11T02:42:57.573+0000] {dagbag.py:588} INFO - Filling up the DagBag from /opt/airflow/dags/dag.py
[2026-06-11T02:42:57.590+0000] {processor.py:925} INFO - DAG(s) 'f1_medallion_pipeline' retrieved from /opt/airflow/dags/dag.py
[2026-06-11T02:42:57.610+0000] {logging_mixin.py:190} INFO - [2026-06-11T02:42:57.610+0000] {dag.py:3239} INFO - Sync 1 DAGs
[2026-06-11T02:42:57.618+0000] {logging_mixin.py:190} INFO - [2026-06-11T02:42:57.618+0000] {dag.py:4180} INFO - Setting next_dagrun for f1_medallion_pipeline to None, run_after=None
[2026-06-11T02:42:57.629+0000] {processor.py:208} INFO - Processing /opt/airflow/dags/dag.py took 0.065 seconds
[2026-06-11T02:43:27.757+0000] {processor.py:186} INFO - Started process (PID=39142) to work on /opt/airflow/dags/dag.py
[2026-06-11T02:43:27.758+0000] {processor.py:914} INFO - Processing file /opt/airflow/dags/dag.py for tasks to queue
[2026-06-11T02:43:27.760+0000] {logging_mixin.py:190} INFO - [2026-06-11T02:43:27.759+0000] {dagbag.py:588} INFO - Filling up the DagBag from /opt/airflow/dags/dag.py
[2026-06-11T02:43:27.776+0000] {processor.py:925} INFO - DAG(s) 'f1_medallion_pipeline' retrieved from /opt/airflow/dags/dag.py
[2026-06-11T02:43:27.796+0000] {logging_mixin.py:190} INFO - [2026-06-11T02:43:27.796+0000] {dag.py:3239} INFO - Sync 1 DAGs
[2026-06-11T02:43:27.804+0000] {logging_mixin.py:190} INFO - [2026-06-11T02:43:27.804+0000] {dag.py:4180} INFO - Setting next_dagrun for f1_medallion_pipeline to None, run_after=None
[2026-06-11T02:43:27.818+0000] {processor.py:208} INFO - Processing /opt/airflow/dags/dag.py took 0.068 seconds
[2026-06-11T02:43:57.918+0000] {processor.py:186} INFO - Started process (PID=39147) to work on /opt/airflow/dags/dag.py
[2026-06-11T02:43:57.918+0000] {processor.py:914} INFO - Processing file /opt/airflow/dags/dag.py for tasks to queue
[2026-06-11T02:43:57.920+0000] {logging_mixin.py:190} INFO - [2026-06-11T02:43:57.920+0000] {dagbag.py:588} INFO - Filling up the DagBag from /opt/airflow/dags/dag.py
[2026-06-11T02:43:57.936+0000] {processor.py:925} INFO - DAG(s) 'f1_medallion_pipeline' retrieved from /opt/airflow/dags/dag.py
[2026-06-11T02:43:57.955+0000] {logging_mixin.py:190} INFO - [2026-06-11T02:43:57.955+0000] {dag.py:3239} INFO - Sync 1 DAGs
[2026-06-11T02:43:57.963+0000] {logging_mixin.py:190} INFO - [2026-06-11T02:43:57.963+0000] {dag.py:4180} INFO - Setting next_dagrun for f1_medallion_pipeline to None, run_after=None
[2026-06-11T02:43:57.974+0000] {processor.py:208} INFO - Processing /opt/airflow/dags/dag.py took 0.064 seconds
[2026-06-11T02:44:28.100+0000] {processor.py:186} INFO - Started process (PID=39152) to work on /opt/airflow/dags/dag.py
[2026-06-11T02:44:28.100+0000] {processor.py:914} INFO - Processing file /opt/airflow/dags/dag.py for tasks to queue
[2026-06-11T02:44:28.102+0000] {logging_mixin.py:190} INFO - [2026-06-11T02:44:28.102+0000] {dagbag.py:588} INFO - Filling up the DagBag from /opt/airflow/dags/dag.py
[2026-06-11T02:44:28.117+0000] {processor.py:925} INFO - DAG(s) 'f1_medallion_pipeline' retrieved from /opt/airflow/dags/dag.py
[2026-06-11T02:44:28.138+0000] {logging_mixin.py:190} INFO - [2026-06-11T02:44:28.137+0000] {dag.py:3239} INFO - Sync 1 DAGs
[2026-06-11T02:44:28.145+0000] {logging_mixin.py:190} INFO - [2026-06-11T02:44:28.145+0000] {dag.py:4180} INFO - Setting next_dagrun for f1_medallion_pipeline to None, run_after=None
[2026-06-11T02:44:28.160+0000] {processor.py:208} INFO - Processing /opt/airflow/dags/dag.py took 0.067 seconds
[2026-06-11T02:44:58.263+0000] {processor.py:186} INFO - Started process (PID=39157) to work on /opt/airflow/dags/dag.py
[2026-06-11T02:44:58.264+0000] {processor.py:914} INFO - Processing file /opt/airflow/dags/dag.py for tasks to queue
[2026-06-11T02:44:58.265+0000] {logging_mixin.py:190} INFO - [2026-06-11T02:44:58.265+0000] {dagbag.py:588} INFO - Filling up the DagBag from /opt/airflow/dags/dag.py
[2026-06-11T02:44:58.282+0000] {processor.py:925} INFO - DAG(s) 'f1_medallion_pipeline' retrieved from /opt/airflow/dags/dag.py
[2026-06-11T02:44:58.300+0000] {logging_mixin.py:190} INFO - [2026-06-11T02:44:58.300+0000] {dag.py:3239} INFO - Sync 1 DAGs
[2026-06-11T02:44:58.309+0000] {logging_mixin.py:190} INFO - [2026-06-11T02:44:58.308+0000] {dag.py:4180} INFO - Setting next_dagrun for f1_medallion_pipeline to None, run_after=None
[2026-06-11T02:44:58.321+0000] {processor.py:208} INFO - Processing /opt/airflow/dags/dag.py took 0.065 seconds
[2026-06-11T02:45:28.465+0000] {processor.py:186} INFO - Started process (PID=39162) to work on /opt/airflow/dags/dag.py
[2026-06-11T02:45:28.466+0000] {processor.py:914} INFO - Processing file /opt/airflow/dags/dag.py for tasks to queue
[2026-06-11T02:45:28.467+0000] {logging_mixin.py:190} INFO - [2026-06-11T02:45:28.467+0000] {dagbag.py:588} INFO - Filling up the DagBag from /opt/airflow/dags/dag.py
[2026-06-11T02:45:28.483+0000] {processor.py:925} INFO - DAG(s) 'f1_medallion_pipeline' retrieved from /opt/airflow/dags/dag.py
[2026-06-11T02:45:28.505+0000] {logging_mixin.py:190} INFO - [2026-06-11T02:45:28.505+0000] {dag.py:3239} INFO - Sync 1 DAGs
[2026-06-11T02:45:28.513+0000] {logging_mixin.py:190} INFO - [2026-06-11T02:45:28.513+0000] {dag.py:4180} INFO - Setting next_dagrun for f1_medallion_pipeline to None, run_after=None
[2026-06-11T02:45:28.524+0000] {processor.py:208} INFO - Processing /opt/airflow/dags/dag.py took 0.066 seconds
[2026-06-11T02:45:58.624+0000] {processor.py:186} INFO - Started process (PID=39167) to work on /opt/airflow/dags/dag.py
[2026-06-11T02:45:58.625+0000] {processor.py:914} INFO - Processing file /opt/airflow/dags/dag.py for tasks to queue
[2026-06-11T02:45:58.626+0000] {logging_mixin.py:190} INFO - [2026-06-11T02:45:58.626+0000] {dagbag.py:588} INFO - Filling up the DagBag from /opt/airflow/dags/dag.py
[2026-06-11T02:45:58.645+0000] {processor.py:925} INFO - DAG(s) 'f1_medallion_pipeline' retrieved from /opt/airflow/dags/dag.py
[2026-06-11T02:45:58.663+0000] {logging_mixin.py:190} INFO - [2026-06-11T02:45:58.663+0000] {dag.py:3239} INFO - Sync 1 DAGs
[2026-06-11T02:45:58.672+0000] {logging_mixin.py:190} INFO - [2026-06-11T02:45:58.671+0000] {dag.py:4180} INFO - Setting next_dagrun for f1_medallion_pipeline to None, run_after=None
[2026-06-11T02:45:58.685+0000] {processor.py:208} INFO - Processing /opt/airflow/dags/dag.py took 0.069 seconds
[2026-06-11T02:46:28.805+0000] {processor.py:186} INFO - Started process (PID=39172) to work on /opt/airflow/dags/dag.py
[2026-06-11T02:46:28.806+0000] {processor.py:914} INFO - Processing file /opt/airflow/dags/dag.py for tasks to queue
[2026-06-11T02:46:28.807+0000] {logging_mixin.py:190} INFO - [2026-06-11T02:46:28.807+0000] {dagbag.py:588} INFO - Filling up the DagBag from /opt/airflow/dags/dag.py
[2026-06-11T02:46:28.823+0000] {processor.py:925} INFO - DAG(s) 'f1_medallion_pipeline' retrieved from /opt/airflow/dags/dag.py
[2026-06-11T02:46:28.842+0000] {logging_mixin.py:190} INFO - [2026-06-11T02:46:28.842+0000] {dag.py:3239} INFO - Sync 1 DAGs
[2026-06-11T02:46:28.850+0000] {logging_mixin.py:190} INFO - [2026-06-11T02:46:28.850+0000] {dag.py:4180} INFO - Setting next_dagrun for f1_medallion_pipeline to None, run_after=None
[2026-06-11T02:46:28.861+0000] {processor.py:208} INFO - Processing /opt/airflow/dags/dag.py took 0.065 seconds
[2026-06-11T02:46:58.968+0000] {processor.py:186} INFO - Started process (PID=39177) to work on /opt/airflow/dags/dag.py
[2026-06-11T02:46:58.969+0000] {processor.py:914} INFO - Processing file /opt/airflow/dags/dag.py for tasks to queue
[2026-06-11T02:46:58.970+0000] {logging_mixin.py:190} INFO - [2026-06-11T02:46:58.970+0000] {dagbag.py:588} INFO - Filling up the DagBag from /opt/airflow/dags/dag.py
[2026-06-11T02:46:58.987+0000] {processor.py:925} INFO - DAG(s) 'f1_medallion_pipeline' retrieved from /opt/airflow/dags/dag.py
[2026-06-11T02:46:59.006+0000] {logging_mixin.py:190} INFO - [2026-06-11T02:46:59.006+0000] {dag.py:3239} INFO - Sync 1 DAGs
[2026-06-11T02:46:59.014+0000] {logging_mixin.py:190} INFO - [2026-06-11T02:46:59.014+0000] {dag.py:4180} INFO - Setting next_dagrun for f1_medallion_pipeline to None, run_after=None
[2026-06-11T02:46:59.025+0000] {processor.py:208} INFO - Processing /opt/airflow/dags/dag.py took 0.064 seconds
[2026-06-11T02:47:29.139+0000] {processor.py:186} INFO - Started process (PID=39182) to work on /opt/airflow/dags/dag.py
[2026-06-11T02:47:29.139+0000] {processor.py:914} INFO - Processing file /opt/airflow/dags/dag.py for tasks to queue
[2026-06-11T02:47:29.140+0000] {logging_mixin.py:190} INFO - [2026-06-11T02:47:29.140+0000] {dagbag.py:588} INFO - Filling up the DagBag from /opt/airflow/dags/dag.py
[2026-06-11T02:47:29.156+0000] {processor.py:925} INFO - DAG(s) 'f1_medallion_pipeline' retrieved from /opt/airflow/dags/dag.py
[2026-06-11T02:47:29.176+0000] {logging_mixin.py:190} INFO - [2026-06-11T02:47:29.176+0000] {dag.py:3239} INFO - Sync 1 DAGs
[2026-06-11T02:47:29.184+0000] {logging_mixin.py:190} INFO - [2026-06-11T02:47:29.184+0000] {dag.py:4180} INFO - Setting next_dagrun for f1_medallion_pipeline to None, run_after=None
[2026-06-11T02:47:29.197+0000] {processor.py:208} INFO - Processing /opt/airflow/dags/dag.py took 0.065 seconds
[2026-06-11T02:47:59.298+0000] {processor.py:186} INFO - Started process (PID=39187) to work on /opt/airflow/dags/dag.py
[2026-06-11T02:47:59.299+0000] {processor.py:914} INFO - Processing file /opt/airflow/dags/dag.py for tasks to queue
[2026-06-11T02:47:59.300+0000] {logging_mixin.py:190} INFO - [2026-06-11T02:47:59.300+0000] {dagbag.py:588} INFO - Filling up the DagBag from /opt/airflow/dags/dag.py
[2026-06-11T02:47:59.316+0000] {processor.py:925} INFO - DAG(s) 'f1_medallion_pipeline' retrieved from /opt/airflow/dags/dag.py
[2026-06-11T02:47:59.335+0000] {logging_mixin.py:190} INFO - [2026-06-11T02:47:59.335+0000] {dag.py:3239} INFO - Sync 1 DAGs
[2026-06-11T02:47:59.343+0000] {logging_mixin.py:190} INFO - [2026-06-11T02:47:59.343+0000] {dag.py:4180} INFO - Setting next_dagrun for f1_medallion_pipeline to None, run_after=None
[2026-06-11T02:47:59.355+0000] {processor.py:208} INFO - Processing /opt/airflow/dags/dag.py took 0.064 seconds
[2026-06-11T02:48:29.476+0000] {processor.py:186} INFO - Started process (PID=39192) to work on /opt/airflow/dags/dag.py
[2026-06-11T02:48:29.476+0000] {processor.py:914} INFO - Processing file /opt/airflow/dags/dag.py for tasks to queue
[2026-06-11T02:48:29.478+0000] {logging_mixin.py:190} INFO - [2026-06-11T02:48:29.478+0000] {dagbag.py:588} INFO - Filling up the DagBag from /opt/airflow/dags/dag.py
[2026-06-11T02:48:29.495+0000] {processor.py:925} INFO - DAG(s) 'f1_medallion_pipeline' retrieved from /opt/airflow/dags/dag.py
[2026-06-11T02:48:29.515+0000] {logging_mixin.py:190} INFO - [2026-06-11T02:48:29.515+0000] {dag.py:3239} INFO - Sync 1 DAGs
[2026-06-11T02:48:29.523+0000] {logging_mixin.py:190} INFO - [2026-06-11T02:48:29.523+0000] {dag.py:4180} INFO - Setting next_dagrun for f1_medallion_pipeline to None, run_after=None
[2026-06-11T02:48:29.534+0000] {processor.py:208} INFO - Processing /opt/airflow/dags/dag.py took 0.066 seconds
[2026-06-11T02:48:59.637+0000] {processor.py:186} INFO - Started process (PID=39197) to work on /opt/airflow/dags/dag.py
[2026-06-11T02:48:59.638+0000] {processor.py:914} INFO - Processing file /opt/airflow/dags/dag.py for tasks to queue
[2026-06-11T02:48:59.640+0000] {logging_mixin.py:190} INFO - [2026-06-11T02:48:59.640+0000] {dagbag.py:588} INFO - Filling up the DagBag from /opt/airflow/dags/dag.py
[2026-06-11T02:48:59.661+0000] {processor.py:925} INFO - DAG(s) 'f1_medallion_pipeline' retrieved from /opt/airflow/dags/dag.py
[2026-06-11T02:48:59.683+0000] {logging_mixin.py:190} INFO - [2026-06-11T02:48:59.683+0000] {dag.py:3239} INFO - Sync 1 DAGs
[2026-06-11T02:48:59.692+0000] {logging_mixin.py:190} INFO - [2026-06-11T02:48:59.692+0000] {dag.py:4180} INFO - Setting next_dagrun for f1_medallion_pipeline to None, run_after=None
[2026-06-11T02:48:59.703+0000] {processor.py:208} INFO - Processing /opt/airflow/dags/dag.py took 0.074 seconds
[2026-06-11T02:49:29.829+0000] {processor.py:186} INFO - Started process (PID=39202) to work on /opt/airflow/dags/dag.py
[2026-06-11T02:49:29.830+0000] {processor.py:914} INFO - Processing file /opt/airflow/dags/dag.py for tasks to queue
[2026-06-11T02:49:29.831+0000] {logging_mixin.py:190} INFO - [2026-06-11T02:49:29.831+0000] {dagbag.py:588} INFO - Filling up the DagBag from /opt/airflow/dags/dag.py
[2026-06-11T02:49:29.847+0000] {processor.py:925} INFO - DAG(s) 'f1_medallion_pipeline' retrieved from /opt/airflow/dags/dag.py
[2026-06-11T02:49:29.865+0000] {logging_mixin.py:190} INFO - [2026-06-11T02:49:29.865+0000] {dag.py:3239} INFO - Sync 1 DAGs
[2026-06-11T02:49:29.873+0000] {logging_mixin.py:190} INFO - [2026-06-11T02:49:29.873+0000] {dag.py:4180} INFO - Setting next_dagrun for f1_medallion_pipeline to None, run_after=None
[2026-06-11T02:49:29.885+0000] {processor.py:208} INFO - Processing /opt/airflow/dags/dag.py took 0.062 seconds
[2026-06-11T02:49:59.987+0000] {processor.py:186} INFO - Started process (PID=39207) to work on /opt/airflow/dags/dag.py
[2026-06-11T02:49:59.988+0000] {processor.py:914} INFO - Processing file /opt/airflow/dags/dag.py for tasks to queue
[2026-06-11T02:49:59.989+0000] {logging_mixin.py:190} INFO - [2026-06-11T02:49:59.989+0000] {dagbag.py:588} INFO - Filling up the DagBag from /opt/airflow/dags/dag.py
[2026-06-11T02:50:00.008+0000] {processor.py:925} INFO - DAG(s) 'f1_medallion_pipeline' retrieved from /opt/airflow/dags/dag.py
[2026-06-11T02:50:00.029+0000] {logging_mixin.py:190} INFO - [2026-06-11T02:50:00.029+0000] {dag.py:3239} INFO - Sync 1 DAGs
[2026-06-11T02:50:00.037+0000] {logging_mixin.py:190} INFO - [2026-06-11T02:50:00.037+0000] {dag.py:4180} INFO - Setting next_dagrun for f1_medallion_pipeline to None, run_after=None
[2026-06-11T02:50:00.050+0000] {processor.py:208} INFO - Processing /opt/airflow/dags/dag.py took 0.071 seconds
[2026-06-11T02:50:30.186+0000] {processor.py:186} INFO - Started process (PID=39212) to work on /opt/airflow/dags/dag.py
[2026-06-11T02:50:30.186+0000] {processor.py:914} INFO - Processing file /opt/airflow/dags/dag.py for tasks to queue
[2026-06-11T02:50:30.188+0000] {logging_mixin.py:190} INFO - [2026-06-11T02:50:30.188+0000] {dagbag.py:588} INFO - Filling up the DagBag from /opt/airflow/dags/dag.py
[2026-06-11T02:50:30.206+0000] {processor.py:925} INFO - DAG(s) 'f1_medallion_pipeline' retrieved from /opt/airflow/dags/dag.py
[2026-06-11T02:50:30.227+0000] {logging_mixin.py:190} INFO - [2026-06-11T02:50:30.226+0000] {dag.py:3239} INFO - Sync 1 DAGs
[2026-06-11T02:50:30.236+0000] {logging_mixin.py:190} INFO - [2026-06-11T02:50:30.236+0000] {dag.py:4180} INFO - Setting next_dagrun for f1_medallion_pipeline to None, run_after=None
[2026-06-11T02:50:30.249+0000] {processor.py:208} INFO - Processing /opt/airflow/dags/dag.py took 0.070 seconds
[2026-06-11T02:51:00.342+0000] {processor.py:186} INFO - Started process (PID=39217) to work on /opt/airflow/dags/dag.py
[2026-06-11T02:51:00.342+0000] {processor.py:914} INFO - Processing file /opt/airflow/dags/dag.py for tasks to queue
[2026-06-11T02:51:00.344+0000] {logging_mixin.py:190} INFO - [2026-06-11T02:51:00.344+0000] {dagbag.py:588} INFO - Filling up the DagBag from /opt/airflow/dags/dag.py
[2026-06-11T02:51:00.361+0000] {processor.py:925} INFO - DAG(s) 'f1_medallion_pipeline' retrieved from /opt/airflow/dags/dag.py
[2026-06-11T02:51:00.383+0000] {logging_mixin.py:190} INFO - [2026-06-11T02:51:00.383+0000] {dag.py:3239} INFO - Sync 1 DAGs
[2026-06-11T02:51:00.391+0000] {logging_mixin.py:190} INFO - [2026-06-11T02:51:00.391+0000] {dag.py:4180} INFO - Setting next_dagrun for f1_medallion_pipeline to None, run_after=None
[2026-06-11T02:51:00.404+0000] {processor.py:208} INFO - Processing /opt/airflow/dags/dag.py took 0.069 seconds
[2026-06-11T02:51:30.536+0000] {processor.py:186} INFO - Started process (PID=39222) to work on /opt/airflow/dags/dag.py
[2026-06-11T02:51:30.537+0000] {processor.py:914} INFO - Processing file /opt/airflow/dags/dag.py for tasks to queue
[2026-06-11T02:51:30.538+0000] {logging_mixin.py:190} INFO - [2026-06-11T02:51:30.538+0000] {dagbag.py:588} INFO - Filling up the DagBag from /opt/airflow/dags/dag.py
[2026-06-11T02:51:30.557+0000] {processor.py:925} INFO - DAG(s) 'f1_medallion_pipeline' retrieved from /opt/airflow/dags/dag.py
[2026-06-11T02:51:30.576+0000] {logging_mixin.py:190} INFO - [2026-06-11T02:51:30.576+0000] {dag.py:3239} INFO - Sync 1 DAGs
[2026-06-11T02:51:30.584+0000] {logging_mixin.py:190} INFO - [2026-06-11T02:51:30.584+0000] {dag.py:4180} INFO - Setting next_dagrun for f1_medallion_pipeline to None, run_after=None
[2026-06-11T02:51:30.596+0000] {processor.py:208} INFO - Processing /opt/airflow/dags/dag.py took 0.068 seconds
[2026-06-11T02:52:00.703+0000] {processor.py:186} INFO - Started process (PID=39227) to work on /opt/airflow/dags/dag.py
[2026-06-11T02:52:00.703+0000] {processor.py:914} INFO - Processing file /opt/airflow/dags/dag.py for tasks to queue
[2026-06-11T02:52:00.705+0000] {logging_mixin.py:190} INFO - [2026-06-11T02:52:00.705+0000] {dagbag.py:588} INFO - Filling up the DagBag from /opt/airflow/dags/dag.py
[2026-06-11T02:52:00.722+0000] {processor.py:925} INFO - DAG(s) 'f1_medallion_pipeline' retrieved from /opt/airflow/dags/dag.py
[2026-06-11T02:52:00.746+0000] {logging_mixin.py:190} INFO - [2026-06-11T02:52:00.745+0000] {dag.py:3239} INFO - Sync 1 DAGs
[2026-06-11T02:52:00.754+0000] {logging_mixin.py:190} INFO - [2026-06-11T02:52:00.754+0000] {dag.py:4180} INFO - Setting next_dagrun for f1_medallion_pipeline to None, run_after=None
[2026-06-11T02:52:00.765+0000] {processor.py:208} INFO - Processing /opt/airflow/dags/dag.py took 0.070 seconds
[2026-06-11T02:52:30.886+0000] {processor.py:186} INFO - Started process (PID=39232) to work on /opt/airflow/dags/dag.py
[2026-06-11T02:52:30.887+0000] {processor.py:914} INFO - Processing file /opt/airflow/dags/dag.py for tasks to queue
[2026-06-11T02:52:30.888+0000] {logging_mixin.py:190} INFO - [2026-06-11T02:52:30.888+0000] {dagbag.py:588} INFO - Filling up the DagBag from /opt/airflow/dags/dag.py
[2026-06-11T02:52:30.904+0000] {processor.py:925} INFO - DAG(s) 'f1_medallion_pipeline' retrieved from /opt/airflow/dags/dag.py
[2026-06-11T02:52:30.924+0000] {logging_mixin.py:190} INFO - [2026-06-11T02:52:30.924+0000] {dag.py:3239} INFO - Sync 1 DAGs
[2026-06-11T02:52:30.932+0000] {logging_mixin.py:190} INFO - [2026-06-11T02:52:30.931+0000] {dag.py:4180} INFO - Setting next_dagrun for f1_medallion_pipeline to None, run_after=None
[2026-06-11T02:52:30.943+0000] {processor.py:208} INFO - Processing /opt/airflow/dags/dag.py took 0.063 seconds
[2026-06-11T02:53:01.052+0000] {processor.py:186} INFO - Started process (PID=39237) to work on /opt/airflow/dags/dag.py
[2026-06-11T02:53:01.052+0000] {processor.py:914} INFO - Processing file /opt/airflow/dags/dag.py for tasks to queue
[2026-06-11T02:53:01.054+0000] {logging_mixin.py:190} INFO - [2026-06-11T02:53:01.054+0000] {dagbag.py:588} INFO - Filling up the DagBag from /opt/airflow/dags/dag.py
[2026-06-11T02:53:01.072+0000] {processor.py:925} INFO - DAG(s) 'f1_medallion_pipeline' retrieved from /opt/airflow/dags/dag.py
[2026-06-11T02:53:01.091+0000] {logging_mixin.py:190} INFO - [2026-06-11T02:53:01.091+0000] {dag.py:3239} INFO - Sync 1 DAGs
[2026-06-11T02:53:01.099+0000] {logging_mixin.py:190} INFO - [2026-06-11T02:53:01.099+0000] {dag.py:4180} INFO - Setting next_dagrun for f1_medallion_pipeline to None, run_after=None
[2026-06-11T02:53:01.111+0000] {processor.py:208} INFO - Processing /opt/airflow/dags/dag.py took 0.067 seconds
[2026-06-11T02:53:31.237+0000] {processor.py:186} INFO - Started process (PID=39242) to work on /opt/airflow/dags/dag.py
[2026-06-11T02:53:31.237+0000] {processor.py:914} INFO - Processing file /opt/airflow/dags/dag.py for tasks to queue
[2026-06-11T02:53:31.239+0000] {logging_mixin.py:190} INFO - [2026-06-11T02:53:31.239+0000] {dagbag.py:588} INFO - Filling up the DagBag from /opt/airflow/dags/dag.py
[2026-06-11T02:53:31.256+0000] {processor.py:925} INFO - DAG(s) 'f1_medallion_pipeline' retrieved from /opt/airflow/dags/dag.py
[2026-06-11T02:53:31.275+0000] {logging_mixin.py:190} INFO - [2026-06-11T02:53:31.275+0000] {dag.py:3239} INFO - Sync 1 DAGs
[2026-06-11T02:53:31.283+0000] {logging_mixin.py:190} INFO - [2026-06-11T02:53:31.283+0000] {dag.py:4180} INFO - Setting next_dagrun for f1_medallion_pipeline to None, run_after=None
[2026-06-11T02:53:31.294+0000] {processor.py:208} INFO - Processing /opt/airflow/dags/dag.py took 0.064 seconds
[2026-06-11T02:54:01.406+0000] {processor.py:186} INFO - Started process (PID=39247) to work on /opt/airflow/dags/dag.py
[2026-06-11T02:54:01.407+0000] {processor.py:914} INFO - Processing file /opt/airflow/dags/dag.py for tasks to queue
[2026-06-11T02:54:01.408+0000] {logging_mixin.py:190} INFO - [2026-06-11T02:54:01.408+0000] {dagbag.py:588} INFO - Filling up the DagBag from /opt/airflow/dags/dag.py
[2026-06-11T02:54:01.425+0000] {processor.py:925} INFO - DAG(s) 'f1_medallion_pipeline' retrieved from /opt/airflow/dags/dag.py
[2026-06-11T02:54:01.446+0000] {logging_mixin.py:190} INFO - [2026-06-11T02:54:01.446+0000] {dag.py:3239} INFO - Sync 1 DAGs
[2026-06-11T02:54:01.454+0000] {logging_mixin.py:190} INFO - [2026-06-11T02:54:01.454+0000] {dag.py:4180} INFO - Setting next_dagrun for f1_medallion_pipeline to None, run_after=None
[2026-06-11T02:54:01.465+0000] {processor.py:208} INFO - Processing /opt/airflow/dags/dag.py took 0.066 seconds
[2026-06-11T02:54:31.569+0000] {processor.py:186} INFO - Started process (PID=39252) to work on /opt/airflow/dags/dag.py
[2026-06-11T02:54:31.569+0000] {processor.py:914} INFO - Processing file /opt/airflow/dags/dag.py for tasks to queue
[2026-06-11T02:54:31.571+0000] {logging_mixin.py:190} INFO - [2026-06-11T02:54:31.570+0000] {dagbag.py:588} INFO - Filling up the DagBag from /opt/airflow/dags/dag.py
[2026-06-11T02:54:31.587+0000] {processor.py:925} INFO - DAG(s) 'f1_medallion_pipeline' retrieved from /opt/airflow/dags/dag.py
[2026-06-11T02:54:31.606+0000] {logging_mixin.py:190} INFO - [2026-06-11T02:54:31.606+0000] {dag.py:3239} INFO - Sync 1 DAGs
[2026-06-11T02:54:31.614+0000] {logging_mixin.py:190} INFO - [2026-06-11T02:54:31.614+0000] {dag.py:4180} INFO - Setting next_dagrun for f1_medallion_pipeline to None, run_after=None
[2026-06-11T02:54:31.627+0000] {processor.py:208} INFO - Processing /opt/airflow/dags/dag.py took 0.065 seconds
[2026-06-11T02:55:01.770+0000] {processor.py:186} INFO - Started process (PID=39257) to work on /opt/airflow/dags/dag.py
[2026-06-11T02:55:01.770+0000] {processor.py:914} INFO - Processing file /opt/airflow/dags/dag.py for tasks to queue
[2026-06-11T02:55:01.772+0000] {logging_mixin.py:190} INFO - [2026-06-11T02:55:01.772+0000] {dagbag.py:588} INFO - Filling up the DagBag from /opt/airflow/dags/dag.py
[2026-06-11T02:55:01.790+0000] {processor.py:925} INFO - DAG(s) 'f1_medallion_pipeline' retrieved from /opt/airflow/dags/dag.py
[2026-06-11T02:55:01.810+0000] {logging_mixin.py:190} INFO - [2026-06-11T02:55:01.810+0000] {dag.py:3239} INFO - Sync 1 DAGs
[2026-06-11T02:55:01.818+0000] {logging_mixin.py:190} INFO - [2026-06-11T02:55:01.818+0000] {dag.py:4180} INFO - Setting next_dagrun for f1_medallion_pipeline to None, run_after=None
[2026-06-11T02:55:01.830+0000] {processor.py:208} INFO - Processing /opt/airflow/dags/dag.py took 0.067 seconds
[2026-06-11T02:55:31.925+0000] {processor.py:186} INFO - Started process (PID=39262) to work on /opt/airflow/dags/dag.py
[2026-06-11T02:55:31.926+0000] {processor.py:914} INFO - Processing file /opt/airflow/dags/dag.py for tasks to queue
[2026-06-11T02:55:31.928+0000] {logging_mixin.py:190} INFO - [2026-06-11T02:55:31.927+0000] {dagbag.py:588} INFO - Filling up the DagBag from /opt/airflow/dags/dag.py
[2026-06-11T02:55:31.944+0000] {processor.py:925} INFO - DAG(s) 'f1_medallion_pipeline' retrieved from /opt/airflow/dags/dag.py
[2026-06-11T02:55:31.964+0000] {logging_mixin.py:190} INFO - [2026-06-11T02:55:31.964+0000] {dag.py:3239} INFO - Sync 1 DAGs
[2026-06-11T02:55:31.972+0000] {logging_mixin.py:190} INFO - [2026-06-11T02:55:31.972+0000] {dag.py:4180} INFO - Setting next_dagrun for f1_medallion_pipeline to None, run_after=None
[2026-06-11T02:55:31.985+0000] {processor.py:208} INFO - Processing /opt/airflow/dags/dag.py took 0.067 seconds
[2026-06-11T02:56:02.121+0000] {processor.py:186} INFO - Started process (PID=39267) to work on /opt/airflow/dags/dag.py
[2026-06-11T02:56:02.122+0000] {processor.py:914} INFO - Processing file /opt/airflow/dags/dag.py for tasks to queue
[2026-06-11T02:56:02.124+0000] {logging_mixin.py:190} INFO - [2026-06-11T02:56:02.124+0000] {dagbag.py:588} INFO - Filling up the DagBag from /opt/airflow/dags/dag.py
[2026-06-11T02:56:02.140+0000] {processor.py:925} INFO - DAG(s) 'f1_medallion_pipeline' retrieved from /opt/airflow/dags/dag.py
[2026-06-11T02:56:02.161+0000] {logging_mixin.py:190} INFO - [2026-06-11T02:56:02.161+0000] {dag.py:3239} INFO - Sync 1 DAGs
[2026-06-11T02:56:02.170+0000] {logging_mixin.py:190} INFO - [2026-06-11T02:56:02.170+0000] {dag.py:4180} INFO - Setting next_dagrun for f1_medallion_pipeline to None, run_after=None
[2026-06-11T02:56:02.182+0000] {processor.py:208} INFO - Processing /opt/airflow/dags/dag.py took 0.067 seconds
[2026-06-11T02:56:32.277+0000] {processor.py:186} INFO - Started process (PID=39272) to work on /opt/airflow/dags/dag.py
[2026-06-11T02:56:32.277+0000] {processor.py:914} INFO - Processing file /opt/airflow/dags/dag.py for tasks to queue
[2026-06-11T02:56:32.279+0000] {logging_mixin.py:190} INFO - [2026-06-11T02:56:32.278+0000] {dagbag.py:588} INFO - Filling up the DagBag from /opt/airflow/dags/dag.py
[2026-06-11T02:56:32.294+0000] {processor.py:925} INFO - DAG(s) 'f1_medallion_pipeline' retrieved from /opt/airflow/dags/dag.py
[2026-06-11T02:56:32.314+0000] {logging_mixin.py:190} INFO - [2026-06-11T02:56:32.314+0000] {dag.py:3239} INFO - Sync 1 DAGs
[2026-06-11T02:56:32.322+0000] {logging_mixin.py:190} INFO - [2026-06-11T02:56:32.322+0000] {dag.py:4180} INFO - Setting next_dagrun for f1_medallion_pipeline to None, run_after=None
[2026-06-11T02:56:32.333+0000] {processor.py:208} INFO - Processing /opt/airflow/dags/dag.py took 0.064 seconds
[2026-06-11T02:57:02.478+0000] {processor.py:186} INFO - Started process (PID=39277) to work on /opt/airflow/dags/dag.py
[2026-06-11T02:57:02.479+0000] {processor.py:914} INFO - Processing file /opt/airflow/dags/dag.py for tasks to queue
[2026-06-11T02:57:02.480+0000] {logging_mixin.py:190} INFO - [2026-06-11T02:57:02.480+0000] {dagbag.py:588} INFO - Filling up the DagBag from /opt/airflow/dags/dag.py
[2026-06-11T02:57:02.498+0000] {processor.py:925} INFO - DAG(s) 'f1_medallion_pipeline' retrieved from /opt/airflow/dags/dag.py
[2026-06-11T02:57:02.518+0000] {logging_mixin.py:190} INFO - [2026-06-11T02:57:02.518+0000] {dag.py:3239} INFO - Sync 1 DAGs
[2026-06-11T02:57:02.526+0000] {logging_mixin.py:190} INFO - [2026-06-11T02:57:02.526+0000] {dag.py:4180} INFO - Setting next_dagrun for f1_medallion_pipeline to None, run_after=None
[2026-06-11T02:57:02.537+0000] {processor.py:208} INFO - Processing /opt/airflow/dags/dag.py took 0.066 seconds
[2026-06-11T02:57:32.635+0000] {processor.py:186} INFO - Started process (PID=39282) to work on /opt/airflow/dags/dag.py
[2026-06-11T02:57:32.636+0000] {processor.py:914} INFO - Processing file /opt/airflow/dags/dag.py for tasks to queue
[2026-06-11T02:57:32.637+0000] {logging_mixin.py:190} INFO - [2026-06-11T02:57:32.637+0000] {dagbag.py:588} INFO - Filling up the DagBag from /opt/airflow/dags/dag.py
[2026-06-11T02:57:32.653+0000] {processor.py:925} INFO - DAG(s) 'f1_medallion_pipeline' retrieved from /opt/airflow/dags/dag.py
[2026-06-11T02:57:32.672+0000] {logging_mixin.py:190} INFO - [2026-06-11T02:57:32.672+0000] {dag.py:3239} INFO - Sync 1 DAGs
[2026-06-11T02:57:32.680+0000] {logging_mixin.py:190} INFO - [2026-06-11T02:57:32.680+0000] {dag.py:4180} INFO - Setting next_dagrun for f1_medallion_pipeline to None, run_after=None
[2026-06-11T02:57:32.691+0000] {processor.py:208} INFO - Processing /opt/airflow/dags/dag.py took 0.063 seconds
[2026-06-11T02:58:02.838+0000] {processor.py:186} INFO - Started process (PID=39287) to work on /opt/airflow/dags/dag.py
[2026-06-11T02:58:02.838+0000] {processor.py:914} INFO - Processing file /opt/airflow/dags/dag.py for tasks to queue
[2026-06-11T02:58:02.840+0000] {logging_mixin.py:190} INFO - [2026-06-11T02:58:02.840+0000] {dagbag.py:588} INFO - Filling up the DagBag from /opt/airflow/dags/dag.py
[2026-06-11T02:58:02.857+0000] {processor.py:925} INFO - DAG(s) 'f1_medallion_pipeline' retrieved from /opt/airflow/dags/dag.py
[2026-06-11T02:58:02.878+0000] {logging_mixin.py:190} INFO - [2026-06-11T02:58:02.878+0000] {dag.py:3239} INFO - Sync 1 DAGs
[2026-06-11T02:58:02.886+0000] {logging_mixin.py:190} INFO - [2026-06-11T02:58:02.886+0000] {dag.py:4180} INFO - Setting next_dagrun for f1_medallion_pipeline to None, run_after=None
[2026-06-11T02:58:02.898+0000] {processor.py:208} INFO - Processing /opt/airflow/dags/dag.py took 0.068 seconds
[2026-06-11T02:58:32.997+0000] {processor.py:186} INFO - Started process (PID=39292) to work on /opt/airflow/dags/dag.py
[2026-06-11T02:58:32.997+0000] {processor.py:914} INFO - Processing file /opt/airflow/dags/dag.py for tasks to queue
[2026-06-11T02:58:32.999+0000] {logging_mixin.py:190} INFO - [2026-06-11T02:58:32.999+0000] {dagbag.py:588} INFO - Filling up the DagBag from /opt/airflow/dags/dag.py
[2026-06-11T02:58:33.015+0000] {processor.py:925} INFO - DAG(s) 'f1_medallion_pipeline' retrieved from /opt/airflow/dags/dag.py
[2026-06-11T02:58:33.035+0000] {logging_mixin.py:190} INFO - [2026-06-11T02:58:33.034+0000] {dag.py:3239} INFO - Sync 1 DAGs
[2026-06-11T02:58:33.043+0000] {logging_mixin.py:190} INFO - [2026-06-11T02:58:33.043+0000] {dag.py:4180} INFO - Setting next_dagrun for f1_medallion_pipeline to None, run_after=None
[2026-06-11T02:58:33.056+0000] {processor.py:208} INFO - Processing /opt/airflow/dags/dag.py took 0.067 seconds
[2026-06-11T02:59:03.193+0000] {processor.py:186} INFO - Started process (PID=39297) to work on /opt/airflow/dags/dag.py
[2026-06-11T02:59:03.194+0000] {processor.py:914} INFO - Processing file /opt/airflow/dags/dag.py for tasks to queue
[2026-06-11T02:59:03.196+0000] {logging_mixin.py:190} INFO - [2026-06-11T02:59:03.195+0000] {dagbag.py:588} INFO - Filling up the DagBag from /opt/airflow/dags/dag.py
[2026-06-11T02:59:03.211+0000] {processor.py:925} INFO - DAG(s) 'f1_medallion_pipeline' retrieved from /opt/airflow/dags/dag.py
[2026-06-11T02:59:03.231+0000] {logging_mixin.py:190} INFO - [2026-06-11T02:59:03.231+0000] {dag.py:3239} INFO - Sync 1 DAGs
[2026-06-11T02:59:03.240+0000] {logging_mixin.py:190} INFO - [2026-06-11T02:59:03.239+0000] {dag.py:4180} INFO - Setting next_dagrun for f1_medallion_pipeline to None, run_after=None
[2026-06-11T02:59:03.251+0000] {processor.py:208} INFO - Processing /opt/airflow/dags/dag.py took 0.066 seconds
[2026-06-11T02:59:33.352+0000] {processor.py:186} INFO - Started process (PID=39302) to work on /opt/airflow/dags/dag.py
[2026-06-11T02:59:33.352+0000] {processor.py:914} INFO - Processing file /opt/airflow/dags/dag.py for tasks to queue
[2026-06-11T02:59:33.354+0000] {logging_mixin.py:190} INFO - [2026-06-11T02:59:33.354+0000] {dagbag.py:588} INFO - Filling up the DagBag from /opt/airflow/dags/dag.py
[2026-06-11T02:59:33.370+0000] {processor.py:925} INFO - DAG(s) 'f1_medallion_pipeline' retrieved from /opt/airflow/dags/dag.py
[2026-06-11T02:59:33.388+0000] {logging_mixin.py:190} INFO - [2026-06-11T02:59:33.388+0000] {dag.py:3239} INFO - Sync 1 DAGs
[2026-06-11T02:59:33.396+0000] {logging_mixin.py:190} INFO - [2026-06-11T02:59:33.396+0000] {dag.py:4180} INFO - Setting next_dagrun for f1_medallion_pipeline to None, run_after=None
[2026-06-11T02:59:33.408+0000] {processor.py:208} INFO - Processing /opt/airflow/dags/dag.py took 0.063 seconds
[2026-06-11T03:00:03.587+0000] {processor.py:186} INFO - Started process (PID=39307) to work on /opt/airflow/dags/dag.py
[2026-06-11T03:00:03.589+0000] {processor.py:914} INFO - Processing file /opt/airflow/dags/dag.py for tasks to queue
[2026-06-11T03:00:03.590+0000] {logging_mixin.py:190} INFO - [2026-06-11T03:00:03.590+0000] {dagbag.py:588} INFO - Filling up the DagBag from /opt/airflow/dags/dag.py
[2026-06-11T03:00:03.615+0000] {processor.py:925} INFO - DAG(s) 'f1_medallion_pipeline' retrieved from /opt/airflow/dags/dag.py
[2026-06-11T03:00:03.640+0000] {logging_mixin.py:190} INFO - [2026-06-11T03:00:03.640+0000] {dag.py:3239} INFO - Sync 1 DAGs
[2026-06-11T03:00:03.649+0000] {logging_mixin.py:190} INFO - [2026-06-11T03:00:03.649+0000] {dag.py:4180} INFO - Setting next_dagrun for f1_medallion_pipeline to None, run_after=None
[2026-06-11T03:00:03.665+0000] {processor.py:208} INFO - Processing /opt/airflow/dags/dag.py took 0.088 seconds
